1/17/2025, 11:20:58 AM GMT+5:30 [Modules] Modules initializing
1/17/2025, 11:20:58 AM GMT+5:30 [Modules] Distribution: remote
1/17/2025, 11:20:58 AM GMT+5:30 [Modules] Host updates: enabled
1/17/2025, 11:20:58 AM GMT+5:30 [Modules] Module updates: enabled
1/17/2025, 11:20:58 AM GMT+5:30 [Modules] Module install path: /home/ithihas/.config/discord/0.0.80/modules
1/17/2025, 11:20:58 AM GMT+5:30 [Modules] Module installed file path: /home/ithihas/.config/discord/0.0.80/modules/installed.json
1/17/2025, 11:20:58 AM GMT+5:30 [Modules] Module download path: /home/ithihas/.config/discord/0.0.80/modules/pending
1/17/2025, 11:20:58 AM GMT+5:30 [Modules] Bootstrapping...
1/17/2025, 11:20:58 AM GMT+5:30 [Modules] Installing discord_desktop_core@0 from /opt/discord/resources/bootstrap/discord_desktop_core.zip
1/17/2025, 11:20:58 AM GMT+5:30 [Modules] Failed installing discord_desktop_core@0: Error: ENOENT: no such file or directory, open '/opt/discord/resources/bootstrap/discord_desktop_core.zip'
1/17/2025, 11:20:58 AM GMT+5:30 [Modules] Installing discord_erlpack@0 from /opt/discord/resources/bootstrap/discord_erlpack.zip
1/17/2025, 11:20:58 AM GMT+5:30 [Modules] Failed installing discord_erlpack@0: Error: ENOENT: no such file or directory, open '/opt/discord/resources/bootstrap/discord_erlpack.zip'
1/17/2025, 11:20:58 AM GMT+5:30 [Modules] Installing discord_spellcheck@0 from /opt/discord/resources/bootstrap/discord_spellcheck.zip
1/17/2025, 11:20:58 AM GMT+5:30 [Modules] Failed installing discord_spellcheck@0: Error: ENOENT: no such file or directory, open '/opt/discord/resources/bootstrap/discord_spellcheck.zip'
1/17/2025, 11:20:58 AM GMT+5:30 [Modules] Installing discord_utils@0 from /opt/discord/resources/bootstrap/discord_utils.zip
1/17/2025, 11:20:58 AM GMT+5:30 [Modules] Failed installing discord_utils@0: Error: ENOENT: no such file or directory, open '/opt/discord/resources/bootstrap/discord_utils.zip'
1/17/2025, 11:20:58 AM GMT+5:30 [Modules] Installing discord_voice@0 from /opt/discord/resources/bootstrap/discord_voice.zip
1/17/2025, 11:20:58 AM GMT+5:30 [Modules] Failed installing discord_voice@0: Error: ENOENT: no such file or directory, open '/opt/discord/resources/bootstrap/discord_voice.zip'
1/17/2025, 11:20:58 AM GMT+5:30 [Modules] Installing discord_zstd@0 from /opt/discord/resources/bootstrap/discord_zstd.zip
1/17/2025, 11:20:58 AM GMT+5:30 [Modules] Failed installing discord_zstd@0: Error: ENOENT: no such file or directory, open '/opt/discord/resources/bootstrap/discord_zstd.zip'
1/17/2025, 11:20:58 AM GMT+5:30 [Modules] Finished module installations. [success: 0] [failure: 6]
1/17/2025, 11:20:58 AM GMT+5:30 [Modules] Checking for host updates.
1/17/2025, 11:20:59 AM GMT+5:30 [Modules] Host is up to date.
1/17/2025, 11:20:59 AM GMT+5:30 [Modules] Checking for module updates at https://discord.com/api/modules/stable/versions.json
1/17/2025, 11:20:59 AM GMT+5:30 [Modules] Module update available: discord_desktop_core@1 [installed: 0]
1/17/2025, 11:20:59 AM GMT+5:30 [Modules] Module update available: discord_erlpack@1 [installed: 0]
1/17/2025, 11:20:59 AM GMT+5:30 [Modules] Module update available: discord_spellcheck@1 [installed: 0]
1/17/2025, 11:20:59 AM GMT+5:30 [Modules] Module update available: discord_utils@1 [installed: 0]
1/17/2025, 11:20:59 AM GMT+5:30 [Modules] Module update available: discord_voice@1 [installed: 0]
1/17/2025, 11:20:59 AM GMT+5:30 [Modules] Module update available: discord_zstd@1 [installed: 0]
1/17/2025, 11:20:59 AM GMT+5:30 [Modules] Fetching discord_desktop_core@1 from https://discord.com/api/modules/stable/discord_desktop_core/1
1/17/2025, 11:20:59 AM GMT+5:30 [Modules] Streaming discord_desktop_core@1 to /home/ithihas/.config/discord/0.0.80/modules/pending/discord_desktop_core-1.zip
1/17/2025, 11:20:59 AM GMT+5:30 [Modules] Streaming discord_desktop_core@1 to /home/ithihas/.config/discord/0.0.80/modules/pending/discord_desktop_core-1.zip: 1%
1/17/2025, 11:20:59 AM GMT+5:30 [Modules] Streaming discord_desktop_core@1 to /home/ithihas/.config/discord/0.0.80/modules/pending/discord_desktop_core-1.zip: 2%
1/17/2025, 11:20:59 AM GMT+5:30 [Modules] Streaming discord_desktop_core@1 to /home/ithihas/.config/discord/0.0.80/modules/pending/discord_desktop_core-1.zip: 3%
1/17/2025, 11:20:59 AM GMT+5:30 [Modules] Streaming discord_desktop_core@1 to /home/ithihas/.config/discord/0.0.80/modules/pending/discord_desktop_core-1.zip: 5%
1/17/2025, 11:20:59 AM GMT+5:30 [Modules] Streaming discord_desktop_core@1 to /home/ithihas/.config/discord/0.0.80/modules/pending/discord_desktop_core-1.zip: 6%
1/17/2025, 11:20:59 AM GMT+5:30 [Modules] Streaming discord_desktop_core@1 to /home/ithihas/.config/discord/0.0.80/modules/pending/discord_desktop_core-1.zip: 7%
1/17/2025, 11:20:59 AM GMT+5:30 [Modules] Streaming discord_desktop_core@1 to /home/ithihas/.config/discord/0.0.80/modules/pending/discord_desktop_core-1.zip: 8%
1/17/2025, 11:20:59 AM GMT+5:30 [Modules] Streaming discord_desktop_core@1 to /home/ithihas/.config/discord/0.0.80/modules/pending/discord_desktop_core-1.zip: 9%
1/17/2025, 11:20:59 AM GMT+5:30 [Modules] Streaming discord_desktop_core@1 to /home/ithihas/.config/discord/0.0.80/modules/pending/discord_desktop_core-1.zip: 10%
1/17/2025, 11:20:59 AM GMT+5:30 [Modules] Streaming discord_desktop_core@1 to /home/ithihas/.config/discord/0.0.80/modules/pending/discord_desktop_core-1.zip: 11%
1/17/2025, 11:20:59 AM GMT+5:30 [Modules] Streaming discord_desktop_core@1 to /home/ithihas/.config/discord/0.0.80/modules/pending/discord_desktop_core-1.zip: 12%
1/17/2025, 11:20:59 AM GMT+5:30 [Modules] Streaming discord_desktop_core@1 to /home/ithihas/.config/discord/0.0.80/modules/pending/discord_desktop_core-1.zip: 13%
1/17/2025, 11:20:59 AM GMT+5:30 [Modules] Streaming discord_desktop_core@1 to /home/ithihas/.config/discord/0.0.80/modules/pending/discord_desktop_core-1.zip: 14%
1/17/2025, 11:20:59 AM GMT+5:30 [Modules] Streaming discord_desktop_core@1 to /home/ithihas/.config/discord/0.0.80/modules/pending/discord_desktop_core-1.zip: 15%
1/17/2025, 11:20:59 AM GMT+5:30 [Modules] Streaming discord_desktop_core@1 to /home/ithihas/.config/discord/0.0.80/modules/pending/discord_desktop_core-1.zip: 16%
1/17/2025, 11:20:59 AM GMT+5:30 [Modules] Streaming discord_desktop_core@1 to /home/ithihas/.config/discord/0.0.80/modules/pending/discord_desktop_core-1.zip: 17%
1/17/2025, 11:20:59 AM GMT+5:30 [Modules] Streaming discord_desktop_core@1 to /home/ithihas/.config/discord/0.0.80/modules/pending/discord_desktop_core-1.zip: 18%
1/17/2025, 11:20:59 AM GMT+5:30 [Modules] Streaming discord_desktop_core@1 to /home/ithihas/.config/discord/0.0.80/modules/pending/discord_desktop_core-1.zip: 19%
1/17/2025, 11:20:59 AM GMT+5:30 [Modules] Streaming discord_desktop_core@1 to /home/ithihas/.config/discord/0.0.80/modules/pending/discord_desktop_core-1.zip: 20%
1/17/2025, 11:20:59 AM GMT+5:30 [Modules] Streaming discord_desktop_core@1 to /home/ithihas/.config/discord/0.0.80/modules/pending/discord_desktop_core-1.zip: 21%
1/17/2025, 11:20:59 AM GMT+5:30 [Modules] Streaming discord_desktop_core@1 to /home/ithihas/.config/discord/0.0.80/modules/pending/discord_desktop_core-1.zip: 22%
1/17/2025, 11:20:59 AM GMT+5:30 [Modules] Streaming discord_desktop_core@1 to /home/ithihas/.config/discord/0.0.80/modules/pending/discord_desktop_core-1.zip: 23%
1/17/2025, 11:20:59 AM GMT+5:30 [Modules] Streaming discord_desktop_core@1 to /home/ithihas/.config/discord/0.0.80/modules/pending/discord_desktop_core-1.zip: 25%
1/17/2025, 11:20:59 AM GMT+5:30 [Modules] Streaming discord_desktop_core@1 to /home/ithihas/.config/discord/0.0.80/modules/pending/discord_desktop_core-1.zip: 27%
1/17/2025, 11:20:59 AM GMT+5:30 [Modules] Streaming discord_desktop_core@1 to /home/ithihas/.config/discord/0.0.80/modules/pending/discord_desktop_core-1.zip: 28%
1/17/2025, 11:20:59 AM GMT+5:30 [Modules] Streaming discord_desktop_core@1 to /home/ithihas/.config/discord/0.0.80/modules/pending/discord_desktop_core-1.zip: 29%
1/17/2025, 11:20:59 AM GMT+5:30 [Modules] Streaming discord_desktop_core@1 to /home/ithihas/.config/discord/0.0.80/modules/pending/discord_desktop_core-1.zip: 30%
1/17/2025, 11:20:59 AM GMT+5:30 [Modules] Streaming discord_desktop_core@1 to /home/ithihas/.config/discord/0.0.80/modules/pending/discord_desktop_core-1.zip: 31%
1/17/2025, 11:20:59 AM GMT+5:30 [Modules] Streaming discord_desktop_core@1 to /home/ithihas/.config/discord/0.0.80/modules/pending/discord_desktop_core-1.zip: 32%
1/17/2025, 11:21:00 AM GMT+5:30 [Modules] Streaming discord_desktop_core@1 to /home/ithihas/.config/discord/0.0.80/modules/pending/discord_desktop_core-1.zip: 33%
1/17/2025, 11:21:00 AM GMT+5:30 [Modules] Streaming discord_desktop_core@1 to /home/ithihas/.config/discord/0.0.80/modules/pending/discord_desktop_core-1.zip: 34%
1/17/2025, 11:21:00 AM GMT+5:30 [Modules] Streaming discord_desktop_core@1 to /home/ithihas/.config/discord/0.0.80/modules/pending/discord_desktop_core-1.zip: 36%
1/17/2025, 11:21:00 AM GMT+5:30 [Modules] Streaming discord_desktop_core@1 to /home/ithihas/.config/discord/0.0.80/modules/pending/discord_desktop_core-1.zip: 37%
1/17/2025, 11:21:00 AM GMT+5:30 [Modules] Streaming discord_desktop_core@1 to /home/ithihas/.config/discord/0.0.80/modules/pending/discord_desktop_core-1.zip: 39%
1/17/2025, 11:21:00 AM GMT+5:30 [Modules] Streaming discord_desktop_core@1 to /home/ithihas/.config/discord/0.0.80/modules/pending/discord_desktop_core-1.zip: 40%
1/17/2025, 11:21:00 AM GMT+5:30 [Modules] Streaming discord_desktop_core@1 to /home/ithihas/.config/discord/0.0.80/modules/pending/discord_desktop_core-1.zip: 41%
1/17/2025, 11:21:00 AM GMT+5:30 [Modules] Streaming discord_desktop_core@1 to /home/ithihas/.config/discord/0.0.80/modules/pending/discord_desktop_core-1.zip: 43%
1/17/2025, 11:21:00 AM GMT+5:30 [Modules] Streaming discord_desktop_core@1 to /home/ithihas/.config/discord/0.0.80/modules/pending/discord_desktop_core-1.zip: 44%
1/17/2025, 11:21:00 AM GMT+5:30 [Modules] Streaming discord_desktop_core@1 to /home/ithihas/.config/discord/0.0.80/modules/pending/discord_desktop_core-1.zip: 45%
1/17/2025, 11:21:00 AM GMT+5:30 [Modules] Streaming discord_desktop_core@1 to /home/ithihas/.config/discord/0.0.80/modules/pending/discord_desktop_core-1.zip: 46%
1/17/2025, 11:21:00 AM GMT+5:30 [Modules] Streaming discord_desktop_core@1 to /home/ithihas/.config/discord/0.0.80/modules/pending/discord_desktop_core-1.zip: 47%
1/17/2025, 11:21:00 AM GMT+5:30 [Modules] Streaming discord_desktop_core@1 to /home/ithihas/.config/discord/0.0.80/modules/pending/discord_desktop_core-1.zip: 48%
1/17/2025, 11:21:00 AM GMT+5:30 [Modules] Streaming discord_desktop_core@1 to /home/ithihas/.config/discord/0.0.80/modules/pending/discord_desktop_core-1.zip: 49%
1/17/2025, 11:21:00 AM GMT+5:30 [Modules] Streaming discord_desktop_core@1 to /home/ithihas/.config/discord/0.0.80/modules/pending/discord_desktop_core-1.zip: 51%
1/17/2025, 11:21:00 AM GMT+5:30 [Modules] Streaming discord_desktop_core@1 to /home/ithihas/.config/discord/0.0.80/modules/pending/discord_desktop_core-1.zip: 53%
1/17/2025, 11:21:00 AM GMT+5:30 [Modules] Streaming discord_desktop_core@1 to /home/ithihas/.config/discord/0.0.80/modules/pending/discord_desktop_core-1.zip: 54%
1/17/2025, 11:21:00 AM GMT+5:30 [Modules] Streaming discord_desktop_core@1 to /home/ithihas/.config/discord/0.0.80/modules/pending/discord_desktop_core-1.zip: 55%
1/17/2025, 11:21:00 AM GMT+5:30 [Modules] Streaming discord_desktop_core@1 to /home/ithihas/.config/discord/0.0.80/modules/pending/discord_desktop_core-1.zip: 56%
1/17/2025, 11:21:00 AM GMT+5:30 [Modules] Streaming discord_desktop_core@1 to /home/ithihas/.config/discord/0.0.80/modules/pending/discord_desktop_core-1.zip: 57%
1/17/2025, 11:21:00 AM GMT+5:30 [Modules] Streaming discord_desktop_core@1 to /home/ithihas/.config/discord/0.0.80/modules/pending/discord_desktop_core-1.zip: 59%
1/17/2025, 11:21:00 AM GMT+5:30 [Modules] Streaming discord_desktop_core@1 to /home/ithihas/.config/discord/0.0.80/modules/pending/discord_desktop_core-1.zip: 61%
1/17/2025, 11:21:00 AM GMT+5:30 [Modules] Streaming discord_desktop_core@1 to /home/ithihas/.config/discord/0.0.80/modules/pending/discord_desktop_core-1.zip: 62%
1/17/2025, 11:21:00 AM GMT+5:30 [Modules] Streaming discord_desktop_core@1 to /home/ithihas/.config/discord/0.0.80/modules/pending/discord_desktop_core-1.zip: 63%
1/17/2025, 11:21:00 AM GMT+5:30 [Modules] Streaming discord_desktop_core@1 to /home/ithihas/.config/discord/0.0.80/modules/pending/discord_desktop_core-1.zip: 64%
1/17/2025, 11:21:00 AM GMT+5:30 [Modules] Streaming discord_desktop_core@1 to /home/ithihas/.config/discord/0.0.80/modules/pending/discord_desktop_core-1.zip: 65%
1/17/2025, 11:21:00 AM GMT+5:30 [Modules] Streaming discord_desktop_core@1 to /home/ithihas/.config/discord/0.0.80/modules/pending/discord_desktop_core-1.zip: 66%
1/17/2025, 11:21:00 AM GMT+5:30 [Modules] Streaming discord_desktop_core@1 to /home/ithihas/.config/discord/0.0.80/modules/pending/discord_desktop_core-1.zip: 67%
1/17/2025, 11:21:00 AM GMT+5:30 [Modules] Streaming discord_desktop_core@1 to /home/ithihas/.config/discord/0.0.80/modules/pending/discord_desktop_core-1.zip: 69%
1/17/2025, 11:21:00 AM GMT+5:30 [Modules] Streaming discord_desktop_core@1 to /home/ithihas/.config/discord/0.0.80/modules/pending/discord_desktop_core-1.zip: 70%
1/17/2025, 11:21:00 AM GMT+5:30 [Modules] Streaming discord_desktop_core@1 to /home/ithihas/.config/discord/0.0.80/modules/pending/discord_desktop_core-1.zip: 71%
1/17/2025, 11:21:00 AM GMT+5:30 [Modules] Streaming discord_desktop_core@1 to /home/ithihas/.config/discord/0.0.80/modules/pending/discord_desktop_core-1.zip: 72%
1/17/2025, 11:21:00 AM GMT+5:30 [Modules] Streaming discord_desktop_core@1 to /home/ithihas/.config/discord/0.0.80/modules/pending/discord_desktop_core-1.zip: 73%
1/17/2025, 11:21:00 AM GMT+5:30 [Modules] Streaming discord_desktop_core@1 to /home/ithihas/.config/discord/0.0.80/modules/pending/discord_desktop_core-1.zip: 74%
1/17/2025, 11:21:00 AM GMT+5:30 [Modules] Streaming discord_desktop_core@1 to /home/ithihas/.config/discord/0.0.80/modules/pending/discord_desktop_core-1.zip: 75%
1/17/2025, 11:21:00 AM GMT+5:30 [Modules] Streaming discord_desktop_core@1 to /home/ithihas/.config/discord/0.0.80/modules/pending/discord_desktop_core-1.zip: 76%
1/17/2025, 11:21:00 AM GMT+5:30 [Modules] Streaming discord_desktop_core@1 to /home/ithihas/.config/discord/0.0.80/modules/pending/discord_desktop_core-1.zip: 77%
1/17/2025, 11:21:00 AM GMT+5:30 [Modules] Streaming discord_desktop_core@1 to /home/ithihas/.config/discord/0.0.80/modules/pending/discord_desktop_core-1.zip: 79%
1/17/2025, 11:21:00 AM GMT+5:30 [Modules] Streaming discord_desktop_core@1 to /home/ithihas/.config/discord/0.0.80/modules/pending/discord_desktop_core-1.zip: 80%
1/17/2025, 11:21:00 AM GMT+5:30 [Modules] Streaming discord_desktop_core@1 to /home/ithihas/.config/discord/0.0.80/modules/pending/discord_desktop_core-1.zip: 82%
1/17/2025, 11:21:00 AM GMT+5:30 [Modules] Streaming discord_desktop_core@1 to /home/ithihas/.config/discord/0.0.80/modules/pending/discord_desktop_core-1.zip: 83%
1/17/2025, 11:21:00 AM GMT+5:30 [Modules] Streaming discord_desktop_core@1 to /home/ithihas/.config/discord/0.0.80/modules/pending/discord_desktop_core-1.zip: 85%
1/17/2025, 11:21:00 AM GMT+5:30 [Modules] Streaming discord_desktop_core@1 to /home/ithihas/.config/discord/0.0.80/modules/pending/discord_desktop_core-1.zip: 86%
1/17/2025, 11:21:00 AM GMT+5:30 [Modules] Streaming discord_desktop_core@1 to /home/ithihas/.config/discord/0.0.80/modules/pending/discord_desktop_core-1.zip: 88%
1/17/2025, 11:21:00 AM GMT+5:30 [Modules] Streaming discord_desktop_core@1 to /home/ithihas/.config/discord/0.0.80/modules/pending/discord_desktop_core-1.zip: 89%
1/17/2025, 11:21:00 AM GMT+5:30 [Modules] Streaming discord_desktop_core@1 to /home/ithihas/.config/discord/0.0.80/modules/pending/discord_desktop_core-1.zip: 90%
1/17/2025, 11:21:00 AM GMT+5:30 [Modules] Streaming discord_desktop_core@1 to /home/ithihas/.config/discord/0.0.80/modules/pending/discord_desktop_core-1.zip: 91%
1/17/2025, 11:21:00 AM GMT+5:30 [Modules] Streaming discord_desktop_core@1 to /home/ithihas/.config/discord/0.0.80/modules/pending/discord_desktop_core-1.zip: 92%
1/17/2025, 11:21:00 AM GMT+5:30 [Modules] Streaming discord_desktop_core@1 to /home/ithihas/.config/discord/0.0.80/modules/pending/discord_desktop_core-1.zip: 93%
1/17/2025, 11:21:00 AM GMT+5:30 [Modules] Streaming discord_desktop_core@1 to /home/ithihas/.config/discord/0.0.80/modules/pending/discord_desktop_core-1.zip: 95%
1/17/2025, 11:21:00 AM GMT+5:30 [Modules] Streaming discord_desktop_core@1 to /home/ithihas/.config/discord/0.0.80/modules/pending/discord_desktop_core-1.zip: 97%
1/17/2025, 11:21:00 AM GMT+5:30 [Modules] Streaming discord_desktop_core@1 to /home/ithihas/.config/discord/0.0.80/modules/pending/discord_desktop_core-1.zip: 98%
1/17/2025, 11:21:00 AM GMT+5:30 [Modules] Streaming discord_desktop_core@1 to /home/ithihas/.config/discord/0.0.80/modules/pending/discord_desktop_core-1.zip: 100%
1/17/2025, 11:21:00 AM GMT+5:30 [Modules] Fetching discord_erlpack@1 from https://discord.com/api/modules/stable/discord_erlpack/1
1/17/2025, 11:21:00 AM GMT+5:30 [Modules] Streaming discord_erlpack@1 to /home/ithihas/.config/discord/0.0.80/modules/pending/discord_erlpack-1.zip
1/17/2025, 11:21:00 AM GMT+5:30 [Modules] Streaming discord_erlpack@1 to /home/ithihas/.config/discord/0.0.80/modules/pending/discord_erlpack-1.zip: 1%
1/17/2025, 11:21:00 AM GMT+5:30 [Modules] Streaming discord_erlpack@1 to /home/ithihas/.config/discord/0.0.80/modules/pending/discord_erlpack-1.zip: 6%
1/17/2025, 11:21:00 AM GMT+5:30 [Modules] Streaming discord_erlpack@1 to /home/ithihas/.config/discord/0.0.80/modules/pending/discord_erlpack-1.zip: 7%
1/17/2025, 11:21:00 AM GMT+5:30 [Modules] Streaming discord_erlpack@1 to /home/ithihas/.config/discord/0.0.80/modules/pending/discord_erlpack-1.zip: 8%
1/17/2025, 11:21:00 AM GMT+5:30 [Modules] Streaming discord_erlpack@1 to /home/ithihas/.config/discord/0.0.80/modules/pending/discord_erlpack-1.zip: 9%
1/17/2025, 11:21:00 AM GMT+5:30 [Modules] Streaming discord_erlpack@1 to /home/ithihas/.config/discord/0.0.80/modules/pending/discord_erlpack-1.zip: 11%
1/17/2025, 11:21:00 AM GMT+5:30 [Modules] Streaming discord_erlpack@1 to /home/ithihas/.config/discord/0.0.80/modules/pending/discord_erlpack-1.zip: 12%
1/17/2025, 11:21:00 AM GMT+5:30 [Modules] Streaming discord_erlpack@1 to /home/ithihas/.config/discord/0.0.80/modules/pending/discord_erlpack-1.zip: 13%
1/17/2025, 11:21:00 AM GMT+5:30 [Modules] Streaming discord_erlpack@1 to /home/ithihas/.config/discord/0.0.80/modules/pending/discord_erlpack-1.zip: 14%
1/17/2025, 11:21:00 AM GMT+5:30 [Modules] Streaming discord_erlpack@1 to /home/ithihas/.config/discord/0.0.80/modules/pending/discord_erlpack-1.zip: 16%
1/17/2025, 11:21:00 AM GMT+5:30 [Modules] Streaming discord_erlpack@1 to /home/ithihas/.config/discord/0.0.80/modules/pending/discord_erlpack-1.zip: 18%
1/17/2025, 11:21:00 AM GMT+5:30 [Modules] Streaming discord_erlpack@1 to /home/ithihas/.config/discord/0.0.80/modules/pending/discord_erlpack-1.zip: 20%
1/17/2025, 11:21:00 AM GMT+5:30 [Modules] Streaming discord_erlpack@1 to /home/ithihas/.config/discord/0.0.80/modules/pending/discord_erlpack-1.zip: 21%
1/17/2025, 11:21:00 AM GMT+5:30 [Modules] Streaming discord_erlpack@1 to /home/ithihas/.config/discord/0.0.80/modules/pending/discord_erlpack-1.zip: 22%
1/17/2025, 11:21:00 AM GMT+5:30 [Modules] Streaming discord_erlpack@1 to /home/ithihas/.config/discord/0.0.80/modules/pending/discord_erlpack-1.zip: 23%
1/17/2025, 11:21:00 AM GMT+5:30 [Modules] Streaming discord_erlpack@1 to /home/ithihas/.config/discord/0.0.80/modules/pending/discord_erlpack-1.zip: 24%
1/17/2025, 11:21:00 AM GMT+5:30 [Modules] Streaming discord_erlpack@1 to /home/ithihas/.config/discord/0.0.80/modules/pending/discord_erlpack-1.zip: 25%
1/17/2025, 11:21:00 AM GMT+5:30 [Modules] Streaming discord_erlpack@1 to /home/ithihas/.config/discord/0.0.80/modules/pending/discord_erlpack-1.zip: 26%
1/17/2025, 11:21:00 AM GMT+5:30 [Modules] Streaming discord_erlpack@1 to /home/ithihas/.config/discord/0.0.80/modules/pending/discord_erlpack-1.zip: 27%
1/17/2025, 11:21:00 AM GMT+5:30 [Modules] Streaming discord_erlpack@1 to /home/ithihas/.config/discord/0.0.80/modules/pending/discord_erlpack-1.zip: 28%
1/17/2025, 11:21:00 AM GMT+5:30 [Modules] Streaming discord_erlpack@1 to /home/ithihas/.config/discord/0.0.80/modules/pending/discord_erlpack-1.zip: 29%
1/17/2025, 11:21:00 AM GMT+5:30 [Modules] Streaming discord_erlpack@1 to /home/ithihas/.config/discord/0.0.80/modules/pending/discord_erlpack-1.zip: 30%
1/17/2025, 11:21:00 AM GMT+5:30 [Modules] Streaming discord_erlpack@1 to /home/ithihas/.config/discord/0.0.80/modules/pending/discord_erlpack-1.zip: 31%
1/17/2025, 11:21:00 AM GMT+5:30 [Modules] Streaming discord_erlpack@1 to /home/ithihas/.config/discord/0.0.80/modules/pending/discord_erlpack-1.zip: 32%
1/17/2025, 11:21:00 AM GMT+5:30 [Modules] Streaming discord_erlpack@1 to /home/ithihas/.config/discord/0.0.80/modules/pending/discord_erlpack-1.zip: 33%
1/17/2025, 11:21:00 AM GMT+5:30 [Modules] Streaming discord_erlpack@1 to /home/ithihas/.config/discord/0.0.80/modules/pending/discord_erlpack-1.zip: 34%
1/17/2025, 11:21:00 AM GMT+5:30 [Modules] Streaming discord_erlpack@1 to /home/ithihas/.config/discord/0.0.80/modules/pending/discord_erlpack-1.zip: 37%
1/17/2025, 11:21:00 AM GMT+5:30 [Modules] Streaming discord_erlpack@1 to /home/ithihas/.config/discord/0.0.80/modules/pending/discord_erlpack-1.zip: 39%
1/17/2025, 11:21:00 AM GMT+5:30 [Modules] Streaming discord_erlpack@1 to /home/ithihas/.config/discord/0.0.80/modules/pending/discord_erlpack-1.zip: 40%
1/17/2025, 11:21:00 AM GMT+5:30 [Modules] Streaming discord_erlpack@1 to /home/ithihas/.config/discord/0.0.80/modules/pending/discord_erlpack-1.zip: 43%
1/17/2025, 11:21:01 AM GMT+5:30 [Modules] Streaming discord_erlpack@1 to /home/ithihas/.config/discord/0.0.80/modules/pending/discord_erlpack-1.zip: 44%
1/17/2025, 11:21:01 AM GMT+5:30 [Modules] Streaming discord_erlpack@1 to /home/ithihas/.config/discord/0.0.80/modules/pending/discord_erlpack-1.zip: 45%
1/17/2025, 11:21:01 AM GMT+5:30 [Modules] Streaming discord_erlpack@1 to /home/ithihas/.config/discord/0.0.80/modules/pending/discord_erlpack-1.zip: 46%
1/17/2025, 11:21:01 AM GMT+5:30 [Modules] Streaming discord_erlpack@1 to /home/ithihas/.config/discord/0.0.80/modules/pending/discord_erlpack-1.zip: 47%
1/17/2025, 11:21:01 AM GMT+5:30 [Modules] Streaming discord_erlpack@1 to /home/ithihas/.config/discord/0.0.80/modules/pending/discord_erlpack-1.zip: 49%
1/17/2025, 11:21:01 AM GMT+5:30 [Modules] Streaming discord_erlpack@1 to /home/ithihas/.config/discord/0.0.80/modules/pending/discord_erlpack-1.zip: 50%
1/17/2025, 11:21:01 AM GMT+5:30 [Modules] Streaming discord_erlpack@1 to /home/ithihas/.config/discord/0.0.80/modules/pending/discord_erlpack-1.zip: 51%
1/17/2025, 11:21:01 AM GMT+5:30 [Modules] Streaming discord_erlpack@1 to /home/ithihas/.config/discord/0.0.80/modules/pending/discord_erlpack-1.zip: 52%
1/17/2025, 11:21:01 AM GMT+5:30 [Modules] Streaming discord_erlpack@1 to /home/ithihas/.config/discord/0.0.80/modules/pending/discord_erlpack-1.zip: 54%
1/17/2025, 11:21:01 AM GMT+5:30 [Modules] Streaming discord_erlpack@1 to /home/ithihas/.config/discord/0.0.80/modules/pending/discord_erlpack-1.zip: 55%
1/17/2025, 11:21:01 AM GMT+5:30 [Modules] Streaming discord_erlpack@1 to /home/ithihas/.config/discord/0.0.80/modules/pending/discord_erlpack-1.zip: 56%
1/17/2025, 11:21:01 AM GMT+5:30 [Modules] Streaming discord_erlpack@1 to /home/ithihas/.config/discord/0.0.80/modules/pending/discord_erlpack-1.zip: 57%
1/17/2025, 11:21:01 AM GMT+5:30 [Modules] Streaming discord_erlpack@1 to /home/ithihas/.config/discord/0.0.80/modules/pending/discord_erlpack-1.zip: 58%
1/17/2025, 11:21:01 AM GMT+5:30 [Modules] Streaming discord_erlpack@1 to /home/ithihas/.config/discord/0.0.80/modules/pending/discord_erlpack-1.zip: 59%
1/17/2025, 11:21:01 AM GMT+5:30 [Modules] Streaming discord_erlpack@1 to /home/ithihas/.config/discord/0.0.80/modules/pending/discord_erlpack-1.zip: 61%
1/17/2025, 11:21:01 AM GMT+5:30 [Modules] Streaming discord_erlpack@1 to /home/ithihas/.config/discord/0.0.80/modules/pending/discord_erlpack-1.zip: 62%
1/17/2025, 11:21:01 AM GMT+5:30 [Modules] Streaming discord_erlpack@1 to /home/ithihas/.config/discord/0.0.80/modules/pending/discord_erlpack-1.zip: 63%
1/17/2025, 11:21:01 AM GMT+5:30 [Modules] Streaming discord_erlpack@1 to /home/ithihas/.config/discord/0.0.80/modules/pending/discord_erlpack-1.zip: 65%
1/17/2025, 11:21:01 AM GMT+5:30 [Modules] Streaming discord_erlpack@1 to /home/ithihas/.config/discord/0.0.80/modules/pending/discord_erlpack-1.zip: 66%
1/17/2025, 11:21:01 AM GMT+5:30 [Modules] Streaming discord_erlpack@1 to /home/ithihas/.config/discord/0.0.80/modules/pending/discord_erlpack-1.zip: 68%
1/17/2025, 11:21:01 AM GMT+5:30 [Modules] Streaming discord_erlpack@1 to /home/ithihas/.config/discord/0.0.80/modules/pending/discord_erlpack-1.zip: 71%
1/17/2025, 11:21:01 AM GMT+5:30 [Modules] Streaming discord_erlpack@1 to /home/ithihas/.config/discord/0.0.80/modules/pending/discord_erlpack-1.zip: 74%
1/17/2025, 11:21:01 AM GMT+5:30 [Modules] Streaming discord_erlpack@1 to /home/ithihas/.config/discord/0.0.80/modules/pending/discord_erlpack-1.zip: 76%
1/17/2025, 11:21:01 AM GMT+5:30 [Modules] Streaming discord_erlpack@1 to /home/ithihas/.config/discord/0.0.80/modules/pending/discord_erlpack-1.zip: 77%
1/17/2025, 11:21:01 AM GMT+5:30 [Modules] Streaming discord_erlpack@1 to /home/ithihas/.config/discord/0.0.80/modules/pending/discord_erlpack-1.zip: 78%
1/17/2025, 11:21:01 AM GMT+5:30 [Modules] Streaming discord_erlpack@1 to /home/ithihas/.config/discord/0.0.80/modules/pending/discord_erlpack-1.zip: 79%
1/17/2025, 11:21:01 AM GMT+5:30 [Modules] Streaming discord_erlpack@1 to /home/ithihas/.config/discord/0.0.80/modules/pending/discord_erlpack-1.zip: 80%
1/17/2025, 11:21:01 AM GMT+5:30 [Modules] Streaming discord_erlpack@1 to /home/ithihas/.config/discord/0.0.80/modules/pending/discord_erlpack-1.zip: 81%
1/17/2025, 11:21:01 AM GMT+5:30 [Modules] Streaming discord_erlpack@1 to /home/ithihas/.config/discord/0.0.80/modules/pending/discord_erlpack-1.zip: 82%
1/17/2025, 11:21:01 AM GMT+5:30 [Modules] Streaming discord_erlpack@1 to /home/ithihas/.config/discord/0.0.80/modules/pending/discord_erlpack-1.zip: 83%
1/17/2025, 11:21:01 AM GMT+5:30 [Modules] Streaming discord_erlpack@1 to /home/ithihas/.config/discord/0.0.80/modules/pending/discord_erlpack-1.zip: 84%
1/17/2025, 11:21:01 AM GMT+5:30 [Modules] Streaming discord_erlpack@1 to /home/ithihas/.config/discord/0.0.80/modules/pending/discord_erlpack-1.zip: 87%
1/17/2025, 11:21:01 AM GMT+5:30 [Modules] Streaming discord_erlpack@1 to /home/ithihas/.config/discord/0.0.80/modules/pending/discord_erlpack-1.zip: 89%
1/17/2025, 11:21:01 AM GMT+5:30 [Modules] Streaming discord_erlpack@1 to /home/ithihas/.config/discord/0.0.80/modules/pending/discord_erlpack-1.zip: 92%
1/17/2025, 11:21:01 AM GMT+5:30 [Modules] Streaming discord_erlpack@1 to /home/ithihas/.config/discord/0.0.80/modules/pending/discord_erlpack-1.zip: 94%
1/17/2025, 11:21:01 AM GMT+5:30 [Modules] Streaming discord_erlpack@1 to /home/ithihas/.config/discord/0.0.80/modules/pending/discord_erlpack-1.zip: 95%
1/17/2025, 11:21:01 AM GMT+5:30 [Modules] Streaming discord_erlpack@1 to /home/ithihas/.config/discord/0.0.80/modules/pending/discord_erlpack-1.zip: 96%
1/17/2025, 11:21:01 AM GMT+5:30 [Modules] Streaming discord_erlpack@1 to /home/ithihas/.config/discord/0.0.80/modules/pending/discord_erlpack-1.zip: 97%
1/17/2025, 11:21:01 AM GMT+5:30 [Modules] Streaming discord_erlpack@1 to /home/ithihas/.config/discord/0.0.80/modules/pending/discord_erlpack-1.zip: 100%
1/17/2025, 11:21:01 AM GMT+5:30 [Modules] Fetching discord_spellcheck@1 from https://discord.com/api/modules/stable/discord_spellcheck/1
1/17/2025, 11:21:01 AM GMT+5:30 [Modules] Streaming discord_spellcheck@1 to /home/ithihas/.config/discord/0.0.80/modules/pending/discord_spellcheck-1.zip
1/17/2025, 11:21:01 AM GMT+5:30 [Modules] Streaming discord_spellcheck@1 to /home/ithihas/.config/discord/0.0.80/modules/pending/discord_spellcheck-1.zip: 1%
1/17/2025, 11:21:01 AM GMT+5:30 [Modules] Streaming discord_spellcheck@1 to /home/ithihas/.config/discord/0.0.80/modules/pending/discord_spellcheck-1.zip: 2%
1/17/2025, 11:21:01 AM GMT+5:30 [Modules] Streaming discord_spellcheck@1 to /home/ithihas/.config/discord/0.0.80/modules/pending/discord_spellcheck-1.zip: 3%
1/17/2025, 11:21:01 AM GMT+5:30 [Modules] Streaming discord_spellcheck@1 to /home/ithihas/.config/discord/0.0.80/modules/pending/discord_spellcheck-1.zip: 4%
1/17/2025, 11:21:01 AM GMT+5:30 [Modules] Streaming discord_spellcheck@1 to /home/ithihas/.config/discord/0.0.80/modules/pending/discord_spellcheck-1.zip: 5%
1/17/2025, 11:21:01 AM GMT+5:30 [Modules] Streaming discord_spellcheck@1 to /home/ithihas/.config/discord/0.0.80/modules/pending/discord_spellcheck-1.zip: 6%
1/17/2025, 11:21:01 AM GMT+5:30 [Modules] Streaming discord_spellcheck@1 to /home/ithihas/.config/discord/0.0.80/modules/pending/discord_spellcheck-1.zip: 7%
1/17/2025, 11:21:01 AM GMT+5:30 [Modules] Streaming discord_spellcheck@1 to /home/ithihas/.config/discord/0.0.80/modules/pending/discord_spellcheck-1.zip: 8%
1/17/2025, 11:21:01 AM GMT+5:30 [Modules] Streaming discord_spellcheck@1 to /home/ithihas/.config/discord/0.0.80/modules/pending/discord_spellcheck-1.zip: 9%
1/17/2025, 11:21:01 AM GMT+5:30 [Modules] Streaming discord_spellcheck@1 to /home/ithihas/.config/discord/0.0.80/modules/pending/discord_spellcheck-1.zip: 10%
1/17/2025, 11:21:01 AM GMT+5:30 [Modules] Streaming discord_spellcheck@1 to /home/ithihas/.config/discord/0.0.80/modules/pending/discord_spellcheck-1.zip: 11%
1/17/2025, 11:21:01 AM GMT+5:30 [Modules] Streaming discord_spellcheck@1 to /home/ithihas/.config/discord/0.0.80/modules/pending/discord_spellcheck-1.zip: 12%
1/17/2025, 11:21:01 AM GMT+5:30 [Modules] Streaming discord_spellcheck@1 to /home/ithihas/.config/discord/0.0.80/modules/pending/discord_spellcheck-1.zip: 13%
1/17/2025, 11:21:01 AM GMT+5:30 [Modules] Streaming discord_spellcheck@1 to /home/ithihas/.config/discord/0.0.80/modules/pending/discord_spellcheck-1.zip: 14%
1/17/2025, 11:21:01 AM GMT+5:30 [Modules] Streaming discord_spellcheck@1 to /home/ithihas/.config/discord/0.0.80/modules/pending/discord_spellcheck-1.zip: 15%
1/17/2025, 11:21:01 AM GMT+5:30 [Modules] Streaming discord_spellcheck@1 to /home/ithihas/.config/discord/0.0.80/modules/pending/discord_spellcheck-1.zip: 16%
1/17/2025, 11:21:01 AM GMT+5:30 [Modules] Streaming discord_spellcheck@1 to /home/ithihas/.config/discord/0.0.80/modules/pending/discord_spellcheck-1.zip: 17%
1/17/2025, 11:21:01 AM GMT+5:30 [Modules] Streaming discord_spellcheck@1 to /home/ithihas/.config/discord/0.0.80/modules/pending/discord_spellcheck-1.zip: 18%
1/17/2025, 11:21:01 AM GMT+5:30 [Modules] Streaming discord_spellcheck@1 to /home/ithihas/.config/discord/0.0.80/modules/pending/discord_spellcheck-1.zip: 19%
1/17/2025, 11:21:01 AM GMT+5:30 [Modules] Streaming discord_spellcheck@1 to /home/ithihas/.config/discord/0.0.80/modules/pending/discord_spellcheck-1.zip: 20%
1/17/2025, 11:21:01 AM GMT+5:30 [Modules] Streaming discord_spellcheck@1 to /home/ithihas/.config/discord/0.0.80/modules/pending/discord_spellcheck-1.zip: 22%
1/17/2025, 11:21:01 AM GMT+5:30 [Modules] Streaming discord_spellcheck@1 to /home/ithihas/.config/discord/0.0.80/modules/pending/discord_spellcheck-1.zip: 23%
1/17/2025, 11:21:01 AM GMT+5:30 [Modules] Streaming discord_spellcheck@1 to /home/ithihas/.config/discord/0.0.80/modules/pending/discord_spellcheck-1.zip: 24%
1/17/2025, 11:21:01 AM GMT+5:30 [Modules] Streaming discord_spellcheck@1 to /home/ithihas/.config/discord/0.0.80/modules/pending/discord_spellcheck-1.zip: 25%
1/17/2025, 11:21:01 AM GMT+5:30 [Modules] Streaming discord_spellcheck@1 to /home/ithihas/.config/discord/0.0.80/modules/pending/discord_spellcheck-1.zip: 27%
1/17/2025, 11:21:01 AM GMT+5:30 [Modules] Streaming discord_spellcheck@1 to /home/ithihas/.config/discord/0.0.80/modules/pending/discord_spellcheck-1.zip: 28%
1/17/2025, 11:21:02 AM GMT+5:30 [Modules] Streaming discord_spellcheck@1 to /home/ithihas/.config/discord/0.0.80/modules/pending/discord_spellcheck-1.zip: 29%
1/17/2025, 11:21:02 AM GMT+5:30 [Modules] Streaming discord_spellcheck@1 to /home/ithihas/.config/discord/0.0.80/modules/pending/discord_spellcheck-1.zip: 30%
1/17/2025, 11:21:02 AM GMT+5:30 [Modules] Streaming discord_spellcheck@1 to /home/ithihas/.config/discord/0.0.80/modules/pending/discord_spellcheck-1.zip: 31%
1/17/2025, 11:21:02 AM GMT+5:30 [Modules] Streaming discord_spellcheck@1 to /home/ithihas/.config/discord/0.0.80/modules/pending/discord_spellcheck-1.zip: 32%
1/17/2025, 11:21:02 AM GMT+5:30 [Modules] Streaming discord_spellcheck@1 to /home/ithihas/.config/discord/0.0.80/modules/pending/discord_spellcheck-1.zip: 33%
1/17/2025, 11:21:02 AM GMT+5:30 [Modules] Streaming discord_spellcheck@1 to /home/ithihas/.config/discord/0.0.80/modules/pending/discord_spellcheck-1.zip: 34%
1/17/2025, 11:21:02 AM GMT+5:30 [Modules] Streaming discord_spellcheck@1 to /home/ithihas/.config/discord/0.0.80/modules/pending/discord_spellcheck-1.zip: 35%
1/17/2025, 11:21:02 AM GMT+5:30 [Modules] Streaming discord_spellcheck@1 to /home/ithihas/.config/discord/0.0.80/modules/pending/discord_spellcheck-1.zip: 36%
1/17/2025, 11:21:02 AM GMT+5:30 [Modules] Streaming discord_spellcheck@1 to /home/ithihas/.config/discord/0.0.80/modules/pending/discord_spellcheck-1.zip: 37%
1/17/2025, 11:21:02 AM GMT+5:30 [Modules] Streaming discord_spellcheck@1 to /home/ithihas/.config/discord/0.0.80/modules/pending/discord_spellcheck-1.zip: 38%
1/17/2025, 11:21:02 AM GMT+5:30 [Modules] Streaming discord_spellcheck@1 to /home/ithihas/.config/discord/0.0.80/modules/pending/discord_spellcheck-1.zip: 39%
1/17/2025, 11:21:02 AM GMT+5:30 [Modules] Streaming discord_spellcheck@1 to /home/ithihas/.config/discord/0.0.80/modules/pending/discord_spellcheck-1.zip: 40%
1/17/2025, 11:21:02 AM GMT+5:30 [Modules] Streaming discord_spellcheck@1 to /home/ithihas/.config/discord/0.0.80/modules/pending/discord_spellcheck-1.zip: 41%
1/17/2025, 11:21:02 AM GMT+5:30 [Modules] Streaming discord_spellcheck@1 to /home/ithihas/.config/discord/0.0.80/modules/pending/discord_spellcheck-1.zip: 42%
1/17/2025, 11:21:02 AM GMT+5:30 [Modules] Streaming discord_spellcheck@1 to /home/ithihas/.config/discord/0.0.80/modules/pending/discord_spellcheck-1.zip: 43%
1/17/2025, 11:21:02 AM GMT+5:30 [Modules] Streaming discord_spellcheck@1 to /home/ithihas/.config/discord/0.0.80/modules/pending/discord_spellcheck-1.zip: 44%
1/17/2025, 11:21:02 AM GMT+5:30 [Modules] Streaming discord_spellcheck@1 to /home/ithihas/.config/discord/0.0.80/modules/pending/discord_spellcheck-1.zip: 45%
1/17/2025, 11:21:02 AM GMT+5:30 [Modules] Streaming discord_spellcheck@1 to /home/ithihas/.config/discord/0.0.80/modules/pending/discord_spellcheck-1.zip: 46%
1/17/2025, 11:21:02 AM GMT+5:30 [Modules] Streaming discord_spellcheck@1 to /home/ithihas/.config/discord/0.0.80/modules/pending/discord_spellcheck-1.zip: 47%
1/17/2025, 11:21:02 AM GMT+5:30 [Modules] Streaming discord_spellcheck@1 to /home/ithihas/.config/discord/0.0.80/modules/pending/discord_spellcheck-1.zip: 48%
1/17/2025, 11:21:02 AM GMT+5:30 [Modules] Streaming discord_spellcheck@1 to /home/ithihas/.config/discord/0.0.80/modules/pending/discord_spellcheck-1.zip: 49%
1/17/2025, 11:21:02 AM GMT+5:30 [Modules] Streaming discord_spellcheck@1 to /home/ithihas/.config/discord/0.0.80/modules/pending/discord_spellcheck-1.zip: 50%
1/17/2025, 11:21:02 AM GMT+5:30 [Modules] Streaming discord_spellcheck@1 to /home/ithihas/.config/discord/0.0.80/modules/pending/discord_spellcheck-1.zip: 51%
1/17/2025, 11:21:02 AM GMT+5:30 [Modules] Streaming discord_spellcheck@1 to /home/ithihas/.config/discord/0.0.80/modules/pending/discord_spellcheck-1.zip: 52%
1/17/2025, 11:21:02 AM GMT+5:30 [Modules] Streaming discord_spellcheck@1 to /home/ithihas/.config/discord/0.0.80/modules/pending/discord_spellcheck-1.zip: 53%
1/17/2025, 11:21:02 AM GMT+5:30 [Modules] Streaming discord_spellcheck@1 to /home/ithihas/.config/discord/0.0.80/modules/pending/discord_spellcheck-1.zip: 54%
1/17/2025, 11:21:02 AM GMT+5:30 [Modules] Streaming discord_spellcheck@1 to /home/ithihas/.config/discord/0.0.80/modules/pending/discord_spellcheck-1.zip: 55%
1/17/2025, 11:21:02 AM GMT+5:30 [Modules] Streaming discord_spellcheck@1 to /home/ithihas/.config/discord/0.0.80/modules/pending/discord_spellcheck-1.zip: 56%
1/17/2025, 11:21:02 AM GMT+5:30 [Modules] Streaming discord_spellcheck@1 to /home/ithihas/.config/discord/0.0.80/modules/pending/discord_spellcheck-1.zip: 57%
1/17/2025, 11:21:02 AM GMT+5:30 [Modules] Streaming discord_spellcheck@1 to /home/ithihas/.config/discord/0.0.80/modules/pending/discord_spellcheck-1.zip: 58%
1/17/2025, 11:21:02 AM GMT+5:30 [Modules] Streaming discord_spellcheck@1 to /home/ithihas/.config/discord/0.0.80/modules/pending/discord_spellcheck-1.zip: 59%
1/17/2025, 11:21:02 AM GMT+5:30 [Modules] Streaming discord_spellcheck@1 to /home/ithihas/.config/discord/0.0.80/modules/pending/discord_spellcheck-1.zip: 60%
1/17/2025, 11:21:02 AM GMT+5:30 [Modules] Streaming discord_spellcheck@1 to /home/ithihas/.config/discord/0.0.80/modules/pending/discord_spellcheck-1.zip: 61%
1/17/2025, 11:21:02 AM GMT+5:30 [Modules] Streaming discord_spellcheck@1 to /home/ithihas/.config/discord/0.0.80/modules/pending/discord_spellcheck-1.zip: 62%
1/17/2025, 11:21:02 AM GMT+5:30 [Modules] Streaming discord_spellcheck@1 to /home/ithihas/.config/discord/0.0.80/modules/pending/discord_spellcheck-1.zip: 63%
1/17/2025, 11:21:02 AM GMT+5:30 [Modules] Streaming discord_spellcheck@1 to /home/ithihas/.config/discord/0.0.80/modules/pending/discord_spellcheck-1.zip: 64%
1/17/2025, 11:21:02 AM GMT+5:30 [Modules] Streaming discord_spellcheck@1 to /home/ithihas/.config/discord/0.0.80/modules/pending/discord_spellcheck-1.zip: 65%
1/17/2025, 11:21:02 AM GMT+5:30 [Modules] Streaming discord_spellcheck@1 to /home/ithihas/.config/discord/0.0.80/modules/pending/discord_spellcheck-1.zip: 66%
1/17/2025, 11:21:02 AM GMT+5:30 [Modules] Streaming discord_spellcheck@1 to /home/ithihas/.config/discord/0.0.80/modules/pending/discord_spellcheck-1.zip: 67%
1/17/2025, 11:21:02 AM GMT+5:30 [Modules] Streaming discord_spellcheck@1 to /home/ithihas/.config/discord/0.0.80/modules/pending/discord_spellcheck-1.zip: 68%
1/17/2025, 11:21:02 AM GMT+5:30 [Modules] Streaming discord_spellcheck@1 to /home/ithihas/.config/discord/0.0.80/modules/pending/discord_spellcheck-1.zip: 69%
1/17/2025, 11:21:02 AM GMT+5:30 [Modules] Streaming discord_spellcheck@1 to /home/ithihas/.config/discord/0.0.80/modules/pending/discord_spellcheck-1.zip: 70%
1/17/2025, 11:21:02 AM GMT+5:30 [Modules] Streaming discord_spellcheck@1 to /home/ithihas/.config/discord/0.0.80/modules/pending/discord_spellcheck-1.zip: 71%
1/17/2025, 11:21:02 AM GMT+5:30 [Modules] Streaming discord_spellcheck@1 to /home/ithihas/.config/discord/0.0.80/modules/pending/discord_spellcheck-1.zip: 72%
1/17/2025, 11:21:02 AM GMT+5:30 [Modules] Streaming discord_spellcheck@1 to /home/ithihas/.config/discord/0.0.80/modules/pending/discord_spellcheck-1.zip: 73%
1/17/2025, 11:21:02 AM GMT+5:30 [Modules] Streaming discord_spellcheck@1 to /home/ithihas/.config/discord/0.0.80/modules/pending/discord_spellcheck-1.zip: 74%
1/17/2025, 11:21:02 AM GMT+5:30 [Modules] Streaming discord_spellcheck@1 to /home/ithihas/.config/discord/0.0.80/modules/pending/discord_spellcheck-1.zip: 75%
1/17/2025, 11:21:02 AM GMT+5:30 [Modules] Streaming discord_spellcheck@1 to /home/ithihas/.config/discord/0.0.80/modules/pending/discord_spellcheck-1.zip: 76%
1/17/2025, 11:21:02 AM GMT+5:30 [Modules] Streaming discord_spellcheck@1 to /home/ithihas/.config/discord/0.0.80/modules/pending/discord_spellcheck-1.zip: 77%
1/17/2025, 11:21:02 AM GMT+5:30 [Modules] Streaming discord_spellcheck@1 to /home/ithihas/.config/discord/0.0.80/modules/pending/discord_spellcheck-1.zip: 78%
1/17/2025, 11:21:02 AM GMT+5:30 [Modules] Streaming discord_spellcheck@1 to /home/ithihas/.config/discord/0.0.80/modules/pending/discord_spellcheck-1.zip: 79%
1/17/2025, 11:21:02 AM GMT+5:30 [Modules] Streaming discord_spellcheck@1 to /home/ithihas/.config/discord/0.0.80/modules/pending/discord_spellcheck-1.zip: 80%
1/17/2025, 11:21:02 AM GMT+5:30 [Modules] Streaming discord_spellcheck@1 to /home/ithihas/.config/discord/0.0.80/modules/pending/discord_spellcheck-1.zip: 81%
1/17/2025, 11:21:02 AM GMT+5:30 [Modules] Streaming discord_spellcheck@1 to /home/ithihas/.config/discord/0.0.80/modules/pending/discord_spellcheck-1.zip: 82%
1/17/2025, 11:21:02 AM GMT+5:30 [Modules] Streaming discord_spellcheck@1 to /home/ithihas/.config/discord/0.0.80/modules/pending/discord_spellcheck-1.zip: 83%
1/17/2025, 11:21:02 AM GMT+5:30 [Modules] Streaming discord_spellcheck@1 to /home/ithihas/.config/discord/0.0.80/modules/pending/discord_spellcheck-1.zip: 84%
1/17/2025, 11:21:02 AM GMT+5:30 [Modules] Streaming discord_spellcheck@1 to /home/ithihas/.config/discord/0.0.80/modules/pending/discord_spellcheck-1.zip: 85%
1/17/2025, 11:21:02 AM GMT+5:30 [Modules] Streaming discord_spellcheck@1 to /home/ithihas/.config/discord/0.0.80/modules/pending/discord_spellcheck-1.zip: 86%
1/17/2025, 11:21:02 AM GMT+5:30 [Modules] Streaming discord_spellcheck@1 to /home/ithihas/.config/discord/0.0.80/modules/pending/discord_spellcheck-1.zip: 87%
1/17/2025, 11:21:02 AM GMT+5:30 [Modules] Streaming discord_spellcheck@1 to /home/ithihas/.config/discord/0.0.80/modules/pending/discord_spellcheck-1.zip: 88%
1/17/2025, 11:21:02 AM GMT+5:30 [Modules] Streaming discord_spellcheck@1 to /home/ithihas/.config/discord/0.0.80/modules/pending/discord_spellcheck-1.zip: 89%
1/17/2025, 11:21:02 AM GMT+5:30 [Modules] Streaming discord_spellcheck@1 to /home/ithihas/.config/discord/0.0.80/modules/pending/discord_spellcheck-1.zip: 90%
1/17/2025, 11:21:02 AM GMT+5:30 [Modules] Streaming discord_spellcheck@1 to /home/ithihas/.config/discord/0.0.80/modules/pending/discord_spellcheck-1.zip: 91%
1/17/2025, 11:21:02 AM GMT+5:30 [Modules] Streaming discord_spellcheck@1 to /home/ithihas/.config/discord/0.0.80/modules/pending/discord_spellcheck-1.zip: 92%
1/17/2025, 11:21:02 AM GMT+5:30 [Modules] Streaming discord_spellcheck@1 to /home/ithihas/.config/discord/0.0.80/modules/pending/discord_spellcheck-1.zip: 93%
1/17/2025, 11:21:02 AM GMT+5:30 [Modules] Streaming discord_spellcheck@1 to /home/ithihas/.config/discord/0.0.80/modules/pending/discord_spellcheck-1.zip: 94%
1/17/2025, 11:21:02 AM GMT+5:30 [Modules] Streaming discord_spellcheck@1 to /home/ithihas/.config/discord/0.0.80/modules/pending/discord_spellcheck-1.zip: 95%
1/17/2025, 11:21:02 AM GMT+5:30 [Modules] Streaming discord_spellcheck@1 to /home/ithihas/.config/discord/0.0.80/modules/pending/discord_spellcheck-1.zip: 96%
1/17/2025, 11:21:02 AM GMT+5:30 [Modules] Streaming discord_spellcheck@1 to /home/ithihas/.config/discord/0.0.80/modules/pending/discord_spellcheck-1.zip: 97%
1/17/2025, 11:21:02 AM GMT+5:30 [Modules] Streaming discord_spellcheck@1 to /home/ithihas/.config/discord/0.0.80/modules/pending/discord_spellcheck-1.zip: 98%
1/17/2025, 11:21:02 AM GMT+5:30 [Modules] Streaming discord_spellcheck@1 to /home/ithihas/.config/discord/0.0.80/modules/pending/discord_spellcheck-1.zip: 99%
1/17/2025, 11:21:02 AM GMT+5:30 [Modules] Streaming discord_spellcheck@1 to /home/ithihas/.config/discord/0.0.80/modules/pending/discord_spellcheck-1.zip: 100%
1/17/2025, 11:21:02 AM GMT+5:30 [Modules] Fetching discord_utils@1 from https://discord.com/api/modules/stable/discord_utils/1
1/17/2025, 11:21:02 AM GMT+5:30 [Modules] Streaming discord_utils@1 to /home/ithihas/.config/discord/0.0.80/modules/pending/discord_utils-1.zip
1/17/2025, 11:21:03 AM GMT+5:30 [Modules] Streaming discord_utils@1 to /home/ithihas/.config/discord/0.0.80/modules/pending/discord_utils-1.zip: 1%
1/17/2025, 11:21:03 AM GMT+5:30 [Modules] Streaming discord_utils@1 to /home/ithihas/.config/discord/0.0.80/modules/pending/discord_utils-1.zip: 2%
1/17/2025, 11:21:03 AM GMT+5:30 [Modules] Streaming discord_utils@1 to /home/ithihas/.config/discord/0.0.80/modules/pending/discord_utils-1.zip: 3%
1/17/2025, 11:21:03 AM GMT+5:30 [Modules] Streaming discord_utils@1 to /home/ithihas/.config/discord/0.0.80/modules/pending/discord_utils-1.zip: 4%
1/17/2025, 11:21:03 AM GMT+5:30 [Modules] Streaming discord_utils@1 to /home/ithihas/.config/discord/0.0.80/modules/pending/discord_utils-1.zip: 5%
1/17/2025, 11:21:03 AM GMT+5:30 [Modules] Streaming discord_utils@1 to /home/ithihas/.config/discord/0.0.80/modules/pending/discord_utils-1.zip: 6%
1/17/2025, 11:21:03 AM GMT+5:30 [Modules] Streaming discord_utils@1 to /home/ithihas/.config/discord/0.0.80/modules/pending/discord_utils-1.zip: 7%
1/17/2025, 11:21:03 AM GMT+5:30 [Modules] Streaming discord_utils@1 to /home/ithihas/.config/discord/0.0.80/modules/pending/discord_utils-1.zip: 8%
1/17/2025, 11:21:03 AM GMT+5:30 [Modules] Streaming discord_utils@1 to /home/ithihas/.config/discord/0.0.80/modules/pending/discord_utils-1.zip: 9%
1/17/2025, 11:21:03 AM GMT+5:30 [Modules] Streaming discord_utils@1 to /home/ithihas/.config/discord/0.0.80/modules/pending/discord_utils-1.zip: 10%
1/17/2025, 11:21:03 AM GMT+5:30 [Modules] Streaming discord_utils@1 to /home/ithihas/.config/discord/0.0.80/modules/pending/discord_utils-1.zip: 11%
1/17/2025, 11:21:03 AM GMT+5:30 [Modules] Streaming discord_utils@1 to /home/ithihas/.config/discord/0.0.80/modules/pending/discord_utils-1.zip: 12%
1/17/2025, 11:21:03 AM GMT+5:30 [Modules] Streaming discord_utils@1 to /home/ithihas/.config/discord/0.0.80/modules/pending/discord_utils-1.zip: 13%
1/17/2025, 11:21:03 AM GMT+5:30 [Modules] Streaming discord_utils@1 to /home/ithihas/.config/discord/0.0.80/modules/pending/discord_utils-1.zip: 15%
1/17/2025, 11:21:03 AM GMT+5:30 [Modules] Streaming discord_utils@1 to /home/ithihas/.config/discord/0.0.80/modules/pending/discord_utils-1.zip: 16%
1/17/2025, 11:21:03 AM GMT+5:30 [Modules] Streaming discord_utils@1 to /home/ithihas/.config/discord/0.0.80/modules/pending/discord_utils-1.zip: 17%
1/17/2025, 11:21:03 AM GMT+5:30 [Modules] Streaming discord_utils@1 to /home/ithihas/.config/discord/0.0.80/modules/pending/discord_utils-1.zip: 18%
1/17/2025, 11:21:03 AM GMT+5:30 [Modules] Streaming discord_utils@1 to /home/ithihas/.config/discord/0.0.80/modules/pending/discord_utils-1.zip: 19%
1/17/2025, 11:21:03 AM GMT+5:30 [Modules] Streaming discord_utils@1 to /home/ithihas/.config/discord/0.0.80/modules/pending/discord_utils-1.zip: 21%
1/17/2025, 11:21:03 AM GMT+5:30 [Modules] Streaming discord_utils@1 to /home/ithihas/.config/discord/0.0.80/modules/pending/discord_utils-1.zip: 22%
1/17/2025, 11:21:03 AM GMT+5:30 [Modules] Streaming discord_utils@1 to /home/ithihas/.config/discord/0.0.80/modules/pending/discord_utils-1.zip: 23%
1/17/2025, 11:21:03 AM GMT+5:30 [Modules] Streaming discord_utils@1 to /home/ithihas/.config/discord/0.0.80/modules/pending/discord_utils-1.zip: 24%
1/17/2025, 11:21:03 AM GMT+5:30 [Modules] Streaming discord_utils@1 to /home/ithihas/.config/discord/0.0.80/modules/pending/discord_utils-1.zip: 25%
1/17/2025, 11:21:03 AM GMT+5:30 [Modules] Streaming discord_utils@1 to /home/ithihas/.config/discord/0.0.80/modules/pending/discord_utils-1.zip: 26%
1/17/2025, 11:21:03 AM GMT+5:30 [Modules] Streaming discord_utils@1 to /home/ithihas/.config/discord/0.0.80/modules/pending/discord_utils-1.zip: 27%
1/17/2025, 11:21:03 AM GMT+5:30 [Modules] Streaming discord_utils@1 to /home/ithihas/.config/discord/0.0.80/modules/pending/discord_utils-1.zip: 28%
1/17/2025, 11:21:03 AM GMT+5:30 [Modules] Streaming discord_utils@1 to /home/ithihas/.config/discord/0.0.80/modules/pending/discord_utils-1.zip: 29%
1/17/2025, 11:21:03 AM GMT+5:30 [Modules] Streaming discord_utils@1 to /home/ithihas/.config/discord/0.0.80/modules/pending/discord_utils-1.zip: 30%
1/17/2025, 11:21:03 AM GMT+5:30 [Modules] Streaming discord_utils@1 to /home/ithihas/.config/discord/0.0.80/modules/pending/discord_utils-1.zip: 31%
1/17/2025, 11:21:03 AM GMT+5:30 [Modules] Streaming discord_utils@1 to /home/ithihas/.config/discord/0.0.80/modules/pending/discord_utils-1.zip: 32%
1/17/2025, 11:21:03 AM GMT+5:30 [Modules] Streaming discord_utils@1 to /home/ithihas/.config/discord/0.0.80/modules/pending/discord_utils-1.zip: 33%
1/17/2025, 11:21:03 AM GMT+5:30 [Modules] Streaming discord_utils@1 to /home/ithihas/.config/discord/0.0.80/modules/pending/discord_utils-1.zip: 34%
1/17/2025, 11:21:03 AM GMT+5:30 [Modules] Streaming discord_utils@1 to /home/ithihas/.config/discord/0.0.80/modules/pending/discord_utils-1.zip: 35%
1/17/2025, 11:21:03 AM GMT+5:30 [Modules] Streaming discord_utils@1 to /home/ithihas/.config/discord/0.0.80/modules/pending/discord_utils-1.zip: 36%
1/17/2025, 11:21:03 AM GMT+5:30 [Modules] Streaming discord_utils@1 to /home/ithihas/.config/discord/0.0.80/modules/pending/discord_utils-1.zip: 37%
1/17/2025, 11:21:03 AM GMT+5:30 [Modules] Streaming discord_utils@1 to /home/ithihas/.config/discord/0.0.80/modules/pending/discord_utils-1.zip: 38%
1/17/2025, 11:21:03 AM GMT+5:30 [Modules] Streaming discord_utils@1 to /home/ithihas/.config/discord/0.0.80/modules/pending/discord_utils-1.zip: 39%
1/17/2025, 11:21:03 AM GMT+5:30 [Modules] Streaming discord_utils@1 to /home/ithihas/.config/discord/0.0.80/modules/pending/discord_utils-1.zip: 41%
1/17/2025, 11:21:03 AM GMT+5:30 [Modules] Streaming discord_utils@1 to /home/ithihas/.config/discord/0.0.80/modules/pending/discord_utils-1.zip: 42%
1/17/2025, 11:21:03 AM GMT+5:30 [Modules] Streaming discord_utils@1 to /home/ithihas/.config/discord/0.0.80/modules/pending/discord_utils-1.zip: 43%
1/17/2025, 11:21:03 AM GMT+5:30 [Modules] Streaming discord_utils@1 to /home/ithihas/.config/discord/0.0.80/modules/pending/discord_utils-1.zip: 44%
1/17/2025, 11:21:03 AM GMT+5:30 [Modules] Streaming discord_utils@1 to /home/ithihas/.config/discord/0.0.80/modules/pending/discord_utils-1.zip: 45%
1/17/2025, 11:21:03 AM GMT+5:30 [Modules] Streaming discord_utils@1 to /home/ithihas/.config/discord/0.0.80/modules/pending/discord_utils-1.zip: 46%
1/17/2025, 11:21:03 AM GMT+5:30 [Modules] Streaming discord_utils@1 to /home/ithihas/.config/discord/0.0.80/modules/pending/discord_utils-1.zip: 47%
1/17/2025, 11:21:03 AM GMT+5:30 [Modules] Streaming discord_utils@1 to /home/ithihas/.config/discord/0.0.80/modules/pending/discord_utils-1.zip: 49%
1/17/2025, 11:21:03 AM GMT+5:30 [Modules] Streaming discord_utils@1 to /home/ithihas/.config/discord/0.0.80/modules/pending/discord_utils-1.zip: 51%
1/17/2025, 11:21:03 AM GMT+5:30 [Modules] Streaming discord_utils@1 to /home/ithihas/.config/discord/0.0.80/modules/pending/discord_utils-1.zip: 52%
1/17/2025, 11:21:03 AM GMT+5:30 [Modules] Streaming discord_utils@1 to /home/ithihas/.config/discord/0.0.80/modules/pending/discord_utils-1.zip: 54%
1/17/2025, 11:21:03 AM GMT+5:30 [Modules] Streaming discord_utils@1 to /home/ithihas/.config/discord/0.0.80/modules/pending/discord_utils-1.zip: 56%
1/17/2025, 11:21:03 AM GMT+5:30 [Modules] Streaming discord_utils@1 to /home/ithihas/.config/discord/0.0.80/modules/pending/discord_utils-1.zip: 58%
1/17/2025, 11:21:03 AM GMT+5:30 [Modules] Streaming discord_utils@1 to /home/ithihas/.config/discord/0.0.80/modules/pending/discord_utils-1.zip: 59%
1/17/2025, 11:21:03 AM GMT+5:30 [Modules] Streaming discord_utils@1 to /home/ithihas/.config/discord/0.0.80/modules/pending/discord_utils-1.zip: 60%
1/17/2025, 11:21:03 AM GMT+5:30 [Modules] Streaming discord_utils@1 to /home/ithihas/.config/discord/0.0.80/modules/pending/discord_utils-1.zip: 62%
1/17/2025, 11:21:03 AM GMT+5:30 [Modules] Streaming discord_utils@1 to /home/ithihas/.config/discord/0.0.80/modules/pending/discord_utils-1.zip: 63%
1/17/2025, 11:21:03 AM GMT+5:30 [Modules] Streaming discord_utils@1 to /home/ithihas/.config/discord/0.0.80/modules/pending/discord_utils-1.zip: 64%
1/17/2025, 11:21:03 AM GMT+5:30 [Modules] Streaming discord_utils@1 to /home/ithihas/.config/discord/0.0.80/modules/pending/discord_utils-1.zip: 65%
1/17/2025, 11:21:03 AM GMT+5:30 [Modules] Streaming discord_utils@1 to /home/ithihas/.config/discord/0.0.80/modules/pending/discord_utils-1.zip: 66%
1/17/2025, 11:21:03 AM GMT+5:30 [Modules] Streaming discord_utils@1 to /home/ithihas/.config/discord/0.0.80/modules/pending/discord_utils-1.zip: 68%
1/17/2025, 11:21:03 AM GMT+5:30 [Modules] Streaming discord_utils@1 to /home/ithihas/.config/discord/0.0.80/modules/pending/discord_utils-1.zip: 69%
1/17/2025, 11:21:03 AM GMT+5:30 [Modules] Streaming discord_utils@1 to /home/ithihas/.config/discord/0.0.80/modules/pending/discord_utils-1.zip: 70%
1/17/2025, 11:21:03 AM GMT+5:30 [Modules] Streaming discord_utils@1 to /home/ithihas/.config/discord/0.0.80/modules/pending/discord_utils-1.zip: 71%
1/17/2025, 11:21:03 AM GMT+5:30 [Modules] Streaming discord_utils@1 to /home/ithihas/.config/discord/0.0.80/modules/pending/discord_utils-1.zip: 72%
1/17/2025, 11:21:03 AM GMT+5:30 [Modules] Streaming discord_utils@1 to /home/ithihas/.config/discord/0.0.80/modules/pending/discord_utils-1.zip: 73%
1/17/2025, 11:21:03 AM GMT+5:30 [Modules] Streaming discord_utils@1 to /home/ithihas/.config/discord/0.0.80/modules/pending/discord_utils-1.zip: 74%
1/17/2025, 11:21:03 AM GMT+5:30 [Modules] Streaming discord_utils@1 to /home/ithihas/.config/discord/0.0.80/modules/pending/discord_utils-1.zip: 75%
1/17/2025, 11:21:03 AM GMT+5:30 [Modules] Streaming discord_utils@1 to /home/ithihas/.config/discord/0.0.80/modules/pending/discord_utils-1.zip: 76%
1/17/2025, 11:21:03 AM GMT+5:30 [Modules] Streaming discord_utils@1 to /home/ithihas/.config/discord/0.0.80/modules/pending/discord_utils-1.zip: 77%
1/17/2025, 11:21:03 AM GMT+5:30 [Modules] Streaming discord_utils@1 to /home/ithihas/.config/discord/0.0.80/modules/pending/discord_utils-1.zip: 78%
1/17/2025, 11:21:03 AM GMT+5:30 [Modules] Streaming discord_utils@1 to /home/ithihas/.config/discord/0.0.80/modules/pending/discord_utils-1.zip: 80%
1/17/2025, 11:21:03 AM GMT+5:30 [Modules] Streaming discord_utils@1 to /home/ithihas/.config/discord/0.0.80/modules/pending/discord_utils-1.zip: 82%
1/17/2025, 11:21:03 AM GMT+5:30 [Modules] Streaming discord_utils@1 to /home/ithihas/.config/discord/0.0.80/modules/pending/discord_utils-1.zip: 83%
1/17/2025, 11:21:03 AM GMT+5:30 [Modules] Streaming discord_utils@1 to /home/ithihas/.config/discord/0.0.80/modules/pending/discord_utils-1.zip: 84%
1/17/2025, 11:21:03 AM GMT+5:30 [Modules] Streaming discord_utils@1 to /home/ithihas/.config/discord/0.0.80/modules/pending/discord_utils-1.zip: 85%
1/17/2025, 11:21:03 AM GMT+5:30 [Modules] Streaming discord_utils@1 to /home/ithihas/.config/discord/0.0.80/modules/pending/discord_utils-1.zip: 86%
1/17/2025, 11:21:03 AM GMT+5:30 [Modules] Streaming discord_utils@1 to /home/ithihas/.config/discord/0.0.80/modules/pending/discord_utils-1.zip: 88%
1/17/2025, 11:21:03 AM GMT+5:30 [Modules] Streaming discord_utils@1 to /home/ithihas/.config/discord/0.0.80/modules/pending/discord_utils-1.zip: 90%
1/17/2025, 11:21:03 AM GMT+5:30 [Modules] Streaming discord_utils@1 to /home/ithihas/.config/discord/0.0.80/modules/pending/discord_utils-1.zip: 91%
1/17/2025, 11:21:03 AM GMT+5:30 [Modules] Streaming discord_utils@1 to /home/ithihas/.config/discord/0.0.80/modules/pending/discord_utils-1.zip: 92%
1/17/2025, 11:21:03 AM GMT+5:30 [Modules] Streaming discord_utils@1 to /home/ithihas/.config/discord/0.0.80/modules/pending/discord_utils-1.zip: 93%
1/17/2025, 11:21:03 AM GMT+5:30 [Modules] Streaming discord_utils@1 to /home/ithihas/.config/discord/0.0.80/modules/pending/discord_utils-1.zip: 94%
1/17/2025, 11:21:03 AM GMT+5:30 [Modules] Streaming discord_utils@1 to /home/ithihas/.config/discord/0.0.80/modules/pending/discord_utils-1.zip: 95%
1/17/2025, 11:21:03 AM GMT+5:30 [Modules] Streaming discord_utils@1 to /home/ithihas/.config/discord/0.0.80/modules/pending/discord_utils-1.zip: 96%
1/17/2025, 11:21:03 AM GMT+5:30 [Modules] Streaming discord_utils@1 to /home/ithihas/.config/discord/0.0.80/modules/pending/discord_utils-1.zip: 97%
1/17/2025, 11:21:03 AM GMT+5:30 [Modules] Streaming discord_utils@1 to /home/ithihas/.config/discord/0.0.80/modules/pending/discord_utils-1.zip: 98%
1/17/2025, 11:21:03 AM GMT+5:30 [Modules] Streaming discord_utils@1 to /home/ithihas/.config/discord/0.0.80/modules/pending/discord_utils-1.zip: 99%
1/17/2025, 11:21:03 AM GMT+5:30 [Modules] Streaming discord_utils@1 to /home/ithihas/.config/discord/0.0.80/modules/pending/discord_utils-1.zip: 100%
1/17/2025, 11:21:03 AM GMT+5:30 [Modules] Fetching discord_voice@1 from https://discord.com/api/modules/stable/discord_voice/1
1/17/2025, 11:21:03 AM GMT+5:30 [Modules] Streaming discord_voice@1 to /home/ithihas/.config/discord/0.0.80/modules/pending/discord_voice-1.zip
1/17/2025, 11:21:04 AM GMT+5:30 [Modules] Streaming discord_voice@1 to /home/ithihas/.config/discord/0.0.80/modules/pending/discord_voice-1.zip: 1%
1/17/2025, 11:21:04 AM GMT+5:30 [Modules] Streaming discord_voice@1 to /home/ithihas/.config/discord/0.0.80/modules/pending/discord_voice-1.zip: 2%
1/17/2025, 11:21:04 AM GMT+5:30 [Modules] Streaming discord_voice@1 to /home/ithihas/.config/discord/0.0.80/modules/pending/discord_voice-1.zip: 3%
1/17/2025, 11:21:04 AM GMT+5:30 [Modules] Streaming discord_voice@1 to /home/ithihas/.config/discord/0.0.80/modules/pending/discord_voice-1.zip: 4%
1/17/2025, 11:21:04 AM GMT+5:30 [Modules] Streaming discord_voice@1 to /home/ithihas/.config/discord/0.0.80/modules/pending/discord_voice-1.zip: 5%
1/17/2025, 11:21:04 AM GMT+5:30 [Modules] Streaming discord_voice@1 to /home/ithihas/.config/discord/0.0.80/modules/pending/discord_voice-1.zip: 6%
1/17/2025, 11:21:04 AM GMT+5:30 [Modules] Streaming discord_voice@1 to /home/ithihas/.config/discord/0.0.80/modules/pending/discord_voice-1.zip: 7%
1/17/2025, 11:21:04 AM GMT+5:30 [Modules] Streaming discord_voice@1 to /home/ithihas/.config/discord/0.0.80/modules/pending/discord_voice-1.zip: 8%
1/17/2025, 11:21:04 AM GMT+5:30 [Modules] Streaming discord_voice@1 to /home/ithihas/.config/discord/0.0.80/modules/pending/discord_voice-1.zip: 9%
1/17/2025, 11:21:04 AM GMT+5:30 [Modules] Streaming discord_voice@1 to /home/ithihas/.config/discord/0.0.80/modules/pending/discord_voice-1.zip: 10%
1/17/2025, 11:21:04 AM GMT+5:30 [Modules] Streaming discord_voice@1 to /home/ithihas/.config/discord/0.0.80/modules/pending/discord_voice-1.zip: 11%
1/17/2025, 11:21:04 AM GMT+5:30 [Modules] Streaming discord_voice@1 to /home/ithihas/.config/discord/0.0.80/modules/pending/discord_voice-1.zip: 12%
1/17/2025, 11:21:04 AM GMT+5:30 [Modules] Streaming discord_voice@1 to /home/ithihas/.config/discord/0.0.80/modules/pending/discord_voice-1.zip: 13%
1/17/2025, 11:21:04 AM GMT+5:30 [Modules] Streaming discord_voice@1 to /home/ithihas/.config/discord/0.0.80/modules/pending/discord_voice-1.zip: 14%
1/17/2025, 11:21:04 AM GMT+5:30 [Modules] Streaming discord_voice@1 to /home/ithihas/.config/discord/0.0.80/modules/pending/discord_voice-1.zip: 15%
1/17/2025, 11:21:04 AM GMT+5:30 [Modules] Streaming discord_voice@1 to /home/ithihas/.config/discord/0.0.80/modules/pending/discord_voice-1.zip: 16%
1/17/2025, 11:21:04 AM GMT+5:30 [Modules] Streaming discord_voice@1 to /home/ithihas/.config/discord/0.0.80/modules/pending/discord_voice-1.zip: 17%
1/17/2025, 11:21:04 AM GMT+5:30 [Modules] Streaming discord_voice@1 to /home/ithihas/.config/discord/0.0.80/modules/pending/discord_voice-1.zip: 18%
1/17/2025, 11:21:04 AM GMT+5:30 [Modules] Streaming discord_voice@1 to /home/ithihas/.config/discord/0.0.80/modules/pending/discord_voice-1.zip: 19%
1/17/2025, 11:21:04 AM GMT+5:30 [Modules] Streaming discord_voice@1 to /home/ithihas/.config/discord/0.0.80/modules/pending/discord_voice-1.zip: 20%
1/17/2025, 11:21:04 AM GMT+5:30 [Modules] Streaming discord_voice@1 to /home/ithihas/.config/discord/0.0.80/modules/pending/discord_voice-1.zip: 21%
1/17/2025, 11:21:04 AM GMT+5:30 [Modules] Streaming discord_voice@1 to /home/ithihas/.config/discord/0.0.80/modules/pending/discord_voice-1.zip: 22%
1/17/2025, 11:21:04 AM GMT+5:30 [Modules] Streaming discord_voice@1 to /home/ithihas/.config/discord/0.0.80/modules/pending/discord_voice-1.zip: 23%
1/17/2025, 11:21:04 AM GMT+5:30 [Modules] Streaming discord_voice@1 to /home/ithihas/.config/discord/0.0.80/modules/pending/discord_voice-1.zip: 24%
1/17/2025, 11:21:04 AM GMT+5:30 [Modules] Streaming discord_voice@1 to /home/ithihas/.config/discord/0.0.80/modules/pending/discord_voice-1.zip: 25%
1/17/2025, 11:21:04 AM GMT+5:30 [Modules] Streaming discord_voice@1 to /home/ithihas/.config/discord/0.0.80/modules/pending/discord_voice-1.zip: 26%
1/17/2025, 11:21:04 AM GMT+5:30 [Modules] Streaming discord_voice@1 to /home/ithihas/.config/discord/0.0.80/modules/pending/discord_voice-1.zip: 27%
1/17/2025, 11:21:04 AM GMT+5:30 [Modules] Streaming discord_voice@1 to /home/ithihas/.config/discord/0.0.80/modules/pending/discord_voice-1.zip: 28%
1/17/2025, 11:21:05 AM GMT+5:30 [Modules] Streaming discord_voice@1 to /home/ithihas/.config/discord/0.0.80/modules/pending/discord_voice-1.zip: 29%
1/17/2025, 11:21:05 AM GMT+5:30 [Modules] Streaming discord_voice@1 to /home/ithihas/.config/discord/0.0.80/modules/pending/discord_voice-1.zip: 30%
1/17/2025, 11:21:05 AM GMT+5:30 [Modules] Streaming discord_voice@1 to /home/ithihas/.config/discord/0.0.80/modules/pending/discord_voice-1.zip: 31%
1/17/2025, 11:21:05 AM GMT+5:30 [Modules] Streaming discord_voice@1 to /home/ithihas/.config/discord/0.0.80/modules/pending/discord_voice-1.zip: 32%
1/17/2025, 11:21:05 AM GMT+5:30 [Modules] Streaming discord_voice@1 to /home/ithihas/.config/discord/0.0.80/modules/pending/discord_voice-1.zip: 33%
1/17/2025, 11:21:05 AM GMT+5:30 [Modules] Streaming discord_voice@1 to /home/ithihas/.config/discord/0.0.80/modules/pending/discord_voice-1.zip: 34%
1/17/2025, 11:21:05 AM GMT+5:30 [Modules] Streaming discord_voice@1 to /home/ithihas/.config/discord/0.0.80/modules/pending/discord_voice-1.zip: 35%
1/17/2025, 11:21:05 AM GMT+5:30 [Modules] Streaming discord_voice@1 to /home/ithihas/.config/discord/0.0.80/modules/pending/discord_voice-1.zip: 36%
1/17/2025, 11:21:05 AM GMT+5:30 [Modules] Streaming discord_voice@1 to /home/ithihas/.config/discord/0.0.80/modules/pending/discord_voice-1.zip: 37%
1/17/2025, 11:21:05 AM GMT+5:30 [Modules] Streaming discord_voice@1 to /home/ithihas/.config/discord/0.0.80/modules/pending/discord_voice-1.zip: 38%
1/17/2025, 11:21:05 AM GMT+5:30 [Modules] Streaming discord_voice@1 to /home/ithihas/.config/discord/0.0.80/modules/pending/discord_voice-1.zip: 39%
1/17/2025, 11:21:05 AM GMT+5:30 [Modules] Streaming discord_voice@1 to /home/ithihas/.config/discord/0.0.80/modules/pending/discord_voice-1.zip: 40%
1/17/2025, 11:21:05 AM GMT+5:30 [Modules] Streaming discord_voice@1 to /home/ithihas/.config/discord/0.0.80/modules/pending/discord_voice-1.zip: 41%
1/17/2025, 11:21:05 AM GMT+5:30 [Modules] Streaming discord_voice@1 to /home/ithihas/.config/discord/0.0.80/modules/pending/discord_voice-1.zip: 42%
1/17/2025, 11:21:05 AM GMT+5:30 [Modules] Streaming discord_voice@1 to /home/ithihas/.config/discord/0.0.80/modules/pending/discord_voice-1.zip: 43%
1/17/2025, 11:21:05 AM GMT+5:30 [Modules] Streaming discord_voice@1 to /home/ithihas/.config/discord/0.0.80/modules/pending/discord_voice-1.zip: 44%
1/17/2025, 11:21:05 AM GMT+5:30 [Modules] Streaming discord_voice@1 to /home/ithihas/.config/discord/0.0.80/modules/pending/discord_voice-1.zip: 45%
1/17/2025, 11:21:05 AM GMT+5:30 [Modules] Streaming discord_voice@1 to /home/ithihas/.config/discord/0.0.80/modules/pending/discord_voice-1.zip: 46%
1/17/2025, 11:21:05 AM GMT+5:30 [Modules] Streaming discord_voice@1 to /home/ithihas/.config/discord/0.0.80/modules/pending/discord_voice-1.zip: 47%
1/17/2025, 11:21:05 AM GMT+5:30 [Modules] Streaming discord_voice@1 to /home/ithihas/.config/discord/0.0.80/modules/pending/discord_voice-1.zip: 48%
1/17/2025, 11:21:05 AM GMT+5:30 [Modules] Streaming discord_voice@1 to /home/ithihas/.config/discord/0.0.80/modules/pending/discord_voice-1.zip: 49%
1/17/2025, 11:21:05 AM GMT+5:30 [Modules] Streaming discord_voice@1 to /home/ithihas/.config/discord/0.0.80/modules/pending/discord_voice-1.zip: 50%
1/17/2025, 11:21:05 AM GMT+5:30 [Modules] Streaming discord_voice@1 to /home/ithihas/.config/discord/0.0.80/modules/pending/discord_voice-1.zip: 51%
1/17/2025, 11:21:05 AM GMT+5:30 [Modules] Streaming discord_voice@1 to /home/ithihas/.config/discord/0.0.80/modules/pending/discord_voice-1.zip: 52%
1/17/2025, 11:21:05 AM GMT+5:30 [Modules] Streaming discord_voice@1 to /home/ithihas/.config/discord/0.0.80/modules/pending/discord_voice-1.zip: 53%
1/17/2025, 11:21:05 AM GMT+5:30 [Modules] Streaming discord_voice@1 to /home/ithihas/.config/discord/0.0.80/modules/pending/discord_voice-1.zip: 54%
1/17/2025, 11:21:05 AM GMT+5:30 [Modules] Streaming discord_voice@1 to /home/ithihas/.config/discord/0.0.80/modules/pending/discord_voice-1.zip: 55%
1/17/2025, 11:21:05 AM GMT+5:30 [Modules] Streaming discord_voice@1 to /home/ithihas/.config/discord/0.0.80/modules/pending/discord_voice-1.zip: 56%
1/17/2025, 11:21:05 AM GMT+5:30 [Modules] Streaming discord_voice@1 to /home/ithihas/.config/discord/0.0.80/modules/pending/discord_voice-1.zip: 57%
1/17/2025, 11:21:05 AM GMT+5:30 [Modules] Streaming discord_voice@1 to /home/ithihas/.config/discord/0.0.80/modules/pending/discord_voice-1.zip: 58%
1/17/2025, 11:21:05 AM GMT+5:30 [Modules] Streaming discord_voice@1 to /home/ithihas/.config/discord/0.0.80/modules/pending/discord_voice-1.zip: 59%
1/17/2025, 11:21:05 AM GMT+5:30 [Modules] Streaming discord_voice@1 to /home/ithihas/.config/discord/0.0.80/modules/pending/discord_voice-1.zip: 60%
1/17/2025, 11:21:05 AM GMT+5:30 [Modules] Streaming discord_voice@1 to /home/ithihas/.config/discord/0.0.80/modules/pending/discord_voice-1.zip: 61%
1/17/2025, 11:21:05 AM GMT+5:30 [Modules] Streaming discord_voice@1 to /home/ithihas/.config/discord/0.0.80/modules/pending/discord_voice-1.zip: 62%
1/17/2025, 11:21:05 AM GMT+5:30 [Modules] Streaming discord_voice@1 to /home/ithihas/.config/discord/0.0.80/modules/pending/discord_voice-1.zip: 63%
1/17/2025, 11:21:05 AM GMT+5:30 [Modules] Streaming discord_voice@1 to /home/ithihas/.config/discord/0.0.80/modules/pending/discord_voice-1.zip: 64%
1/17/2025, 11:21:05 AM GMT+5:30 [Modules] Streaming discord_voice@1 to /home/ithihas/.config/discord/0.0.80/modules/pending/discord_voice-1.zip: 65%
1/17/2025, 11:21:06 AM GMT+5:30 [Modules] Streaming discord_voice@1 to /home/ithihas/.config/discord/0.0.80/modules/pending/discord_voice-1.zip: 66%
1/17/2025, 11:21:06 AM GMT+5:30 [Modules] Streaming discord_voice@1 to /home/ithihas/.config/discord/0.0.80/modules/pending/discord_voice-1.zip: 67%
1/17/2025, 11:21:06 AM GMT+5:30 [Modules] Streaming discord_voice@1 to /home/ithihas/.config/discord/0.0.80/modules/pending/discord_voice-1.zip: 68%
1/17/2025, 11:21:06 AM GMT+5:30 [Modules] Streaming discord_voice@1 to /home/ithihas/.config/discord/0.0.80/modules/pending/discord_voice-1.zip: 69%
1/17/2025, 11:21:06 AM GMT+5:30 [Modules] Streaming discord_voice@1 to /home/ithihas/.config/discord/0.0.80/modules/pending/discord_voice-1.zip: 70%
1/17/2025, 11:21:06 AM GMT+5:30 [Modules] Streaming discord_voice@1 to /home/ithihas/.config/discord/0.0.80/modules/pending/discord_voice-1.zip: 71%
1/17/2025, 11:21:06 AM GMT+5:30 [Modules] Streaming discord_voice@1 to /home/ithihas/.config/discord/0.0.80/modules/pending/discord_voice-1.zip: 72%
1/17/2025, 11:21:06 AM GMT+5:30 [Modules] Streaming discord_voice@1 to /home/ithihas/.config/discord/0.0.80/modules/pending/discord_voice-1.zip: 73%
1/17/2025, 11:21:06 AM GMT+5:30 [Modules] Streaming discord_voice@1 to /home/ithihas/.config/discord/0.0.80/modules/pending/discord_voice-1.zip: 74%
1/17/2025, 11:21:06 AM GMT+5:30 [Modules] Streaming discord_voice@1 to /home/ithihas/.config/discord/0.0.80/modules/pending/discord_voice-1.zip: 75%
1/17/2025, 11:21:06 AM GMT+5:30 [Modules] Streaming discord_voice@1 to /home/ithihas/.config/discord/0.0.80/modules/pending/discord_voice-1.zip: 76%
1/17/2025, 11:21:06 AM GMT+5:30 [Modules] Streaming discord_voice@1 to /home/ithihas/.config/discord/0.0.80/modules/pending/discord_voice-1.zip: 77%
1/17/2025, 11:21:06 AM GMT+5:30 [Modules] Streaming discord_voice@1 to /home/ithihas/.config/discord/0.0.80/modules/pending/discord_voice-1.zip: 78%
1/17/2025, 11:21:06 AM GMT+5:30 [Modules] Streaming discord_voice@1 to /home/ithihas/.config/discord/0.0.80/modules/pending/discord_voice-1.zip: 79%
1/17/2025, 11:21:06 AM GMT+5:30 [Modules] Streaming discord_voice@1 to /home/ithihas/.config/discord/0.0.80/modules/pending/discord_voice-1.zip: 80%
1/17/2025, 11:21:06 AM GMT+5:30 [Modules] Streaming discord_voice@1 to /home/ithihas/.config/discord/0.0.80/modules/pending/discord_voice-1.zip: 81%
1/17/2025, 11:21:06 AM GMT+5:30 [Modules] Streaming discord_voice@1 to /home/ithihas/.config/discord/0.0.80/modules/pending/discord_voice-1.zip: 82%
1/17/2025, 11:21:06 AM GMT+5:30 [Modules] Streaming discord_voice@1 to /home/ithihas/.config/discord/0.0.80/modules/pending/discord_voice-1.zip: 83%
1/17/2025, 11:21:06 AM GMT+5:30 [Modules] Streaming discord_voice@1 to /home/ithihas/.config/discord/0.0.80/modules/pending/discord_voice-1.zip: 84%
1/17/2025, 11:21:06 AM GMT+5:30 [Modules] Streaming discord_voice@1 to /home/ithihas/.config/discord/0.0.80/modules/pending/discord_voice-1.zip: 85%
1/17/2025, 11:21:06 AM GMT+5:30 [Modules] Streaming discord_voice@1 to /home/ithihas/.config/discord/0.0.80/modules/pending/discord_voice-1.zip: 86%
1/17/2025, 11:21:06 AM GMT+5:30 [Modules] Streaming discord_voice@1 to /home/ithihas/.config/discord/0.0.80/modules/pending/discord_voice-1.zip: 87%
1/17/2025, 11:21:06 AM GMT+5:30 [Modules] Streaming discord_voice@1 to /home/ithihas/.config/discord/0.0.80/modules/pending/discord_voice-1.zip: 88%
1/17/2025, 11:21:06 AM GMT+5:30 [Modules] Streaming discord_voice@1 to /home/ithihas/.config/discord/0.0.80/modules/pending/discord_voice-1.zip: 89%
1/17/2025, 11:21:06 AM GMT+5:30 [Modules] Streaming discord_voice@1 to /home/ithihas/.config/discord/0.0.80/modules/pending/discord_voice-1.zip: 90%
1/17/2025, 11:21:06 AM GMT+5:30 [Modules] Streaming discord_voice@1 to /home/ithihas/.config/discord/0.0.80/modules/pending/discord_voice-1.zip: 91%
1/17/2025, 11:21:06 AM GMT+5:30 [Modules] Streaming discord_voice@1 to /home/ithihas/.config/discord/0.0.80/modules/pending/discord_voice-1.zip: 92%
1/17/2025, 11:21:06 AM GMT+5:30 [Modules] Streaming discord_voice@1 to /home/ithihas/.config/discord/0.0.80/modules/pending/discord_voice-1.zip: 93%
1/17/2025, 11:21:06 AM GMT+5:30 [Modules] Streaming discord_voice@1 to /home/ithihas/.config/discord/0.0.80/modules/pending/discord_voice-1.zip: 94%
1/17/2025, 11:21:06 AM GMT+5:30 [Modules] Streaming discord_voice@1 to /home/ithihas/.config/discord/0.0.80/modules/pending/discord_voice-1.zip: 95%
1/17/2025, 11:21:06 AM GMT+5:30 [Modules] Streaming discord_voice@1 to /home/ithihas/.config/discord/0.0.80/modules/pending/discord_voice-1.zip: 96%
1/17/2025, 11:21:06 AM GMT+5:30 [Modules] Streaming discord_voice@1 to /home/ithihas/.config/discord/0.0.80/modules/pending/discord_voice-1.zip: 97%
1/17/2025, 11:21:06 AM GMT+5:30 [Modules] Streaming discord_voice@1 to /home/ithihas/.config/discord/0.0.80/modules/pending/discord_voice-1.zip: 98%
1/17/2025, 11:21:06 AM GMT+5:30 [Modules] Streaming discord_voice@1 to /home/ithihas/.config/discord/0.0.80/modules/pending/discord_voice-1.zip: 99%
1/17/2025, 11:21:06 AM GMT+5:30 [Modules] Streaming discord_voice@1 to /home/ithihas/.config/discord/0.0.80/modules/pending/discord_voice-1.zip: 100%
1/17/2025, 11:21:06 AM GMT+5:30 [Modules] Fetching discord_zstd@1 from https://discord.com/api/modules/stable/discord_zstd/1
1/17/2025, 11:21:06 AM GMT+5:30 [Modules] Streaming discord_zstd@1 to /home/ithihas/.config/discord/0.0.80/modules/pending/discord_zstd-1.zip
1/17/2025, 11:21:07 AM GMT+5:30 [Modules] Streaming discord_zstd@1 to /home/ithihas/.config/discord/0.0.80/modules/pending/discord_zstd-1.zip: 8%
1/17/2025, 11:21:07 AM GMT+5:30 [Modules] Streaming discord_zstd@1 to /home/ithihas/.config/discord/0.0.80/modules/pending/discord_zstd-1.zip: 20%
1/17/2025, 11:21:07 AM GMT+5:30 [Modules] Streaming discord_zstd@1 to /home/ithihas/.config/discord/0.0.80/modules/pending/discord_zstd-1.zip: 25%
1/17/2025, 11:21:07 AM GMT+5:30 [Modules] Streaming discord_zstd@1 to /home/ithihas/.config/discord/0.0.80/modules/pending/discord_zstd-1.zip: 29%
1/17/2025, 11:21:07 AM GMT+5:30 [Modules] Streaming discord_zstd@1 to /home/ithihas/.config/discord/0.0.80/modules/pending/discord_zstd-1.zip: 37%
1/17/2025, 11:21:07 AM GMT+5:30 [Modules] Streaming discord_zstd@1 to /home/ithihas/.config/discord/0.0.80/modules/pending/discord_zstd-1.zip: 41%
1/17/2025, 11:21:07 AM GMT+5:30 [Modules] Streaming discord_zstd@1 to /home/ithihas/.config/discord/0.0.80/modules/pending/discord_zstd-1.zip: 58%
1/17/2025, 11:21:07 AM GMT+5:30 [Modules] Streaming discord_zstd@1 to /home/ithihas/.config/discord/0.0.80/modules/pending/discord_zstd-1.zip: 67%
1/17/2025, 11:21:07 AM GMT+5:30 [Modules] Streaming discord_zstd@1 to /home/ithihas/.config/discord/0.0.80/modules/pending/discord_zstd-1.zip: 71%
1/17/2025, 11:21:07 AM GMT+5:30 [Modules] Streaming discord_zstd@1 to /home/ithihas/.config/discord/0.0.80/modules/pending/discord_zstd-1.zip: 75%
1/17/2025, 11:21:07 AM GMT+5:30 [Modules] Streaming discord_zstd@1 to /home/ithihas/.config/discord/0.0.80/modules/pending/discord_zstd-1.zip: 84%
1/17/2025, 11:21:07 AM GMT+5:30 [Modules] Streaming discord_zstd@1 to /home/ithihas/.config/discord/0.0.80/modules/pending/discord_zstd-1.zip: 88%
1/17/2025, 11:21:07 AM GMT+5:30 [Modules] Streaming discord_zstd@1 to /home/ithihas/.config/discord/0.0.80/modules/pending/discord_zstd-1.zip: 96%
1/17/2025, 11:21:07 AM GMT+5:30 [Modules] Streaming discord_zstd@1 to /home/ithihas/.config/discord/0.0.80/modules/pending/discord_zstd-1.zip: 100%
1/17/2025, 11:21:07 AM GMT+5:30 [Modules] Finished module downloads. [success: 6] [failure: 0]
1/17/2025, 11:21:07 AM GMT+5:30 [Modules] Installing updates...
1/17/2025, 11:21:07 AM GMT+5:30 [Modules] Installing discord_desktop_core@1 from /home/ithihas/.config/discord/0.0.80/modules/pending/discord_desktop_core-1.zip
1/17/2025, 11:21:07 AM GMT+5:30 [Modules] Installing discord_erlpack@1 from /home/ithihas/.config/discord/0.0.80/modules/pending/discord_erlpack-1.zip
1/17/2025, 11:21:08 AM GMT+5:30 [Modules] Installing discord_spellcheck@1 from /home/ithihas/.config/discord/0.0.80/modules/pending/discord_spellcheck-1.zip
1/17/2025, 11:21:10 AM GMT+5:30 [Modules] Installing discord_utils@1 from /home/ithihas/.config/discord/0.0.80/modules/pending/discord_utils-1.zip
1/17/2025, 11:21:10 AM GMT+5:30 [Modules] Installing discord_voice@1 from /home/ithihas/.config/discord/0.0.80/modules/pending/discord_voice-1.zip
1/17/2025, 11:21:11 AM GMT+5:30 [Modules] Installing discord_zstd@1 from /home/ithihas/.config/discord/0.0.80/modules/pending/discord_zstd-1.zip
1/17/2025, 11:21:11 AM GMT+5:30 [Modules] Finished module installations. [success: 6] [failure: 0]
1/17/2025, 11:21:11 AM GMT+5:30 [Modules] Checking for host updates.
1/17/2025, 11:21:11 AM GMT+5:30 [Modules] Host is up to date.
1/17/2025, 11:21:11 AM GMT+5:30 [Modules] Checking for module updates at https://discord.com/api/modules/stable/versions.json
1/17/2025, 11:21:11 AM GMT+5:30 [Modules] No module updates available.
1/17/2025, 11:21:13 AM GMT+5:30 [Modules] Starting to install discord_krisp...
1/17/2025, 11:21:13 AM GMT+5:30 [Modules] Fetching discord_krisp@1 from https://discord.com/api/modules/stable/discord_krisp/1
1/17/2025, 11:21:13 AM GMT+5:30 [Modules] Streaming discord_krisp@1 to /home/ithihas/.config/discord/0.0.80/modules/pending/discord_krisp-1.zip
1/17/2025, 11:21:13 AM GMT+5:30 [Modules] Starting to install discord_game_utils...
1/17/2025, 11:21:14 AM GMT+5:30 [Modules] Streaming discord_krisp@1 to /home/ithihas/.config/discord/0.0.80/modules/pending/discord_krisp-1.zip: 1%
1/17/2025, 11:21:14 AM GMT+5:30 [Modules] Streaming discord_krisp@1 to /home/ithihas/.config/discord/0.0.80/modules/pending/discord_krisp-1.zip: 2%
1/17/2025, 11:21:14 AM GMT+5:30 [Modules] Streaming discord_krisp@1 to /home/ithihas/.config/discord/0.0.80/modules/pending/discord_krisp-1.zip: 3%
1/17/2025, 11:21:14 AM GMT+5:30 [Modules] Streaming discord_krisp@1 to /home/ithihas/.config/discord/0.0.80/modules/pending/discord_krisp-1.zip: 4%
1/17/2025, 11:21:14 AM GMT+5:30 [Modules] Streaming discord_krisp@1 to /home/ithihas/.config/discord/0.0.80/modules/pending/discord_krisp-1.zip: 5%
1/17/2025, 11:21:14 AM GMT+5:30 [Modules] Streaming discord_krisp@1 to /home/ithihas/.config/discord/0.0.80/modules/pending/discord_krisp-1.zip: 6%
1/17/2025, 11:21:14 AM GMT+5:30 [Modules] Streaming discord_krisp@1 to /home/ithihas/.config/discord/0.0.80/modules/pending/discord_krisp-1.zip: 7%
1/17/2025, 11:21:14 AM GMT+5:30 [Modules] Streaming discord_krisp@1 to /home/ithihas/.config/discord/0.0.80/modules/pending/discord_krisp-1.zip: 8%
1/17/2025, 11:21:14 AM GMT+5:30 [Modules] Streaming discord_krisp@1 to /home/ithihas/.config/discord/0.0.80/modules/pending/discord_krisp-1.zip: 9%
1/17/2025, 11:21:14 AM GMT+5:30 [Modules] Streaming discord_krisp@1 to /home/ithihas/.config/discord/0.0.80/modules/pending/discord_krisp-1.zip: 10%
1/17/2025, 11:21:14 AM GMT+5:30 [Modules] Streaming discord_krisp@1 to /home/ithihas/.config/discord/0.0.80/modules/pending/discord_krisp-1.zip: 11%
1/17/2025, 11:21:14 AM GMT+5:30 [Modules] Streaming discord_krisp@1 to /home/ithihas/.config/discord/0.0.80/modules/pending/discord_krisp-1.zip: 12%
1/17/2025, 11:21:14 AM GMT+5:30 [Modules] Streaming discord_krisp@1 to /home/ithihas/.config/discord/0.0.80/modules/pending/discord_krisp-1.zip: 13%
1/17/2025, 11:21:14 AM GMT+5:30 [Modules] Streaming discord_krisp@1 to /home/ithihas/.config/discord/0.0.80/modules/pending/discord_krisp-1.zip: 14%
1/17/2025, 11:21:14 AM GMT+5:30 [Modules] Streaming discord_krisp@1 to /home/ithihas/.config/discord/0.0.80/modules/pending/discord_krisp-1.zip: 15%
1/17/2025, 11:21:14 AM GMT+5:30 [Modules] Streaming discord_krisp@1 to /home/ithihas/.config/discord/0.0.80/modules/pending/discord_krisp-1.zip: 16%
1/17/2025, 11:21:14 AM GMT+5:30 [Modules] Streaming discord_krisp@1 to /home/ithihas/.config/discord/0.0.80/modules/pending/discord_krisp-1.zip: 17%
1/17/2025, 11:21:14 AM GMT+5:30 [Modules] Streaming discord_krisp@1 to /home/ithihas/.config/discord/0.0.80/modules/pending/discord_krisp-1.zip: 18%
1/17/2025, 11:21:14 AM GMT+5:30 [Modules] Streaming discord_krisp@1 to /home/ithihas/.config/discord/0.0.80/modules/pending/discord_krisp-1.zip: 19%
1/17/2025, 11:21:14 AM GMT+5:30 [Modules] Streaming discord_krisp@1 to /home/ithihas/.config/discord/0.0.80/modules/pending/discord_krisp-1.zip: 20%
1/17/2025, 11:21:14 AM GMT+5:30 [Modules] Streaming discord_krisp@1 to /home/ithihas/.config/discord/0.0.80/modules/pending/discord_krisp-1.zip: 21%
1/17/2025, 11:21:14 AM GMT+5:30 [Modules] Streaming discord_krisp@1 to /home/ithihas/.config/discord/0.0.80/modules/pending/discord_krisp-1.zip: 22%
1/17/2025, 11:21:14 AM GMT+5:30 [Modules] Streaming discord_krisp@1 to /home/ithihas/.config/discord/0.0.80/modules/pending/discord_krisp-1.zip: 23%
1/17/2025, 11:21:14 AM GMT+5:30 [Modules] Streaming discord_krisp@1 to /home/ithihas/.config/discord/0.0.80/modules/pending/discord_krisp-1.zip: 24%
1/17/2025, 11:21:14 AM GMT+5:30 [Modules] Streaming discord_krisp@1 to /home/ithihas/.config/discord/0.0.80/modules/pending/discord_krisp-1.zip: 25%
1/17/2025, 11:21:14 AM GMT+5:30 [Modules] Streaming discord_krisp@1 to /home/ithihas/.config/discord/0.0.80/modules/pending/discord_krisp-1.zip: 26%
1/17/2025, 11:21:14 AM GMT+5:30 [Modules] Streaming discord_krisp@1 to /home/ithihas/.config/discord/0.0.80/modules/pending/discord_krisp-1.zip: 27%
1/17/2025, 11:21:14 AM GMT+5:30 [Modules] Streaming discord_krisp@1 to /home/ithihas/.config/discord/0.0.80/modules/pending/discord_krisp-1.zip: 28%
1/17/2025, 11:21:15 AM GMT+5:30 [Modules] Streaming discord_krisp@1 to /home/ithihas/.config/discord/0.0.80/modules/pending/discord_krisp-1.zip: 29%
1/17/2025, 11:21:15 AM GMT+5:30 [Modules] Streaming discord_krisp@1 to /home/ithihas/.config/discord/0.0.80/modules/pending/discord_krisp-1.zip: 30%
1/17/2025, 11:21:15 AM GMT+5:30 [Modules] Streaming discord_krisp@1 to /home/ithihas/.config/discord/0.0.80/modules/pending/discord_krisp-1.zip: 31%
1/17/2025, 11:21:15 AM GMT+5:30 [Modules] Streaming discord_krisp@1 to /home/ithihas/.config/discord/0.0.80/modules/pending/discord_krisp-1.zip: 32%
1/17/2025, 11:21:15 AM GMT+5:30 [Modules] Streaming discord_krisp@1 to /home/ithihas/.config/discord/0.0.80/modules/pending/discord_krisp-1.zip: 33%
1/17/2025, 11:21:15 AM GMT+5:30 [Modules] Streaming discord_krisp@1 to /home/ithihas/.config/discord/0.0.80/modules/pending/discord_krisp-1.zip: 34%
1/17/2025, 11:21:15 AM GMT+5:30 [Modules] Streaming discord_krisp@1 to /home/ithihas/.config/discord/0.0.80/modules/pending/discord_krisp-1.zip: 35%
1/17/2025, 11:21:15 AM GMT+5:30 [Modules] Streaming discord_krisp@1 to /home/ithihas/.config/discord/0.0.80/modules/pending/discord_krisp-1.zip: 36%
1/17/2025, 11:21:15 AM GMT+5:30 [Modules] Streaming discord_krisp@1 to /home/ithihas/.config/discord/0.0.80/modules/pending/discord_krisp-1.zip: 37%
1/17/2025, 11:21:15 AM GMT+5:30 [Modules] Streaming discord_krisp@1 to /home/ithihas/.config/discord/0.0.80/modules/pending/discord_krisp-1.zip: 38%
1/17/2025, 11:21:15 AM GMT+5:30 [Modules] Streaming discord_krisp@1 to /home/ithihas/.config/discord/0.0.80/modules/pending/discord_krisp-1.zip: 39%
1/17/2025, 11:21:15 AM GMT+5:30 [Modules] Streaming discord_krisp@1 to /home/ithihas/.config/discord/0.0.80/modules/pending/discord_krisp-1.zip: 40%
1/17/2025, 11:21:15 AM GMT+5:30 [Modules] Streaming discord_krisp@1 to /home/ithihas/.config/discord/0.0.80/modules/pending/discord_krisp-1.zip: 41%
1/17/2025, 11:21:15 AM GMT+5:30 [Modules] Streaming discord_krisp@1 to /home/ithihas/.config/discord/0.0.80/modules/pending/discord_krisp-1.zip: 42%
1/17/2025, 11:21:15 AM GMT+5:30 [Modules] Streaming discord_krisp@1 to /home/ithihas/.config/discord/0.0.80/modules/pending/discord_krisp-1.zip: 43%
1/17/2025, 11:21:15 AM GMT+5:30 [Modules] Streaming discord_krisp@1 to /home/ithihas/.config/discord/0.0.80/modules/pending/discord_krisp-1.zip: 44%
1/17/2025, 11:21:15 AM GMT+5:30 [Modules] Streaming discord_krisp@1 to /home/ithihas/.config/discord/0.0.80/modules/pending/discord_krisp-1.zip: 45%
1/17/2025, 11:21:15 AM GMT+5:30 [Modules] Streaming discord_krisp@1 to /home/ithihas/.config/discord/0.0.80/modules/pending/discord_krisp-1.zip: 46%
1/17/2025, 11:21:15 AM GMT+5:30 [Modules] Streaming discord_krisp@1 to /home/ithihas/.config/discord/0.0.80/modules/pending/discord_krisp-1.zip: 47%
1/17/2025, 11:21:15 AM GMT+5:30 [Modules] Streaming discord_krisp@1 to /home/ithihas/.config/discord/0.0.80/modules/pending/discord_krisp-1.zip: 48%
1/17/2025, 11:21:15 AM GMT+5:30 [Modules] Streaming discord_krisp@1 to /home/ithihas/.config/discord/0.0.80/modules/pending/discord_krisp-1.zip: 49%
1/17/2025, 11:21:15 AM GMT+5:30 [Modules] Streaming discord_krisp@1 to /home/ithihas/.config/discord/0.0.80/modules/pending/discord_krisp-1.zip: 50%
1/17/2025, 11:21:15 AM GMT+5:30 [Modules] Streaming discord_krisp@1 to /home/ithihas/.config/discord/0.0.80/modules/pending/discord_krisp-1.zip: 51%
1/17/2025, 11:21:15 AM GMT+5:30 [Modules] Streaming discord_krisp@1 to /home/ithihas/.config/discord/0.0.80/modules/pending/discord_krisp-1.zip: 52%
1/17/2025, 11:21:15 AM GMT+5:30 [Modules] Streaming discord_krisp@1 to /home/ithihas/.config/discord/0.0.80/modules/pending/discord_krisp-1.zip: 53%
1/17/2025, 11:21:15 AM GMT+5:30 [Modules] Streaming discord_krisp@1 to /home/ithihas/.config/discord/0.0.80/modules/pending/discord_krisp-1.zip: 54%
1/17/2025, 11:21:15 AM GMT+5:30 [Modules] Streaming discord_krisp@1 to /home/ithihas/.config/discord/0.0.80/modules/pending/discord_krisp-1.zip: 55%
1/17/2025, 11:21:16 AM GMT+5:30 [Modules] Streaming discord_krisp@1 to /home/ithihas/.config/discord/0.0.80/modules/pending/discord_krisp-1.zip: 56%
1/17/2025, 11:21:16 AM GMT+5:30 [Modules] Streaming discord_krisp@1 to /home/ithihas/.config/discord/0.0.80/modules/pending/discord_krisp-1.zip: 57%
1/17/2025, 11:21:16 AM GMT+5:30 [Modules] Streaming discord_krisp@1 to /home/ithihas/.config/discord/0.0.80/modules/pending/discord_krisp-1.zip: 58%
1/17/2025, 11:21:16 AM GMT+5:30 [Modules] Streaming discord_krisp@1 to /home/ithihas/.config/discord/0.0.80/modules/pending/discord_krisp-1.zip: 59%
1/17/2025, 11:21:16 AM GMT+5:30 [Modules] Streaming discord_krisp@1 to /home/ithihas/.config/discord/0.0.80/modules/pending/discord_krisp-1.zip: 60%
1/17/2025, 11:21:16 AM GMT+5:30 [Modules] Streaming discord_krisp@1 to /home/ithihas/.config/discord/0.0.80/modules/pending/discord_krisp-1.zip: 61%
1/17/2025, 11:21:16 AM GMT+5:30 [Modules] Streaming discord_krisp@1 to /home/ithihas/.config/discord/0.0.80/modules/pending/discord_krisp-1.zip: 62%
1/17/2025, 11:21:16 AM GMT+5:30 [Modules] Streaming discord_krisp@1 to /home/ithihas/.config/discord/0.0.80/modules/pending/discord_krisp-1.zip: 63%
1/17/2025, 11:21:16 AM GMT+5:30 [Modules] Streaming discord_krisp@1 to /home/ithihas/.config/discord/0.0.80/modules/pending/discord_krisp-1.zip: 64%
1/17/2025, 11:21:16 AM GMT+5:30 [Modules] Streaming discord_krisp@1 to /home/ithihas/.config/discord/0.0.80/modules/pending/discord_krisp-1.zip: 65%
1/17/2025, 11:21:16 AM GMT+5:30 [Modules] Streaming discord_krisp@1 to /home/ithihas/.config/discord/0.0.80/modules/pending/discord_krisp-1.zip: 66%
1/17/2025, 11:21:16 AM GMT+5:30 [Modules] Streaming discord_krisp@1 to /home/ithihas/.config/discord/0.0.80/modules/pending/discord_krisp-1.zip: 67%
1/17/2025, 11:21:16 AM GMT+5:30 [Modules] Streaming discord_krisp@1 to /home/ithihas/.config/discord/0.0.80/modules/pending/discord_krisp-1.zip: 68%
1/17/2025, 11:21:16 AM GMT+5:30 [Modules] Streaming discord_krisp@1 to /home/ithihas/.config/discord/0.0.80/modules/pending/discord_krisp-1.zip: 69%
1/17/2025, 11:21:16 AM GMT+5:30 [Modules] Streaming discord_krisp@1 to /home/ithihas/.config/discord/0.0.80/modules/pending/discord_krisp-1.zip: 70%
1/17/2025, 11:21:16 AM GMT+5:30 [Modules] Streaming discord_krisp@1 to /home/ithihas/.config/discord/0.0.80/modules/pending/discord_krisp-1.zip: 71%
1/17/2025, 11:21:16 AM GMT+5:30 [Modules] Streaming discord_krisp@1 to /home/ithihas/.config/discord/0.0.80/modules/pending/discord_krisp-1.zip: 72%
1/17/2025, 11:21:16 AM GMT+5:30 [Modules] Streaming discord_krisp@1 to /home/ithihas/.config/discord/0.0.80/modules/pending/discord_krisp-1.zip: 73%
1/17/2025, 11:21:16 AM GMT+5:30 [Modules] Streaming discord_krisp@1 to /home/ithihas/.config/discord/0.0.80/modules/pending/discord_krisp-1.zip: 74%
1/17/2025, 11:21:16 AM GMT+5:30 [Modules] Checking for host updates.
1/17/2025, 11:21:16 AM GMT+5:30 [Modules] Streaming discord_krisp@1 to /home/ithihas/.config/discord/0.0.80/modules/pending/discord_krisp-1.zip: 75%
1/17/2025, 11:21:16 AM GMT+5:30 [Modules] Streaming discord_krisp@1 to /home/ithihas/.config/discord/0.0.80/modules/pending/discord_krisp-1.zip: 76%
1/17/2025, 11:21:16 AM GMT+5:30 [Modules] Streaming discord_krisp@1 to /home/ithihas/.config/discord/0.0.80/modules/pending/discord_krisp-1.zip: 77%
1/17/2025, 11:21:16 AM GMT+5:30 [Modules] Streaming discord_krisp@1 to /home/ithihas/.config/discord/0.0.80/modules/pending/discord_krisp-1.zip: 78%
1/17/2025, 11:21:16 AM GMT+5:30 [Modules] Streaming discord_krisp@1 to /home/ithihas/.config/discord/0.0.80/modules/pending/discord_krisp-1.zip: 79%
1/17/2025, 11:21:16 AM GMT+5:30 [Modules] Streaming discord_krisp@1 to /home/ithihas/.config/discord/0.0.80/modules/pending/discord_krisp-1.zip: 80%
1/17/2025, 11:21:16 AM GMT+5:30 [Modules] Streaming discord_krisp@1 to /home/ithihas/.config/discord/0.0.80/modules/pending/discord_krisp-1.zip: 81%
1/17/2025, 11:21:16 AM GMT+5:30 [Modules] Streaming discord_krisp@1 to /home/ithihas/.config/discord/0.0.80/modules/pending/discord_krisp-1.zip: 82%
1/17/2025, 11:21:16 AM GMT+5:30 [Modules] Streaming discord_krisp@1 to /home/ithihas/.config/discord/0.0.80/modules/pending/discord_krisp-1.zip: 83%
1/17/2025, 11:21:16 AM GMT+5:30 [Modules] Starting to install discord_rpc...
1/17/2025, 11:21:16 AM GMT+5:30 [Modules] Streaming discord_krisp@1 to /home/ithihas/.config/discord/0.0.80/modules/pending/discord_krisp-1.zip: 84%
1/17/2025, 11:21:16 AM GMT+5:30 [Modules] Streaming discord_krisp@1 to /home/ithihas/.config/discord/0.0.80/modules/pending/discord_krisp-1.zip: 85%
1/17/2025, 11:21:16 AM GMT+5:30 [Modules] Streaming discord_krisp@1 to /home/ithihas/.config/discord/0.0.80/modules/pending/discord_krisp-1.zip: 86%
1/17/2025, 11:21:16 AM GMT+5:30 [Modules] Streaming discord_krisp@1 to /home/ithihas/.config/discord/0.0.80/modules/pending/discord_krisp-1.zip: 87%
1/17/2025, 11:21:16 AM GMT+5:30 [Modules] Streaming discord_krisp@1 to /home/ithihas/.config/discord/0.0.80/modules/pending/discord_krisp-1.zip: 88%
1/17/2025, 11:21:16 AM GMT+5:30 [Modules] Streaming discord_krisp@1 to /home/ithihas/.config/discord/0.0.80/modules/pending/discord_krisp-1.zip: 89%
1/17/2025, 11:21:16 AM GMT+5:30 [Modules] Streaming discord_krisp@1 to /home/ithihas/.config/discord/0.0.80/modules/pending/discord_krisp-1.zip: 90%
1/17/2025, 11:21:16 AM GMT+5:30 [Modules] Streaming discord_krisp@1 to /home/ithihas/.config/discord/0.0.80/modules/pending/discord_krisp-1.zip: 91%
1/17/2025, 11:21:16 AM GMT+5:30 [Modules] Host is up to date.
1/17/2025, 11:21:16 AM GMT+5:30 [Modules] Checking for module updates at https://discord.com/api/modules/stable/versions.json
1/17/2025, 11:21:16 AM GMT+5:30 [Modules] No module updates available.
1/17/2025, 11:21:17 AM GMT+5:30 [Modules] Streaming discord_krisp@1 to /home/ithihas/.config/discord/0.0.80/modules/pending/discord_krisp-1.zip: 92%
1/17/2025, 11:21:17 AM GMT+5:30 [Modules] Streaming discord_krisp@1 to /home/ithihas/.config/discord/0.0.80/modules/pending/discord_krisp-1.zip: 93%
1/17/2025, 11:21:17 AM GMT+5:30 [Modules] Streaming discord_krisp@1 to /home/ithihas/.config/discord/0.0.80/modules/pending/discord_krisp-1.zip: 100%
1/17/2025, 11:21:17 AM GMT+5:30 [Modules] Fetching discord_game_utils@1 from https://discord.com/api/modules/stable/discord_game_utils/1
1/17/2025, 11:21:17 AM GMT+5:30 [Modules] Streaming discord_game_utils@1 to /home/ithihas/.config/discord/0.0.80/modules/pending/discord_game_utils-1.zip
1/17/2025, 11:21:17 AM GMT+5:30 [Modules] Installing discord_krisp@1 from /home/ithihas/.config/discord/0.0.80/modules/pending/discord_krisp-1.zip
1/17/2025, 11:21:17 AM GMT+5:30 [Modules] Streaming discord_game_utils@1 to /home/ithihas/.config/discord/0.0.80/modules/pending/discord_game_utils-1.zip: 2%
1/17/2025, 11:21:17 AM GMT+5:30 [Modules] Streaming discord_game_utils@1 to /home/ithihas/.config/discord/0.0.80/modules/pending/discord_game_utils-1.zip: 3%
1/17/2025, 11:21:17 AM GMT+5:30 [Modules] Streaming discord_game_utils@1 to /home/ithihas/.config/discord/0.0.80/modules/pending/discord_game_utils-1.zip: 4%
1/17/2025, 11:21:17 AM GMT+5:30 [Modules] Streaming discord_game_utils@1 to /home/ithihas/.config/discord/0.0.80/modules/pending/discord_game_utils-1.zip: 5%
1/17/2025, 11:21:17 AM GMT+5:30 [Modules] Streaming discord_game_utils@1 to /home/ithihas/.config/discord/0.0.80/modules/pending/discord_game_utils-1.zip: 6%
1/17/2025, 11:21:17 AM GMT+5:30 [Modules] Streaming discord_game_utils@1 to /home/ithihas/.config/discord/0.0.80/modules/pending/discord_game_utils-1.zip: 7%
1/17/2025, 11:21:17 AM GMT+5:30 [Modules] Streaming discord_game_utils@1 to /home/ithihas/.config/discord/0.0.80/modules/pending/discord_game_utils-1.zip: 8%
1/17/2025, 11:21:17 AM GMT+5:30 [Modules] Streaming discord_game_utils@1 to /home/ithihas/.config/discord/0.0.80/modules/pending/discord_game_utils-1.zip: 10%
1/17/2025, 11:21:17 AM GMT+5:30 [Modules] Streaming discord_game_utils@1 to /home/ithihas/.config/discord/0.0.80/modules/pending/discord_game_utils-1.zip: 11%
1/17/2025, 11:21:17 AM GMT+5:30 [Modules] Streaming discord_game_utils@1 to /home/ithihas/.config/discord/0.0.80/modules/pending/discord_game_utils-1.zip: 12%
1/17/2025, 11:21:17 AM GMT+5:30 [Modules] Streaming discord_game_utils@1 to /home/ithihas/.config/discord/0.0.80/modules/pending/discord_game_utils-1.zip: 14%
1/17/2025, 11:21:17 AM GMT+5:30 [Modules] Streaming discord_game_utils@1 to /home/ithihas/.config/discord/0.0.80/modules/pending/discord_game_utils-1.zip: 15%
1/17/2025, 11:21:17 AM GMT+5:30 [Modules] Streaming discord_game_utils@1 to /home/ithihas/.config/discord/0.0.80/modules/pending/discord_game_utils-1.zip: 16%
1/17/2025, 11:21:17 AM GMT+5:30 [Modules] Streaming discord_game_utils@1 to /home/ithihas/.config/discord/0.0.80/modules/pending/discord_game_utils-1.zip: 18%
1/17/2025, 11:21:17 AM GMT+5:30 [Modules] Streaming discord_game_utils@1 to /home/ithihas/.config/discord/0.0.80/modules/pending/discord_game_utils-1.zip: 19%
1/17/2025, 11:21:17 AM GMT+5:30 [Modules] Streaming discord_game_utils@1 to /home/ithihas/.config/discord/0.0.80/modules/pending/discord_game_utils-1.zip: 20%
1/17/2025, 11:21:17 AM GMT+5:30 [Modules] Streaming discord_game_utils@1 to /home/ithihas/.config/discord/0.0.80/modules/pending/discord_game_utils-1.zip: 21%
1/17/2025, 11:21:17 AM GMT+5:30 [Modules] Streaming discord_game_utils@1 to /home/ithihas/.config/discord/0.0.80/modules/pending/discord_game_utils-1.zip: 22%
1/17/2025, 11:21:17 AM GMT+5:30 [Modules] Streaming discord_game_utils@1 to /home/ithihas/.config/discord/0.0.80/modules/pending/discord_game_utils-1.zip: 23%
1/17/2025, 11:21:17 AM GMT+5:30 [Modules] Streaming discord_game_utils@1 to /home/ithihas/.config/discord/0.0.80/modules/pending/discord_game_utils-1.zip: 25%
1/17/2025, 11:21:17 AM GMT+5:30 [Modules] Streaming discord_game_utils@1 to /home/ithihas/.config/discord/0.0.80/modules/pending/discord_game_utils-1.zip: 27%
1/17/2025, 11:21:17 AM GMT+5:30 [Modules] Streaming discord_game_utils@1 to /home/ithihas/.config/discord/0.0.80/modules/pending/discord_game_utils-1.zip: 28%
1/17/2025, 11:21:17 AM GMT+5:30 [Modules] Streaming discord_game_utils@1 to /home/ithihas/.config/discord/0.0.80/modules/pending/discord_game_utils-1.zip: 29%
1/17/2025, 11:21:17 AM GMT+5:30 [Modules] Streaming discord_game_utils@1 to /home/ithihas/.config/discord/0.0.80/modules/pending/discord_game_utils-1.zip: 30%
1/17/2025, 11:21:17 AM GMT+5:30 [Modules] Streaming discord_game_utils@1 to /home/ithihas/.config/discord/0.0.80/modules/pending/discord_game_utils-1.zip: 31%
1/17/2025, 11:21:17 AM GMT+5:30 [Modules] Streaming discord_game_utils@1 to /home/ithihas/.config/discord/0.0.80/modules/pending/discord_game_utils-1.zip: 32%
1/17/2025, 11:21:17 AM GMT+5:30 [Modules] Streaming discord_game_utils@1 to /home/ithihas/.config/discord/0.0.80/modules/pending/discord_game_utils-1.zip: 34%
1/17/2025, 11:21:17 AM GMT+5:30 [Modules] Streaming discord_game_utils@1 to /home/ithihas/.config/discord/0.0.80/modules/pending/discord_game_utils-1.zip: 35%
1/17/2025, 11:21:17 AM GMT+5:30 [Modules] Streaming discord_game_utils@1 to /home/ithihas/.config/discord/0.0.80/modules/pending/discord_game_utils-1.zip: 37%
1/17/2025, 11:21:17 AM GMT+5:30 [Modules] Streaming discord_game_utils@1 to /home/ithihas/.config/discord/0.0.80/modules/pending/discord_game_utils-1.zip: 39%
1/17/2025, 11:21:17 AM GMT+5:30 [Modules] Streaming discord_game_utils@1 to /home/ithihas/.config/discord/0.0.80/modules/pending/discord_game_utils-1.zip: 40%
1/17/2025, 11:21:17 AM GMT+5:30 [Modules] Streaming discord_game_utils@1 to /home/ithihas/.config/discord/0.0.80/modules/pending/discord_game_utils-1.zip: 41%
1/17/2025, 11:21:17 AM GMT+5:30 [Modules] Streaming discord_game_utils@1 to /home/ithihas/.config/discord/0.0.80/modules/pending/discord_game_utils-1.zip: 42%
1/17/2025, 11:21:17 AM GMT+5:30 [Modules] Streaming discord_game_utils@1 to /home/ithihas/.config/discord/0.0.80/modules/pending/discord_game_utils-1.zip: 43%
1/17/2025, 11:21:18 AM GMT+5:30 [Modules] Streaming discord_game_utils@1 to /home/ithihas/.config/discord/0.0.80/modules/pending/discord_game_utils-1.zip: 44%
1/17/2025, 11:21:18 AM GMT+5:30 [Modules] Streaming discord_game_utils@1 to /home/ithihas/.config/discord/0.0.80/modules/pending/discord_game_utils-1.zip: 45%
1/17/2025, 11:21:18 AM GMT+5:30 [Modules] Streaming discord_game_utils@1 to /home/ithihas/.config/discord/0.0.80/modules/pending/discord_game_utils-1.zip: 46%
1/17/2025, 11:21:18 AM GMT+5:30 [Modules] Streaming discord_game_utils@1 to /home/ithihas/.config/discord/0.0.80/modules/pending/discord_game_utils-1.zip: 47%
1/17/2025, 11:21:18 AM GMT+5:30 [Modules] Streaming discord_game_utils@1 to /home/ithihas/.config/discord/0.0.80/modules/pending/discord_game_utils-1.zip: 48%
1/17/2025, 11:21:18 AM GMT+5:30 [Modules] Streaming discord_game_utils@1 to /home/ithihas/.config/discord/0.0.80/modules/pending/discord_game_utils-1.zip: 51%
1/17/2025, 11:21:18 AM GMT+5:30 [Modules] Streaming discord_game_utils@1 to /home/ithihas/.config/discord/0.0.80/modules/pending/discord_game_utils-1.zip: 52%
1/17/2025, 11:21:18 AM GMT+5:30 [Modules] Streaming discord_game_utils@1 to /home/ithihas/.config/discord/0.0.80/modules/pending/discord_game_utils-1.zip: 54%
1/17/2025, 11:21:18 AM GMT+5:30 [Modules] Streaming discord_game_utils@1 to /home/ithihas/.config/discord/0.0.80/modules/pending/discord_game_utils-1.zip: 56%
1/17/2025, 11:21:18 AM GMT+5:30 [Modules] Streaming discord_game_utils@1 to /home/ithihas/.config/discord/0.0.80/modules/pending/discord_game_utils-1.zip: 57%
1/17/2025, 11:21:18 AM GMT+5:30 [Modules] Streaming discord_game_utils@1 to /home/ithihas/.config/discord/0.0.80/modules/pending/discord_game_utils-1.zip: 58%
1/17/2025, 11:21:18 AM GMT+5:30 [Modules] Streaming discord_game_utils@1 to /home/ithihas/.config/discord/0.0.80/modules/pending/discord_game_utils-1.zip: 60%
1/17/2025, 11:21:18 AM GMT+5:30 [Modules] Streaming discord_game_utils@1 to /home/ithihas/.config/discord/0.0.80/modules/pending/discord_game_utils-1.zip: 61%
1/17/2025, 11:21:18 AM GMT+5:30 [Modules] Streaming discord_game_utils@1 to /home/ithihas/.config/discord/0.0.80/modules/pending/discord_game_utils-1.zip: 62%
1/17/2025, 11:21:18 AM GMT+5:30 [Modules] Streaming discord_game_utils@1 to /home/ithihas/.config/discord/0.0.80/modules/pending/discord_game_utils-1.zip: 64%
1/17/2025, 11:21:18 AM GMT+5:30 [Modules] Streaming discord_game_utils@1 to /home/ithihas/.config/discord/0.0.80/modules/pending/discord_game_utils-1.zip: 65%
1/17/2025, 11:21:18 AM GMT+5:30 [Modules] Streaming discord_game_utils@1 to /home/ithihas/.config/discord/0.0.80/modules/pending/discord_game_utils-1.zip: 67%
1/17/2025, 11:21:18 AM GMT+5:30 [Modules] Streaming discord_game_utils@1 to /home/ithihas/.config/discord/0.0.80/modules/pending/discord_game_utils-1.zip: 68%
1/17/2025, 11:21:18 AM GMT+5:30 [Modules] Streaming discord_game_utils@1 to /home/ithihas/.config/discord/0.0.80/modules/pending/discord_game_utils-1.zip: 69%
1/17/2025, 11:21:18 AM GMT+5:30 [Modules] Streaming discord_game_utils@1 to /home/ithihas/.config/discord/0.0.80/modules/pending/discord_game_utils-1.zip: 70%
1/17/2025, 11:21:18 AM GMT+5:30 [Modules] Streaming discord_game_utils@1 to /home/ithihas/.config/discord/0.0.80/modules/pending/discord_game_utils-1.zip: 71%
1/17/2025, 11:21:18 AM GMT+5:30 [Modules] Streaming discord_game_utils@1 to /home/ithihas/.config/discord/0.0.80/modules/pending/discord_game_utils-1.zip: 72%
1/17/2025, 11:21:18 AM GMT+5:30 [Modules] Streaming discord_game_utils@1 to /home/ithihas/.config/discord/0.0.80/modules/pending/discord_game_utils-1.zip: 74%
1/17/2025, 11:21:18 AM GMT+5:30 [Modules] Streaming discord_game_utils@1 to /home/ithihas/.config/discord/0.0.80/modules/pending/discord_game_utils-1.zip: 75%
1/17/2025, 11:21:18 AM GMT+5:30 [Modules] Streaming discord_game_utils@1 to /home/ithihas/.config/discord/0.0.80/modules/pending/discord_game_utils-1.zip: 77%
1/17/2025, 11:21:18 AM GMT+5:30 [Modules] Streaming discord_game_utils@1 to /home/ithihas/.config/discord/0.0.80/modules/pending/discord_game_utils-1.zip: 78%
1/17/2025, 11:21:18 AM GMT+5:30 [Modules] Streaming discord_game_utils@1 to /home/ithihas/.config/discord/0.0.80/modules/pending/discord_game_utils-1.zip: 80%
1/17/2025, 11:21:18 AM GMT+5:30 [Modules] Streaming discord_game_utils@1 to /home/ithihas/.config/discord/0.0.80/modules/pending/discord_game_utils-1.zip: 81%
1/17/2025, 11:21:18 AM GMT+5:30 [Modules] Streaming discord_game_utils@1 to /home/ithihas/.config/discord/0.0.80/modules/pending/discord_game_utils-1.zip: 82%
1/17/2025, 11:21:18 AM GMT+5:30 [Modules] Streaming discord_game_utils@1 to /home/ithihas/.config/discord/0.0.80/modules/pending/discord_game_utils-1.zip: 83%
1/17/2025, 11:21:18 AM GMT+5:30 [Modules] Streaming discord_game_utils@1 to /home/ithihas/.config/discord/0.0.80/modules/pending/discord_game_utils-1.zip: 84%
1/17/2025, 11:21:18 AM GMT+5:30 [Modules] Streaming discord_game_utils@1 to /home/ithihas/.config/discord/0.0.80/modules/pending/discord_game_utils-1.zip: 87%
1/17/2025, 11:21:18 AM GMT+5:30 [Modules] Streaming discord_game_utils@1 to /home/ithihas/.config/discord/0.0.80/modules/pending/discord_game_utils-1.zip: 88%
1/17/2025, 11:21:18 AM GMT+5:30 [Modules] Streaming discord_game_utils@1 to /home/ithihas/.config/discord/0.0.80/modules/pending/discord_game_utils-1.zip: 91%
1/17/2025, 11:21:18 AM GMT+5:30 [Modules] Streaming discord_game_utils@1 to /home/ithihas/.config/discord/0.0.80/modules/pending/discord_game_utils-1.zip: 95%
1/17/2025, 11:21:18 AM GMT+5:30 [Modules] Streaming discord_game_utils@1 to /home/ithihas/.config/discord/0.0.80/modules/pending/discord_game_utils-1.zip: 96%
1/17/2025, 11:21:18 AM GMT+5:30 [Modules] Streaming discord_game_utils@1 to /home/ithihas/.config/discord/0.0.80/modules/pending/discord_game_utils-1.zip: 97%
1/17/2025, 11:21:18 AM GMT+5:30 [Modules] Streaming discord_game_utils@1 to /home/ithihas/.config/discord/0.0.80/modules/pending/discord_game_utils-1.zip: 99%
1/17/2025, 11:21:18 AM GMT+5:30 [Modules] Streaming discord_game_utils@1 to /home/ithihas/.config/discord/0.0.80/modules/pending/discord_game_utils-1.zip: 100%
1/17/2025, 11:21:18 AM GMT+5:30 [Modules] Fetching discord_rpc@1 from https://discord.com/api/modules/stable/discord_rpc/1
1/17/2025, 11:21:18 AM GMT+5:30 [Modules] Streaming discord_rpc@1 to /home/ithihas/.config/discord/0.0.80/modules/pending/discord_rpc-1.zip
1/17/2025, 11:21:18 AM GMT+5:30 [Modules] Installing discord_game_utils@1 from /home/ithihas/.config/discord/0.0.80/modules/pending/discord_game_utils-1.zip
1/17/2025, 11:21:18 AM GMT+5:30 [Modules] Finished module installations. [success: 2] [failure: 0]
1/17/2025, 11:21:18 AM GMT+5:30 [Modules] Streaming discord_rpc@1 to /home/ithihas/.config/discord/0.0.80/modules/pending/discord_rpc-1.zip: 100%
1/17/2025, 11:21:18 AM GMT+5:30 [Modules] Finished module downloads. [success: 3] [failure: 0]
1/17/2025, 11:21:18 AM GMT+5:30 [Modules] Installing discord_rpc@1 from /home/ithihas/.config/discord/0.0.80/modules/pending/discord_rpc-1.zip
1/17/2025, 11:21:18 AM GMT+5:30 [Modules] Finished module installations. [success: 1] [failure: 0]
1/23/2025, 11:36:14 AM GMT+5:30 [Modules] Modules initializing
1/23/2025, 11:36:14 AM GMT+5:30 [Modules] Distribution: remote
1/23/2025, 11:36:14 AM GMT+5:30 [Modules] Host updates: enabled
1/23/2025, 11:36:14 AM GMT+5:30 [Modules] Module updates: enabled
1/23/2025, 11:36:14 AM GMT+5:30 [Modules] Module install path: /home/ithihas/.config/discord/0.0.81/modules
1/23/2025, 11:36:14 AM GMT+5:30 [Modules] Module installed file path: /home/ithihas/.config/discord/0.0.81/modules/installed.json
1/23/2025, 11:36:14 AM GMT+5:30 [Modules] Module download path: /home/ithihas/.config/discord/0.0.81/modules/pending
1/23/2025, 11:36:14 AM GMT+5:30 [Modules] Bootstrapping...
1/23/2025, 11:36:14 AM GMT+5:30 [Modules] Installing discord_desktop_core@0 from /opt/discord/resources/bootstrap/discord_desktop_core.zip
1/23/2025, 11:36:14 AM GMT+5:30 [Modules] Failed installing discord_desktop_core@0: Error: ENOENT: no such file or directory, open '/opt/discord/resources/bootstrap/discord_desktop_core.zip'
1/23/2025, 11:36:14 AM GMT+5:30 [Modules] Installing discord_erlpack@0 from /opt/discord/resources/bootstrap/discord_erlpack.zip
1/23/2025, 11:36:14 AM GMT+5:30 [Modules] Failed installing discord_erlpack@0: Error: ENOENT: no such file or directory, open '/opt/discord/resources/bootstrap/discord_erlpack.zip'
1/23/2025, 11:36:14 AM GMT+5:30 [Modules] Installing discord_spellcheck@0 from /opt/discord/resources/bootstrap/discord_spellcheck.zip
1/23/2025, 11:36:14 AM GMT+5:30 [Modules] Failed installing discord_spellcheck@0: Error: ENOENT: no such file or directory, open '/opt/discord/resources/bootstrap/discord_spellcheck.zip'
1/23/2025, 11:36:14 AM GMT+5:30 [Modules] Installing discord_utils@0 from /opt/discord/resources/bootstrap/discord_utils.zip
1/23/2025, 11:36:14 AM GMT+5:30 [Modules] Failed installing discord_utils@0: Error: ENOENT: no such file or directory, open '/opt/discord/resources/bootstrap/discord_utils.zip'
1/23/2025, 11:36:14 AM GMT+5:30 [Modules] Installing discord_voice@0 from /opt/discord/resources/bootstrap/discord_voice.zip
1/23/2025, 11:36:14 AM GMT+5:30 [Modules] Failed installing discord_voice@0: Error: ENOENT: no such file or directory, open '/opt/discord/resources/bootstrap/discord_voice.zip'
1/23/2025, 11:36:14 AM GMT+5:30 [Modules] Installing discord_zstd@0 from /opt/discord/resources/bootstrap/discord_zstd.zip
1/23/2025, 11:36:14 AM GMT+5:30 [Modules] Failed installing discord_zstd@0: Error: ENOENT: no such file or directory, open '/opt/discord/resources/bootstrap/discord_zstd.zip'
1/23/2025, 11:36:14 AM GMT+5:30 [Modules] Finished module installations. [success: 0] [failure: 6]
1/23/2025, 11:36:14 AM GMT+5:30 [Modules] Checking for host updates.
1/23/2025, 11:36:15 AM GMT+5:30 [Modules] Host is up to date.
1/23/2025, 11:36:15 AM GMT+5:30 [Modules] Checking for module updates at https://discord.com/api/modules/stable/versions.json
1/23/2025, 11:36:15 AM GMT+5:30 [Modules] Module update available: discord_desktop_core@1 [installed: 0]
1/23/2025, 11:36:15 AM GMT+5:30 [Modules] Module update available: discord_erlpack@1 [installed: 0]
1/23/2025, 11:36:15 AM GMT+5:30 [Modules] Module update available: discord_spellcheck@1 [installed: 0]
1/23/2025, 11:36:15 AM GMT+5:30 [Modules] Module update available: discord_utils@1 [installed: 0]
1/23/2025, 11:36:15 AM GMT+5:30 [Modules] Module update available: discord_voice@1 [installed: 0]
1/23/2025, 11:36:15 AM GMT+5:30 [Modules] Module update available: discord_zstd@1 [installed: 0]
1/23/2025, 11:36:15 AM GMT+5:30 [Modules] Fetching discord_desktop_core@1 from https://discord.com/api/modules/stable/discord_desktop_core/1
1/23/2025, 11:36:15 AM GMT+5:30 [Modules] Streaming discord_desktop_core@1 to /home/ithihas/.config/discord/0.0.81/modules/pending/discord_desktop_core-1.zip
1/23/2025, 11:36:16 AM GMT+5:30 [Modules] Streaming discord_desktop_core@1 to /home/ithihas/.config/discord/0.0.81/modules/pending/discord_desktop_core-1.zip: 1%
1/23/2025, 11:36:16 AM GMT+5:30 [Modules] Streaming discord_desktop_core@1 to /home/ithihas/.config/discord/0.0.81/modules/pending/discord_desktop_core-1.zip: 2%
1/23/2025, 11:36:16 AM GMT+5:30 [Modules] Streaming discord_desktop_core@1 to /home/ithihas/.config/discord/0.0.81/modules/pending/discord_desktop_core-1.zip: 3%
1/23/2025, 11:36:16 AM GMT+5:30 [Modules] Streaming discord_desktop_core@1 to /home/ithihas/.config/discord/0.0.81/modules/pending/discord_desktop_core-1.zip: 5%
1/23/2025, 11:36:16 AM GMT+5:30 [Modules] Streaming discord_desktop_core@1 to /home/ithihas/.config/discord/0.0.81/modules/pending/discord_desktop_core-1.zip: 6%
1/23/2025, 11:36:16 AM GMT+5:30 [Modules] Streaming discord_desktop_core@1 to /home/ithihas/.config/discord/0.0.81/modules/pending/discord_desktop_core-1.zip: 7%
1/23/2025, 11:36:16 AM GMT+5:30 [Modules] Streaming discord_desktop_core@1 to /home/ithihas/.config/discord/0.0.81/modules/pending/discord_desktop_core-1.zip: 8%
1/23/2025, 11:36:16 AM GMT+5:30 [Modules] Streaming discord_desktop_core@1 to /home/ithihas/.config/discord/0.0.81/modules/pending/discord_desktop_core-1.zip: 9%
1/23/2025, 11:36:16 AM GMT+5:30 [Modules] Streaming discord_desktop_core@1 to /home/ithihas/.config/discord/0.0.81/modules/pending/discord_desktop_core-1.zip: 10%
1/23/2025, 11:36:16 AM GMT+5:30 [Modules] Streaming discord_desktop_core@1 to /home/ithihas/.config/discord/0.0.81/modules/pending/discord_desktop_core-1.zip: 12%
1/23/2025, 11:36:16 AM GMT+5:30 [Modules] Streaming discord_desktop_core@1 to /home/ithihas/.config/discord/0.0.81/modules/pending/discord_desktop_core-1.zip: 13%
1/23/2025, 11:36:16 AM GMT+5:30 [Modules] Streaming discord_desktop_core@1 to /home/ithihas/.config/discord/0.0.81/modules/pending/discord_desktop_core-1.zip: 15%
1/23/2025, 11:36:16 AM GMT+5:30 [Modules] Streaming discord_desktop_core@1 to /home/ithihas/.config/discord/0.0.81/modules/pending/discord_desktop_core-1.zip: 16%
1/23/2025, 11:36:16 AM GMT+5:30 [Modules] Streaming discord_desktop_core@1 to /home/ithihas/.config/discord/0.0.81/modules/pending/discord_desktop_core-1.zip: 17%
1/23/2025, 11:36:16 AM GMT+5:30 [Modules] Streaming discord_desktop_core@1 to /home/ithihas/.config/discord/0.0.81/modules/pending/discord_desktop_core-1.zip: 20%
1/23/2025, 11:36:16 AM GMT+5:30 [Modules] Streaming discord_desktop_core@1 to /home/ithihas/.config/discord/0.0.81/modules/pending/discord_desktop_core-1.zip: 22%
1/23/2025, 11:36:16 AM GMT+5:30 [Modules] Streaming discord_desktop_core@1 to /home/ithihas/.config/discord/0.0.81/modules/pending/discord_desktop_core-1.zip: 23%
1/23/2025, 11:36:16 AM GMT+5:30 [Modules] Streaming discord_desktop_core@1 to /home/ithihas/.config/discord/0.0.81/modules/pending/discord_desktop_core-1.zip: 24%
1/23/2025, 11:36:16 AM GMT+5:30 [Modules] Streaming discord_desktop_core@1 to /home/ithihas/.config/discord/0.0.81/modules/pending/discord_desktop_core-1.zip: 27%
1/23/2025, 11:36:16 AM GMT+5:30 [Modules] Streaming discord_desktop_core@1 to /home/ithihas/.config/discord/0.0.81/modules/pending/discord_desktop_core-1.zip: 28%
1/23/2025, 11:36:16 AM GMT+5:30 [Modules] Streaming discord_desktop_core@1 to /home/ithihas/.config/discord/0.0.81/modules/pending/discord_desktop_core-1.zip: 29%
1/23/2025, 11:36:16 AM GMT+5:30 [Modules] Streaming discord_desktop_core@1 to /home/ithihas/.config/discord/0.0.81/modules/pending/discord_desktop_core-1.zip: 31%
1/23/2025, 11:36:16 AM GMT+5:30 [Modules] Streaming discord_desktop_core@1 to /home/ithihas/.config/discord/0.0.81/modules/pending/discord_desktop_core-1.zip: 32%
1/23/2025, 11:36:16 AM GMT+5:30 [Modules] Streaming discord_desktop_core@1 to /home/ithihas/.config/discord/0.0.81/modules/pending/discord_desktop_core-1.zip: 34%
1/23/2025, 11:36:16 AM GMT+5:30 [Modules] Streaming discord_desktop_core@1 to /home/ithihas/.config/discord/0.0.81/modules/pending/discord_desktop_core-1.zip: 36%
1/23/2025, 11:36:16 AM GMT+5:30 [Modules] Streaming discord_desktop_core@1 to /home/ithihas/.config/discord/0.0.81/modules/pending/discord_desktop_core-1.zip: 38%
1/23/2025, 11:36:16 AM GMT+5:30 [Modules] Streaming discord_desktop_core@1 to /home/ithihas/.config/discord/0.0.81/modules/pending/discord_desktop_core-1.zip: 41%
1/23/2025, 11:36:16 AM GMT+5:30 [Modules] Streaming discord_desktop_core@1 to /home/ithihas/.config/discord/0.0.81/modules/pending/discord_desktop_core-1.zip: 44%
1/23/2025, 11:36:16 AM GMT+5:30 [Modules] Streaming discord_desktop_core@1 to /home/ithihas/.config/discord/0.0.81/modules/pending/discord_desktop_core-1.zip: 46%
1/23/2025, 11:36:16 AM GMT+5:30 [Modules] Streaming discord_desktop_core@1 to /home/ithihas/.config/discord/0.0.81/modules/pending/discord_desktop_core-1.zip: 48%
1/23/2025, 11:36:16 AM GMT+5:30 [Modules] Streaming discord_desktop_core@1 to /home/ithihas/.config/discord/0.0.81/modules/pending/discord_desktop_core-1.zip: 49%
1/23/2025, 11:36:16 AM GMT+5:30 [Modules] Streaming discord_desktop_core@1 to /home/ithihas/.config/discord/0.0.81/modules/pending/discord_desktop_core-1.zip: 52%
1/23/2025, 11:36:16 AM GMT+5:30 [Modules] Streaming discord_desktop_core@1 to /home/ithihas/.config/discord/0.0.81/modules/pending/discord_desktop_core-1.zip: 54%
1/23/2025, 11:36:16 AM GMT+5:30 [Modules] Streaming discord_desktop_core@1 to /home/ithihas/.config/discord/0.0.81/modules/pending/discord_desktop_core-1.zip: 56%
1/23/2025, 11:36:16 AM GMT+5:30 [Modules] Streaming discord_desktop_core@1 to /home/ithihas/.config/discord/0.0.81/modules/pending/discord_desktop_core-1.zip: 57%
1/23/2025, 11:36:16 AM GMT+5:30 [Modules] Streaming discord_desktop_core@1 to /home/ithihas/.config/discord/0.0.81/modules/pending/discord_desktop_core-1.zip: 59%
1/23/2025, 11:36:16 AM GMT+5:30 [Modules] Streaming discord_desktop_core@1 to /home/ithihas/.config/discord/0.0.81/modules/pending/discord_desktop_core-1.zip: 60%
1/23/2025, 11:36:16 AM GMT+5:30 [Modules] Streaming discord_desktop_core@1 to /home/ithihas/.config/discord/0.0.81/modules/pending/discord_desktop_core-1.zip: 61%
1/23/2025, 11:36:16 AM GMT+5:30 [Modules] Streaming discord_desktop_core@1 to /home/ithihas/.config/discord/0.0.81/modules/pending/discord_desktop_core-1.zip: 62%
1/23/2025, 11:36:16 AM GMT+5:30 [Modules] Streaming discord_desktop_core@1 to /home/ithihas/.config/discord/0.0.81/modules/pending/discord_desktop_core-1.zip: 64%
1/23/2025, 11:36:16 AM GMT+5:30 [Modules] Streaming discord_desktop_core@1 to /home/ithihas/.config/discord/0.0.81/modules/pending/discord_desktop_core-1.zip: 65%
1/23/2025, 11:36:16 AM GMT+5:30 [Modules] Streaming discord_desktop_core@1 to /home/ithihas/.config/discord/0.0.81/modules/pending/discord_desktop_core-1.zip: 66%
1/23/2025, 11:36:16 AM GMT+5:30 [Modules] Streaming discord_desktop_core@1 to /home/ithihas/.config/discord/0.0.81/modules/pending/discord_desktop_core-1.zip: 69%
1/23/2025, 11:36:16 AM GMT+5:30 [Modules] Streaming discord_desktop_core@1 to /home/ithihas/.config/discord/0.0.81/modules/pending/discord_desktop_core-1.zip: 73%
1/23/2025, 11:36:16 AM GMT+5:30 [Modules] Streaming discord_desktop_core@1 to /home/ithihas/.config/discord/0.0.81/modules/pending/discord_desktop_core-1.zip: 77%
1/23/2025, 11:36:16 AM GMT+5:30 [Modules] Streaming discord_desktop_core@1 to /home/ithihas/.config/discord/0.0.81/modules/pending/discord_desktop_core-1.zip: 83%
1/23/2025, 11:36:16 AM GMT+5:30 [Modules] Streaming discord_desktop_core@1 to /home/ithihas/.config/discord/0.0.81/modules/pending/discord_desktop_core-1.zip: 89%
1/23/2025, 11:36:16 AM GMT+5:30 [Modules] Streaming discord_desktop_core@1 to /home/ithihas/.config/discord/0.0.81/modules/pending/discord_desktop_core-1.zip: 92%
1/23/2025, 11:36:16 AM GMT+5:30 [Modules] Streaming discord_desktop_core@1 to /home/ithihas/.config/discord/0.0.81/modules/pending/discord_desktop_core-1.zip: 97%
1/23/2025, 11:36:16 AM GMT+5:30 [Modules] Streaming discord_desktop_core@1 to /home/ithihas/.config/discord/0.0.81/modules/pending/discord_desktop_core-1.zip: 98%
1/23/2025, 11:36:16 AM GMT+5:30 [Modules] Streaming discord_desktop_core@1 to /home/ithihas/.config/discord/0.0.81/modules/pending/discord_desktop_core-1.zip: 100%
1/23/2025, 11:36:16 AM GMT+5:30 [Modules] Fetching discord_erlpack@1 from https://discord.com/api/modules/stable/discord_erlpack/1
1/23/2025, 11:36:16 AM GMT+5:30 [Modules] Streaming discord_erlpack@1 to /home/ithihas/.config/discord/0.0.81/modules/pending/discord_erlpack-1.zip
1/23/2025, 11:36:16 AM GMT+5:30 [Modules] Streaming discord_erlpack@1 to /home/ithihas/.config/discord/0.0.81/modules/pending/discord_erlpack-1.zip: 3%
1/23/2025, 11:36:17 AM GMT+5:30 [Modules] Streaming discord_erlpack@1 to /home/ithihas/.config/discord/0.0.81/modules/pending/discord_erlpack-1.zip: 6%
1/23/2025, 11:36:17 AM GMT+5:30 [Modules] Streaming discord_erlpack@1 to /home/ithihas/.config/discord/0.0.81/modules/pending/discord_erlpack-1.zip: 7%
1/23/2025, 11:36:17 AM GMT+5:30 [Modules] Streaming discord_erlpack@1 to /home/ithihas/.config/discord/0.0.81/modules/pending/discord_erlpack-1.zip: 10%
1/23/2025, 11:36:17 AM GMT+5:30 [Modules] Streaming discord_erlpack@1 to /home/ithihas/.config/discord/0.0.81/modules/pending/discord_erlpack-1.zip: 13%
1/23/2025, 11:36:17 AM GMT+5:30 [Modules] Streaming discord_erlpack@1 to /home/ithihas/.config/discord/0.0.81/modules/pending/discord_erlpack-1.zip: 16%
1/23/2025, 11:36:17 AM GMT+5:30 [Modules] Streaming discord_erlpack@1 to /home/ithihas/.config/discord/0.0.81/modules/pending/discord_erlpack-1.zip: 22%
1/23/2025, 11:36:17 AM GMT+5:30 [Modules] Streaming discord_erlpack@1 to /home/ithihas/.config/discord/0.0.81/modules/pending/discord_erlpack-1.zip: 25%
1/23/2025, 11:36:17 AM GMT+5:30 [Modules] Streaming discord_erlpack@1 to /home/ithihas/.config/discord/0.0.81/modules/pending/discord_erlpack-1.zip: 28%
1/23/2025, 11:36:17 AM GMT+5:30 [Modules] Streaming discord_erlpack@1 to /home/ithihas/.config/discord/0.0.81/modules/pending/discord_erlpack-1.zip: 34%
1/23/2025, 11:36:17 AM GMT+5:30 [Modules] Streaming discord_erlpack@1 to /home/ithihas/.config/discord/0.0.81/modules/pending/discord_erlpack-1.zip: 37%
1/23/2025, 11:36:17 AM GMT+5:30 [Modules] Streaming discord_erlpack@1 to /home/ithihas/.config/discord/0.0.81/modules/pending/discord_erlpack-1.zip: 40%
1/23/2025, 11:36:17 AM GMT+5:30 [Modules] Streaming discord_erlpack@1 to /home/ithihas/.config/discord/0.0.81/modules/pending/discord_erlpack-1.zip: 43%
1/23/2025, 11:36:17 AM GMT+5:30 [Modules] Streaming discord_erlpack@1 to /home/ithihas/.config/discord/0.0.81/modules/pending/discord_erlpack-1.zip: 44%
1/23/2025, 11:36:17 AM GMT+5:30 [Modules] Streaming discord_erlpack@1 to /home/ithihas/.config/discord/0.0.81/modules/pending/discord_erlpack-1.zip: 46%
1/23/2025, 11:36:17 AM GMT+5:30 [Modules] Streaming discord_erlpack@1 to /home/ithihas/.config/discord/0.0.81/modules/pending/discord_erlpack-1.zip: 49%
1/23/2025, 11:36:17 AM GMT+5:30 [Modules] Streaming discord_erlpack@1 to /home/ithihas/.config/discord/0.0.81/modules/pending/discord_erlpack-1.zip: 50%
1/23/2025, 11:36:17 AM GMT+5:30 [Modules] Streaming discord_erlpack@1 to /home/ithihas/.config/discord/0.0.81/modules/pending/discord_erlpack-1.zip: 53%
1/23/2025, 11:36:17 AM GMT+5:30 [Modules] Streaming discord_erlpack@1 to /home/ithihas/.config/discord/0.0.81/modules/pending/discord_erlpack-1.zip: 54%
1/23/2025, 11:36:17 AM GMT+5:30 [Modules] Streaming discord_erlpack@1 to /home/ithihas/.config/discord/0.0.81/modules/pending/discord_erlpack-1.zip: 55%
1/23/2025, 11:36:17 AM GMT+5:30 [Modules] Streaming discord_erlpack@1 to /home/ithihas/.config/discord/0.0.81/modules/pending/discord_erlpack-1.zip: 58%
1/23/2025, 11:36:17 AM GMT+5:30 [Modules] Streaming discord_erlpack@1 to /home/ithihas/.config/discord/0.0.81/modules/pending/discord_erlpack-1.zip: 61%
1/23/2025, 11:36:17 AM GMT+5:30 [Modules] Streaming discord_erlpack@1 to /home/ithihas/.config/discord/0.0.81/modules/pending/discord_erlpack-1.zip: 62%
1/23/2025, 11:36:17 AM GMT+5:30 [Modules] Streaming discord_erlpack@1 to /home/ithihas/.config/discord/0.0.81/modules/pending/discord_erlpack-1.zip: 63%
1/23/2025, 11:36:17 AM GMT+5:30 [Modules] Streaming discord_erlpack@1 to /home/ithihas/.config/discord/0.0.81/modules/pending/discord_erlpack-1.zip: 64%
1/23/2025, 11:36:17 AM GMT+5:30 [Modules] Streaming discord_erlpack@1 to /home/ithihas/.config/discord/0.0.81/modules/pending/discord_erlpack-1.zip: 65%
1/23/2025, 11:36:17 AM GMT+5:30 [Modules] Streaming discord_erlpack@1 to /home/ithihas/.config/discord/0.0.81/modules/pending/discord_erlpack-1.zip: 66%
1/23/2025, 11:36:17 AM GMT+5:30 [Modules] Streaming discord_erlpack@1 to /home/ithihas/.config/discord/0.0.81/modules/pending/discord_erlpack-1.zip: 69%
1/23/2025, 11:36:17 AM GMT+5:30 [Modules] Streaming discord_erlpack@1 to /home/ithihas/.config/discord/0.0.81/modules/pending/discord_erlpack-1.zip: 70%
1/23/2025, 11:36:17 AM GMT+5:30 [Modules] Streaming discord_erlpack@1 to /home/ithihas/.config/discord/0.0.81/modules/pending/discord_erlpack-1.zip: 71%
1/23/2025, 11:36:17 AM GMT+5:30 [Modules] Streaming discord_erlpack@1 to /home/ithihas/.config/discord/0.0.81/modules/pending/discord_erlpack-1.zip: 72%
1/23/2025, 11:36:17 AM GMT+5:30 [Modules] Streaming discord_erlpack@1 to /home/ithihas/.config/discord/0.0.81/modules/pending/discord_erlpack-1.zip: 75%
1/23/2025, 11:36:17 AM GMT+5:30 [Modules] Streaming discord_erlpack@1 to /home/ithihas/.config/discord/0.0.81/modules/pending/discord_erlpack-1.zip: 77%
1/23/2025, 11:36:17 AM GMT+5:30 [Modules] Streaming discord_erlpack@1 to /home/ithihas/.config/discord/0.0.81/modules/pending/discord_erlpack-1.zip: 80%
1/23/2025, 11:36:17 AM GMT+5:30 [Modules] Streaming discord_erlpack@1 to /home/ithihas/.config/discord/0.0.81/modules/pending/discord_erlpack-1.zip: 81%
1/23/2025, 11:36:17 AM GMT+5:30 [Modules] Streaming discord_erlpack@1 to /home/ithihas/.config/discord/0.0.81/modules/pending/discord_erlpack-1.zip: 83%
1/23/2025, 11:36:17 AM GMT+5:30 [Modules] Streaming discord_erlpack@1 to /home/ithihas/.config/discord/0.0.81/modules/pending/discord_erlpack-1.zip: 84%
1/23/2025, 11:36:17 AM GMT+5:30 [Modules] Streaming discord_erlpack@1 to /home/ithihas/.config/discord/0.0.81/modules/pending/discord_erlpack-1.zip: 85%
1/23/2025, 11:36:17 AM GMT+5:30 [Modules] Streaming discord_erlpack@1 to /home/ithihas/.config/discord/0.0.81/modules/pending/discord_erlpack-1.zip: 86%
1/23/2025, 11:36:17 AM GMT+5:30 [Modules] Streaming discord_erlpack@1 to /home/ithihas/.config/discord/0.0.81/modules/pending/discord_erlpack-1.zip: 87%
1/23/2025, 11:36:17 AM GMT+5:30 [Modules] Streaming discord_erlpack@1 to /home/ithihas/.config/discord/0.0.81/modules/pending/discord_erlpack-1.zip: 88%
1/23/2025, 11:36:17 AM GMT+5:30 [Modules] Streaming discord_erlpack@1 to /home/ithihas/.config/discord/0.0.81/modules/pending/discord_erlpack-1.zip: 89%
1/23/2025, 11:36:17 AM GMT+5:30 [Modules] Streaming discord_erlpack@1 to /home/ithihas/.config/discord/0.0.81/modules/pending/discord_erlpack-1.zip: 91%
1/23/2025, 11:36:17 AM GMT+5:30 [Modules] Streaming discord_erlpack@1 to /home/ithihas/.config/discord/0.0.81/modules/pending/discord_erlpack-1.zip: 92%
1/23/2025, 11:36:17 AM GMT+5:30 [Modules] Streaming discord_erlpack@1 to /home/ithihas/.config/discord/0.0.81/modules/pending/discord_erlpack-1.zip: 94%
1/23/2025, 11:36:17 AM GMT+5:30 [Modules] Streaming discord_erlpack@1 to /home/ithihas/.config/discord/0.0.81/modules/pending/discord_erlpack-1.zip: 96%
1/23/2025, 11:36:17 AM GMT+5:30 [Modules] Streaming discord_erlpack@1 to /home/ithihas/.config/discord/0.0.81/modules/pending/discord_erlpack-1.zip: 98%
1/23/2025, 11:36:17 AM GMT+5:30 [Modules] Streaming discord_erlpack@1 to /home/ithihas/.config/discord/0.0.81/modules/pending/discord_erlpack-1.zip: 100%
1/23/2025, 11:36:17 AM GMT+5:30 [Modules] Fetching discord_spellcheck@1 from https://discord.com/api/modules/stable/discord_spellcheck/1
1/23/2025, 11:36:17 AM GMT+5:30 [Modules] Streaming discord_spellcheck@1 to /home/ithihas/.config/discord/0.0.81/modules/pending/discord_spellcheck-1.zip
1/23/2025, 11:36:17 AM GMT+5:30 [Modules] Streaming discord_spellcheck@1 to /home/ithihas/.config/discord/0.0.81/modules/pending/discord_spellcheck-1.zip: 1%
1/23/2025, 11:36:17 AM GMT+5:30 [Modules] Streaming discord_spellcheck@1 to /home/ithihas/.config/discord/0.0.81/modules/pending/discord_spellcheck-1.zip: 2%
1/23/2025, 11:36:17 AM GMT+5:30 [Modules] Streaming discord_spellcheck@1 to /home/ithihas/.config/discord/0.0.81/modules/pending/discord_spellcheck-1.zip: 3%
1/23/2025, 11:36:17 AM GMT+5:30 [Modules] Streaming discord_spellcheck@1 to /home/ithihas/.config/discord/0.0.81/modules/pending/discord_spellcheck-1.zip: 4%
1/23/2025, 11:36:17 AM GMT+5:30 [Modules] Streaming discord_spellcheck@1 to /home/ithihas/.config/discord/0.0.81/modules/pending/discord_spellcheck-1.zip: 5%
1/23/2025, 11:36:17 AM GMT+5:30 [Modules] Streaming discord_spellcheck@1 to /home/ithihas/.config/discord/0.0.81/modules/pending/discord_spellcheck-1.zip: 6%
1/23/2025, 11:36:17 AM GMT+5:30 [Modules] Streaming discord_spellcheck@1 to /home/ithihas/.config/discord/0.0.81/modules/pending/discord_spellcheck-1.zip: 7%
1/23/2025, 11:36:17 AM GMT+5:30 [Modules] Streaming discord_spellcheck@1 to /home/ithihas/.config/discord/0.0.81/modules/pending/discord_spellcheck-1.zip: 8%
1/23/2025, 11:36:17 AM GMT+5:30 [Modules] Streaming discord_spellcheck@1 to /home/ithihas/.config/discord/0.0.81/modules/pending/discord_spellcheck-1.zip: 9%
1/23/2025, 11:36:17 AM GMT+5:30 [Modules] Streaming discord_spellcheck@1 to /home/ithihas/.config/discord/0.0.81/modules/pending/discord_spellcheck-1.zip: 10%
1/23/2025, 11:36:17 AM GMT+5:30 [Modules] Streaming discord_spellcheck@1 to /home/ithihas/.config/discord/0.0.81/modules/pending/discord_spellcheck-1.zip: 11%
1/23/2025, 11:36:17 AM GMT+5:30 [Modules] Streaming discord_spellcheck@1 to /home/ithihas/.config/discord/0.0.81/modules/pending/discord_spellcheck-1.zip: 12%
1/23/2025, 11:36:17 AM GMT+5:30 [Modules] Streaming discord_spellcheck@1 to /home/ithihas/.config/discord/0.0.81/modules/pending/discord_spellcheck-1.zip: 13%
1/23/2025, 11:36:17 AM GMT+5:30 [Modules] Streaming discord_spellcheck@1 to /home/ithihas/.config/discord/0.0.81/modules/pending/discord_spellcheck-1.zip: 14%
1/23/2025, 11:36:17 AM GMT+5:30 [Modules] Streaming discord_spellcheck@1 to /home/ithihas/.config/discord/0.0.81/modules/pending/discord_spellcheck-1.zip: 15%
1/23/2025, 11:36:18 AM GMT+5:30 [Modules] Streaming discord_spellcheck@1 to /home/ithihas/.config/discord/0.0.81/modules/pending/discord_spellcheck-1.zip: 16%
1/23/2025, 11:36:18 AM GMT+5:30 [Modules] Streaming discord_spellcheck@1 to /home/ithihas/.config/discord/0.0.81/modules/pending/discord_spellcheck-1.zip: 17%
1/23/2025, 11:36:18 AM GMT+5:30 [Modules] Streaming discord_spellcheck@1 to /home/ithihas/.config/discord/0.0.81/modules/pending/discord_spellcheck-1.zip: 18%
1/23/2025, 11:36:18 AM GMT+5:30 [Modules] Streaming discord_spellcheck@1 to /home/ithihas/.config/discord/0.0.81/modules/pending/discord_spellcheck-1.zip: 19%
1/23/2025, 11:36:18 AM GMT+5:30 [Modules] Streaming discord_spellcheck@1 to /home/ithihas/.config/discord/0.0.81/modules/pending/discord_spellcheck-1.zip: 20%
1/23/2025, 11:36:18 AM GMT+5:30 [Modules] Streaming discord_spellcheck@1 to /home/ithihas/.config/discord/0.0.81/modules/pending/discord_spellcheck-1.zip: 21%
1/23/2025, 11:36:18 AM GMT+5:30 [Modules] Streaming discord_spellcheck@1 to /home/ithihas/.config/discord/0.0.81/modules/pending/discord_spellcheck-1.zip: 22%
1/23/2025, 11:36:18 AM GMT+5:30 [Modules] Streaming discord_spellcheck@1 to /home/ithihas/.config/discord/0.0.81/modules/pending/discord_spellcheck-1.zip: 23%
1/23/2025, 11:36:18 AM GMT+5:30 [Modules] Streaming discord_spellcheck@1 to /home/ithihas/.config/discord/0.0.81/modules/pending/discord_spellcheck-1.zip: 24%
1/23/2025, 11:36:18 AM GMT+5:30 [Modules] Streaming discord_spellcheck@1 to /home/ithihas/.config/discord/0.0.81/modules/pending/discord_spellcheck-1.zip: 25%
1/23/2025, 11:36:18 AM GMT+5:30 [Modules] Streaming discord_spellcheck@1 to /home/ithihas/.config/discord/0.0.81/modules/pending/discord_spellcheck-1.zip: 26%
1/23/2025, 11:36:18 AM GMT+5:30 [Modules] Streaming discord_spellcheck@1 to /home/ithihas/.config/discord/0.0.81/modules/pending/discord_spellcheck-1.zip: 27%
1/23/2025, 11:36:18 AM GMT+5:30 [Modules] Streaming discord_spellcheck@1 to /home/ithihas/.config/discord/0.0.81/modules/pending/discord_spellcheck-1.zip: 28%
1/23/2025, 11:36:18 AM GMT+5:30 [Modules] Streaming discord_spellcheck@1 to /home/ithihas/.config/discord/0.0.81/modules/pending/discord_spellcheck-1.zip: 29%
1/23/2025, 11:36:18 AM GMT+5:30 [Modules] Streaming discord_spellcheck@1 to /home/ithihas/.config/discord/0.0.81/modules/pending/discord_spellcheck-1.zip: 30%
1/23/2025, 11:36:18 AM GMT+5:30 [Modules] Streaming discord_spellcheck@1 to /home/ithihas/.config/discord/0.0.81/modules/pending/discord_spellcheck-1.zip: 31%
1/23/2025, 11:36:18 AM GMT+5:30 [Modules] Streaming discord_spellcheck@1 to /home/ithihas/.config/discord/0.0.81/modules/pending/discord_spellcheck-1.zip: 32%
1/23/2025, 11:36:18 AM GMT+5:30 [Modules] Streaming discord_spellcheck@1 to /home/ithihas/.config/discord/0.0.81/modules/pending/discord_spellcheck-1.zip: 33%
1/23/2025, 11:36:18 AM GMT+5:30 [Modules] Streaming discord_spellcheck@1 to /home/ithihas/.config/discord/0.0.81/modules/pending/discord_spellcheck-1.zip: 34%
1/23/2025, 11:36:18 AM GMT+5:30 [Modules] Streaming discord_spellcheck@1 to /home/ithihas/.config/discord/0.0.81/modules/pending/discord_spellcheck-1.zip: 35%
1/23/2025, 11:36:18 AM GMT+5:30 [Modules] Streaming discord_spellcheck@1 to /home/ithihas/.config/discord/0.0.81/modules/pending/discord_spellcheck-1.zip: 36%
1/23/2025, 11:36:18 AM GMT+5:30 [Modules] Streaming discord_spellcheck@1 to /home/ithihas/.config/discord/0.0.81/modules/pending/discord_spellcheck-1.zip: 37%
1/23/2025, 11:36:18 AM GMT+5:30 [Modules] Streaming discord_spellcheck@1 to /home/ithihas/.config/discord/0.0.81/modules/pending/discord_spellcheck-1.zip: 38%
1/23/2025, 11:36:18 AM GMT+5:30 [Modules] Streaming discord_spellcheck@1 to /home/ithihas/.config/discord/0.0.81/modules/pending/discord_spellcheck-1.zip: 39%
1/23/2025, 11:36:18 AM GMT+5:30 [Modules] Streaming discord_spellcheck@1 to /home/ithihas/.config/discord/0.0.81/modules/pending/discord_spellcheck-1.zip: 40%
1/23/2025, 11:36:18 AM GMT+5:30 [Modules] Streaming discord_spellcheck@1 to /home/ithihas/.config/discord/0.0.81/modules/pending/discord_spellcheck-1.zip: 41%
1/23/2025, 11:36:18 AM GMT+5:30 [Modules] Streaming discord_spellcheck@1 to /home/ithihas/.config/discord/0.0.81/modules/pending/discord_spellcheck-1.zip: 42%
1/23/2025, 11:36:18 AM GMT+5:30 [Modules] Streaming discord_spellcheck@1 to /home/ithihas/.config/discord/0.0.81/modules/pending/discord_spellcheck-1.zip: 43%
1/23/2025, 11:36:18 AM GMT+5:30 [Modules] Streaming discord_spellcheck@1 to /home/ithihas/.config/discord/0.0.81/modules/pending/discord_spellcheck-1.zip: 44%
1/23/2025, 11:36:18 AM GMT+5:30 [Modules] Streaming discord_spellcheck@1 to /home/ithihas/.config/discord/0.0.81/modules/pending/discord_spellcheck-1.zip: 45%
1/23/2025, 11:36:18 AM GMT+5:30 [Modules] Streaming discord_spellcheck@1 to /home/ithihas/.config/discord/0.0.81/modules/pending/discord_spellcheck-1.zip: 46%
1/23/2025, 11:36:18 AM GMT+5:30 [Modules] Streaming discord_spellcheck@1 to /home/ithihas/.config/discord/0.0.81/modules/pending/discord_spellcheck-1.zip: 47%
1/23/2025, 11:36:18 AM GMT+5:30 [Modules] Streaming discord_spellcheck@1 to /home/ithihas/.config/discord/0.0.81/modules/pending/discord_spellcheck-1.zip: 48%
1/23/2025, 11:36:18 AM GMT+5:30 [Modules] Streaming discord_spellcheck@1 to /home/ithihas/.config/discord/0.0.81/modules/pending/discord_spellcheck-1.zip: 49%
1/23/2025, 11:36:18 AM GMT+5:30 [Modules] Streaming discord_spellcheck@1 to /home/ithihas/.config/discord/0.0.81/modules/pending/discord_spellcheck-1.zip: 50%
1/23/2025, 11:36:18 AM GMT+5:30 [Modules] Streaming discord_spellcheck@1 to /home/ithihas/.config/discord/0.0.81/modules/pending/discord_spellcheck-1.zip: 51%
1/23/2025, 11:36:18 AM GMT+5:30 [Modules] Streaming discord_spellcheck@1 to /home/ithihas/.config/discord/0.0.81/modules/pending/discord_spellcheck-1.zip: 52%
1/23/2025, 11:36:18 AM GMT+5:30 [Modules] Streaming discord_spellcheck@1 to /home/ithihas/.config/discord/0.0.81/modules/pending/discord_spellcheck-1.zip: 53%
1/23/2025, 11:36:18 AM GMT+5:30 [Modules] Streaming discord_spellcheck@1 to /home/ithihas/.config/discord/0.0.81/modules/pending/discord_spellcheck-1.zip: 54%
1/23/2025, 11:36:18 AM GMT+5:30 [Modules] Streaming discord_spellcheck@1 to /home/ithihas/.config/discord/0.0.81/modules/pending/discord_spellcheck-1.zip: 55%
1/23/2025, 11:36:18 AM GMT+5:30 [Modules] Streaming discord_spellcheck@1 to /home/ithihas/.config/discord/0.0.81/modules/pending/discord_spellcheck-1.zip: 56%
1/23/2025, 11:36:18 AM GMT+5:30 [Modules] Streaming discord_spellcheck@1 to /home/ithihas/.config/discord/0.0.81/modules/pending/discord_spellcheck-1.zip: 57%
1/23/2025, 11:36:18 AM GMT+5:30 [Modules] Streaming discord_spellcheck@1 to /home/ithihas/.config/discord/0.0.81/modules/pending/discord_spellcheck-1.zip: 58%
1/23/2025, 11:36:18 AM GMT+5:30 [Modules] Streaming discord_spellcheck@1 to /home/ithihas/.config/discord/0.0.81/modules/pending/discord_spellcheck-1.zip: 59%
1/23/2025, 11:36:18 AM GMT+5:30 [Modules] Streaming discord_spellcheck@1 to /home/ithihas/.config/discord/0.0.81/modules/pending/discord_spellcheck-1.zip: 60%
1/23/2025, 11:36:18 AM GMT+5:30 [Modules] Streaming discord_spellcheck@1 to /home/ithihas/.config/discord/0.0.81/modules/pending/discord_spellcheck-1.zip: 61%
1/23/2025, 11:36:18 AM GMT+5:30 [Modules] Streaming discord_spellcheck@1 to /home/ithihas/.config/discord/0.0.81/modules/pending/discord_spellcheck-1.zip: 62%
1/23/2025, 11:36:18 AM GMT+5:30 [Modules] Streaming discord_spellcheck@1 to /home/ithihas/.config/discord/0.0.81/modules/pending/discord_spellcheck-1.zip: 63%
1/23/2025, 11:36:18 AM GMT+5:30 [Modules] Streaming discord_spellcheck@1 to /home/ithihas/.config/discord/0.0.81/modules/pending/discord_spellcheck-1.zip: 65%
1/23/2025, 11:36:18 AM GMT+5:30 [Modules] Streaming discord_spellcheck@1 to /home/ithihas/.config/discord/0.0.81/modules/pending/discord_spellcheck-1.zip: 66%
1/23/2025, 11:36:18 AM GMT+5:30 [Modules] Streaming discord_spellcheck@1 to /home/ithihas/.config/discord/0.0.81/modules/pending/discord_spellcheck-1.zip: 67%
1/23/2025, 11:36:18 AM GMT+5:30 [Modules] Streaming discord_spellcheck@1 to /home/ithihas/.config/discord/0.0.81/modules/pending/discord_spellcheck-1.zip: 68%
1/23/2025, 11:36:18 AM GMT+5:30 [Modules] Streaming discord_spellcheck@1 to /home/ithihas/.config/discord/0.0.81/modules/pending/discord_spellcheck-1.zip: 69%
1/23/2025, 11:36:18 AM GMT+5:30 [Modules] Streaming discord_spellcheck@1 to /home/ithihas/.config/discord/0.0.81/modules/pending/discord_spellcheck-1.zip: 70%
1/23/2025, 11:36:18 AM GMT+5:30 [Modules] Streaming discord_spellcheck@1 to /home/ithihas/.config/discord/0.0.81/modules/pending/discord_spellcheck-1.zip: 71%
1/23/2025, 11:36:18 AM GMT+5:30 [Modules] Streaming discord_spellcheck@1 to /home/ithihas/.config/discord/0.0.81/modules/pending/discord_spellcheck-1.zip: 73%
1/23/2025, 11:36:18 AM GMT+5:30 [Modules] Streaming discord_spellcheck@1 to /home/ithihas/.config/discord/0.0.81/modules/pending/discord_spellcheck-1.zip: 74%
1/23/2025, 11:36:18 AM GMT+5:30 [Modules] Streaming discord_spellcheck@1 to /home/ithihas/.config/discord/0.0.81/modules/pending/discord_spellcheck-1.zip: 75%
1/23/2025, 11:36:18 AM GMT+5:30 [Modules] Streaming discord_spellcheck@1 to /home/ithihas/.config/discord/0.0.81/modules/pending/discord_spellcheck-1.zip: 77%
1/23/2025, 11:36:18 AM GMT+5:30 [Modules] Streaming discord_spellcheck@1 to /home/ithihas/.config/discord/0.0.81/modules/pending/discord_spellcheck-1.zip: 78%
1/23/2025, 11:36:18 AM GMT+5:30 [Modules] Streaming discord_spellcheck@1 to /home/ithihas/.config/discord/0.0.81/modules/pending/discord_spellcheck-1.zip: 79%
1/23/2025, 11:36:18 AM GMT+5:30 [Modules] Streaming discord_spellcheck@1 to /home/ithihas/.config/discord/0.0.81/modules/pending/discord_spellcheck-1.zip: 80%
1/23/2025, 11:36:18 AM GMT+5:30 [Modules] Streaming discord_spellcheck@1 to /home/ithihas/.config/discord/0.0.81/modules/pending/discord_spellcheck-1.zip: 81%
1/23/2025, 11:36:18 AM GMT+5:30 [Modules] Streaming discord_spellcheck@1 to /home/ithihas/.config/discord/0.0.81/modules/pending/discord_spellcheck-1.zip: 82%
1/23/2025, 11:36:18 AM GMT+5:30 [Modules] Streaming discord_spellcheck@1 to /home/ithihas/.config/discord/0.0.81/modules/pending/discord_spellcheck-1.zip: 83%
1/23/2025, 11:36:18 AM GMT+5:30 [Modules] Streaming discord_spellcheck@1 to /home/ithihas/.config/discord/0.0.81/modules/pending/discord_spellcheck-1.zip: 84%
1/23/2025, 11:36:18 AM GMT+5:30 [Modules] Streaming discord_spellcheck@1 to /home/ithihas/.config/discord/0.0.81/modules/pending/discord_spellcheck-1.zip: 85%
1/23/2025, 11:36:18 AM GMT+5:30 [Modules] Streaming discord_spellcheck@1 to /home/ithihas/.config/discord/0.0.81/modules/pending/discord_spellcheck-1.zip: 86%
1/23/2025, 11:36:18 AM GMT+5:30 [Modules] Streaming discord_spellcheck@1 to /home/ithihas/.config/discord/0.0.81/modules/pending/discord_spellcheck-1.zip: 87%
1/23/2025, 11:36:18 AM GMT+5:30 [Modules] Streaming discord_spellcheck@1 to /home/ithihas/.config/discord/0.0.81/modules/pending/discord_spellcheck-1.zip: 88%
1/23/2025, 11:36:18 AM GMT+5:30 [Modules] Streaming discord_spellcheck@1 to /home/ithihas/.config/discord/0.0.81/modules/pending/discord_spellcheck-1.zip: 89%
1/23/2025, 11:36:18 AM GMT+5:30 [Modules] Streaming discord_spellcheck@1 to /home/ithihas/.config/discord/0.0.81/modules/pending/discord_spellcheck-1.zip: 90%
1/23/2025, 11:36:18 AM GMT+5:30 [Modules] Streaming discord_spellcheck@1 to /home/ithihas/.config/discord/0.0.81/modules/pending/discord_spellcheck-1.zip: 91%
1/23/2025, 11:36:18 AM GMT+5:30 [Modules] Streaming discord_spellcheck@1 to /home/ithihas/.config/discord/0.0.81/modules/pending/discord_spellcheck-1.zip: 92%
1/23/2025, 11:36:18 AM GMT+5:30 [Modules] Streaming discord_spellcheck@1 to /home/ithihas/.config/discord/0.0.81/modules/pending/discord_spellcheck-1.zip: 93%
1/23/2025, 11:36:18 AM GMT+5:30 [Modules] Streaming discord_spellcheck@1 to /home/ithihas/.config/discord/0.0.81/modules/pending/discord_spellcheck-1.zip: 94%
1/23/2025, 11:36:18 AM GMT+5:30 [Modules] Streaming discord_spellcheck@1 to /home/ithihas/.config/discord/0.0.81/modules/pending/discord_spellcheck-1.zip: 95%
1/23/2025, 11:36:18 AM GMT+5:30 [Modules] Streaming discord_spellcheck@1 to /home/ithihas/.config/discord/0.0.81/modules/pending/discord_spellcheck-1.zip: 96%
1/23/2025, 11:36:18 AM GMT+5:30 [Modules] Streaming discord_spellcheck@1 to /home/ithihas/.config/discord/0.0.81/modules/pending/discord_spellcheck-1.zip: 97%
1/23/2025, 11:36:18 AM GMT+5:30 [Modules] Streaming discord_spellcheck@1 to /home/ithihas/.config/discord/0.0.81/modules/pending/discord_spellcheck-1.zip: 98%
1/23/2025, 11:36:18 AM GMT+5:30 [Modules] Streaming discord_spellcheck@1 to /home/ithihas/.config/discord/0.0.81/modules/pending/discord_spellcheck-1.zip: 99%
1/23/2025, 11:36:18 AM GMT+5:30 [Modules] Streaming discord_spellcheck@1 to /home/ithihas/.config/discord/0.0.81/modules/pending/discord_spellcheck-1.zip: 100%
1/23/2025, 11:36:18 AM GMT+5:30 [Modules] Fetching discord_utils@1 from https://discord.com/api/modules/stable/discord_utils/1
1/23/2025, 11:36:18 AM GMT+5:30 [Modules] Streaming discord_utils@1 to /home/ithihas/.config/discord/0.0.81/modules/pending/discord_utils-1.zip
1/23/2025, 11:36:19 AM GMT+5:30 [Modules] Streaming discord_utils@1 to /home/ithihas/.config/discord/0.0.81/modules/pending/discord_utils-1.zip: 1%
1/23/2025, 11:36:19 AM GMT+5:30 [Modules] Streaming discord_utils@1 to /home/ithihas/.config/discord/0.0.81/modules/pending/discord_utils-1.zip: 2%
1/23/2025, 11:36:19 AM GMT+5:30 [Modules] Streaming discord_utils@1 to /home/ithihas/.config/discord/0.0.81/modules/pending/discord_utils-1.zip: 3%
1/23/2025, 11:36:19 AM GMT+5:30 [Modules] Streaming discord_utils@1 to /home/ithihas/.config/discord/0.0.81/modules/pending/discord_utils-1.zip: 4%
1/23/2025, 11:36:19 AM GMT+5:30 [Modules] Streaming discord_utils@1 to /home/ithihas/.config/discord/0.0.81/modules/pending/discord_utils-1.zip: 5%
1/23/2025, 11:36:19 AM GMT+5:30 [Modules] Streaming discord_utils@1 to /home/ithihas/.config/discord/0.0.81/modules/pending/discord_utils-1.zip: 6%
1/23/2025, 11:36:19 AM GMT+5:30 [Modules] Streaming discord_utils@1 to /home/ithihas/.config/discord/0.0.81/modules/pending/discord_utils-1.zip: 8%
1/23/2025, 11:36:19 AM GMT+5:30 [Modules] Streaming discord_utils@1 to /home/ithihas/.config/discord/0.0.81/modules/pending/discord_utils-1.zip: 9%
1/23/2025, 11:36:19 AM GMT+5:30 [Modules] Streaming discord_utils@1 to /home/ithihas/.config/discord/0.0.81/modules/pending/discord_utils-1.zip: 10%
1/23/2025, 11:36:19 AM GMT+5:30 [Modules] Streaming discord_utils@1 to /home/ithihas/.config/discord/0.0.81/modules/pending/discord_utils-1.zip: 11%
1/23/2025, 11:36:19 AM GMT+5:30 [Modules] Streaming discord_utils@1 to /home/ithihas/.config/discord/0.0.81/modules/pending/discord_utils-1.zip: 12%
1/23/2025, 11:36:19 AM GMT+5:30 [Modules] Streaming discord_utils@1 to /home/ithihas/.config/discord/0.0.81/modules/pending/discord_utils-1.zip: 14%
1/23/2025, 11:36:19 AM GMT+5:30 [Modules] Streaming discord_utils@1 to /home/ithihas/.config/discord/0.0.81/modules/pending/discord_utils-1.zip: 16%
1/23/2025, 11:36:19 AM GMT+5:30 [Modules] Streaming discord_utils@1 to /home/ithihas/.config/discord/0.0.81/modules/pending/discord_utils-1.zip: 17%
1/23/2025, 11:36:19 AM GMT+5:30 [Modules] Streaming discord_utils@1 to /home/ithihas/.config/discord/0.0.81/modules/pending/discord_utils-1.zip: 19%
1/23/2025, 11:36:19 AM GMT+5:30 [Modules] Streaming discord_utils@1 to /home/ithihas/.config/discord/0.0.81/modules/pending/discord_utils-1.zip: 21%
1/23/2025, 11:36:19 AM GMT+5:30 [Modules] Streaming discord_utils@1 to /home/ithihas/.config/discord/0.0.81/modules/pending/discord_utils-1.zip: 23%
1/23/2025, 11:36:19 AM GMT+5:30 [Modules] Streaming discord_utils@1 to /home/ithihas/.config/discord/0.0.81/modules/pending/discord_utils-1.zip: 24%
1/23/2025, 11:36:19 AM GMT+5:30 [Modules] Streaming discord_utils@1 to /home/ithihas/.config/discord/0.0.81/modules/pending/discord_utils-1.zip: 25%
1/23/2025, 11:36:19 AM GMT+5:30 [Modules] Streaming discord_utils@1 to /home/ithihas/.config/discord/0.0.81/modules/pending/discord_utils-1.zip: 27%
1/23/2025, 11:36:19 AM GMT+5:30 [Modules] Streaming discord_utils@1 to /home/ithihas/.config/discord/0.0.81/modules/pending/discord_utils-1.zip: 30%
1/23/2025, 11:36:19 AM GMT+5:30 [Modules] Streaming discord_utils@1 to /home/ithihas/.config/discord/0.0.81/modules/pending/discord_utils-1.zip: 32%
1/23/2025, 11:36:19 AM GMT+5:30 [Modules] Streaming discord_utils@1 to /home/ithihas/.config/discord/0.0.81/modules/pending/discord_utils-1.zip: 33%
1/23/2025, 11:36:19 AM GMT+5:30 [Modules] Streaming discord_utils@1 to /home/ithihas/.config/discord/0.0.81/modules/pending/discord_utils-1.zip: 35%
1/23/2025, 11:36:19 AM GMT+5:30 [Modules] Streaming discord_utils@1 to /home/ithihas/.config/discord/0.0.81/modules/pending/discord_utils-1.zip: 36%
1/23/2025, 11:36:19 AM GMT+5:30 [Modules] Streaming discord_utils@1 to /home/ithihas/.config/discord/0.0.81/modules/pending/discord_utils-1.zip: 38%
1/23/2025, 11:36:19 AM GMT+5:30 [Modules] Streaming discord_utils@1 to /home/ithihas/.config/discord/0.0.81/modules/pending/discord_utils-1.zip: 40%
1/23/2025, 11:36:19 AM GMT+5:30 [Modules] Streaming discord_utils@1 to /home/ithihas/.config/discord/0.0.81/modules/pending/discord_utils-1.zip: 41%
1/23/2025, 11:36:19 AM GMT+5:30 [Modules] Streaming discord_utils@1 to /home/ithihas/.config/discord/0.0.81/modules/pending/discord_utils-1.zip: 43%
1/23/2025, 11:36:19 AM GMT+5:30 [Modules] Streaming discord_utils@1 to /home/ithihas/.config/discord/0.0.81/modules/pending/discord_utils-1.zip: 45%
1/23/2025, 11:36:19 AM GMT+5:30 [Modules] Streaming discord_utils@1 to /home/ithihas/.config/discord/0.0.81/modules/pending/discord_utils-1.zip: 46%
1/23/2025, 11:36:19 AM GMT+5:30 [Modules] Streaming discord_utils@1 to /home/ithihas/.config/discord/0.0.81/modules/pending/discord_utils-1.zip: 48%
1/23/2025, 11:36:19 AM GMT+5:30 [Modules] Streaming discord_utils@1 to /home/ithihas/.config/discord/0.0.81/modules/pending/discord_utils-1.zip: 52%
1/23/2025, 11:36:19 AM GMT+5:30 [Modules] Streaming discord_utils@1 to /home/ithihas/.config/discord/0.0.81/modules/pending/discord_utils-1.zip: 53%
1/23/2025, 11:36:19 AM GMT+5:30 [Modules] Streaming discord_utils@1 to /home/ithihas/.config/discord/0.0.81/modules/pending/discord_utils-1.zip: 55%
1/23/2025, 11:36:19 AM GMT+5:30 [Modules] Streaming discord_utils@1 to /home/ithihas/.config/discord/0.0.81/modules/pending/discord_utils-1.zip: 56%
1/23/2025, 11:36:19 AM GMT+5:30 [Modules] Streaming discord_utils@1 to /home/ithihas/.config/discord/0.0.81/modules/pending/discord_utils-1.zip: 61%
1/23/2025, 11:36:19 AM GMT+5:30 [Modules] Streaming discord_utils@1 to /home/ithihas/.config/discord/0.0.81/modules/pending/discord_utils-1.zip: 63%
1/23/2025, 11:36:19 AM GMT+5:30 [Modules] Streaming discord_utils@1 to /home/ithihas/.config/discord/0.0.81/modules/pending/discord_utils-1.zip: 65%
1/23/2025, 11:36:19 AM GMT+5:30 [Modules] Streaming discord_utils@1 to /home/ithihas/.config/discord/0.0.81/modules/pending/discord_utils-1.zip: 66%
1/23/2025, 11:36:19 AM GMT+5:30 [Modules] Streaming discord_utils@1 to /home/ithihas/.config/discord/0.0.81/modules/pending/discord_utils-1.zip: 68%
1/23/2025, 11:36:19 AM GMT+5:30 [Modules] Streaming discord_utils@1 to /home/ithihas/.config/discord/0.0.81/modules/pending/discord_utils-1.zip: 69%
1/23/2025, 11:36:19 AM GMT+5:30 [Modules] Streaming discord_utils@1 to /home/ithihas/.config/discord/0.0.81/modules/pending/discord_utils-1.zip: 71%
1/23/2025, 11:36:19 AM GMT+5:30 [Modules] Streaming discord_utils@1 to /home/ithihas/.config/discord/0.0.81/modules/pending/discord_utils-1.zip: 73%
1/23/2025, 11:36:19 AM GMT+5:30 [Modules] Streaming discord_utils@1 to /home/ithihas/.config/discord/0.0.81/modules/pending/discord_utils-1.zip: 74%
1/23/2025, 11:36:19 AM GMT+5:30 [Modules] Streaming discord_utils@1 to /home/ithihas/.config/discord/0.0.81/modules/pending/discord_utils-1.zip: 78%
1/23/2025, 11:36:19 AM GMT+5:30 [Modules] Streaming discord_utils@1 to /home/ithihas/.config/discord/0.0.81/modules/pending/discord_utils-1.zip: 81%
1/23/2025, 11:36:19 AM GMT+5:30 [Modules] Streaming discord_utils@1 to /home/ithihas/.config/discord/0.0.81/modules/pending/discord_utils-1.zip: 84%
1/23/2025, 11:36:19 AM GMT+5:30 [Modules] Streaming discord_utils@1 to /home/ithihas/.config/discord/0.0.81/modules/pending/discord_utils-1.zip: 86%
1/23/2025, 11:36:19 AM GMT+5:30 [Modules] Streaming discord_utils@1 to /home/ithihas/.config/discord/0.0.81/modules/pending/discord_utils-1.zip: 88%
1/23/2025, 11:36:19 AM GMT+5:30 [Modules] Streaming discord_utils@1 to /home/ithihas/.config/discord/0.0.81/modules/pending/discord_utils-1.zip: 90%
1/23/2025, 11:36:19 AM GMT+5:30 [Modules] Streaming discord_utils@1 to /home/ithihas/.config/discord/0.0.81/modules/pending/discord_utils-1.zip: 91%
1/23/2025, 11:36:19 AM GMT+5:30 [Modules] Streaming discord_utils@1 to /home/ithihas/.config/discord/0.0.81/modules/pending/discord_utils-1.zip: 92%
1/23/2025, 11:36:19 AM GMT+5:30 [Modules] Streaming discord_utils@1 to /home/ithihas/.config/discord/0.0.81/modules/pending/discord_utils-1.zip: 93%
1/23/2025, 11:36:19 AM GMT+5:30 [Modules] Streaming discord_utils@1 to /home/ithihas/.config/discord/0.0.81/modules/pending/discord_utils-1.zip: 94%
1/23/2025, 11:36:19 AM GMT+5:30 [Modules] Streaming discord_utils@1 to /home/ithihas/.config/discord/0.0.81/modules/pending/discord_utils-1.zip: 95%
1/23/2025, 11:36:19 AM GMT+5:30 [Modules] Streaming discord_utils@1 to /home/ithihas/.config/discord/0.0.81/modules/pending/discord_utils-1.zip: 96%
1/23/2025, 11:36:19 AM GMT+5:30 [Modules] Streaming discord_utils@1 to /home/ithihas/.config/discord/0.0.81/modules/pending/discord_utils-1.zip: 97%
1/23/2025, 11:36:19 AM GMT+5:30 [Modules] Streaming discord_utils@1 to /home/ithihas/.config/discord/0.0.81/modules/pending/discord_utils-1.zip: 98%
1/23/2025, 11:36:19 AM GMT+5:30 [Modules] Streaming discord_utils@1 to /home/ithihas/.config/discord/0.0.81/modules/pending/discord_utils-1.zip: 99%
1/23/2025, 11:36:19 AM GMT+5:30 [Modules] Streaming discord_utils@1 to /home/ithihas/.config/discord/0.0.81/modules/pending/discord_utils-1.zip: 100%
1/23/2025, 11:36:19 AM GMT+5:30 [Modules] Fetching discord_voice@1 from https://discord.com/api/modules/stable/discord_voice/1
1/23/2025, 11:36:19 AM GMT+5:30 [Modules] Streaming discord_voice@1 to /home/ithihas/.config/discord/0.0.81/modules/pending/discord_voice-1.zip
1/23/2025, 11:36:20 AM GMT+5:30 [Modules] Streaming discord_voice@1 to /home/ithihas/.config/discord/0.0.81/modules/pending/discord_voice-1.zip: 1%
1/23/2025, 11:36:20 AM GMT+5:30 [Modules] Streaming discord_voice@1 to /home/ithihas/.config/discord/0.0.81/modules/pending/discord_voice-1.zip: 2%
1/23/2025, 11:36:20 AM GMT+5:30 [Modules] Streaming discord_voice@1 to /home/ithihas/.config/discord/0.0.81/modules/pending/discord_voice-1.zip: 3%
1/23/2025, 11:36:20 AM GMT+5:30 [Modules] Streaming discord_voice@1 to /home/ithihas/.config/discord/0.0.81/modules/pending/discord_voice-1.zip: 4%
1/23/2025, 11:36:20 AM GMT+5:30 [Modules] Streaming discord_voice@1 to /home/ithihas/.config/discord/0.0.81/modules/pending/discord_voice-1.zip: 5%
1/23/2025, 11:36:20 AM GMT+5:30 [Modules] Streaming discord_voice@1 to /home/ithihas/.config/discord/0.0.81/modules/pending/discord_voice-1.zip: 6%
1/23/2025, 11:36:20 AM GMT+5:30 [Modules] Streaming discord_voice@1 to /home/ithihas/.config/discord/0.0.81/modules/pending/discord_voice-1.zip: 7%
1/23/2025, 11:36:20 AM GMT+5:30 [Modules] Streaming discord_voice@1 to /home/ithihas/.config/discord/0.0.81/modules/pending/discord_voice-1.zip: 8%
1/23/2025, 11:36:20 AM GMT+5:30 [Modules] Streaming discord_voice@1 to /home/ithihas/.config/discord/0.0.81/modules/pending/discord_voice-1.zip: 9%
1/23/2025, 11:36:20 AM GMT+5:30 [Modules] Streaming discord_voice@1 to /home/ithihas/.config/discord/0.0.81/modules/pending/discord_voice-1.zip: 10%
1/23/2025, 11:36:20 AM GMT+5:30 [Modules] Streaming discord_voice@1 to /home/ithihas/.config/discord/0.0.81/modules/pending/discord_voice-1.zip: 11%
1/23/2025, 11:36:20 AM GMT+5:30 [Modules] Streaming discord_voice@1 to /home/ithihas/.config/discord/0.0.81/modules/pending/discord_voice-1.zip: 12%
1/23/2025, 11:36:20 AM GMT+5:30 [Modules] Streaming discord_voice@1 to /home/ithihas/.config/discord/0.0.81/modules/pending/discord_voice-1.zip: 13%
1/23/2025, 11:36:20 AM GMT+5:30 [Modules] Streaming discord_voice@1 to /home/ithihas/.config/discord/0.0.81/modules/pending/discord_voice-1.zip: 14%
1/23/2025, 11:36:20 AM GMT+5:30 [Modules] Streaming discord_voice@1 to /home/ithihas/.config/discord/0.0.81/modules/pending/discord_voice-1.zip: 15%
1/23/2025, 11:36:20 AM GMT+5:30 [Modules] Streaming discord_voice@1 to /home/ithihas/.config/discord/0.0.81/modules/pending/discord_voice-1.zip: 16%
1/23/2025, 11:36:20 AM GMT+5:30 [Modules] Streaming discord_voice@1 to /home/ithihas/.config/discord/0.0.81/modules/pending/discord_voice-1.zip: 17%
1/23/2025, 11:36:20 AM GMT+5:30 [Modules] Streaming discord_voice@1 to /home/ithihas/.config/discord/0.0.81/modules/pending/discord_voice-1.zip: 18%
1/23/2025, 11:36:20 AM GMT+5:30 [Modules] Streaming discord_voice@1 to /home/ithihas/.config/discord/0.0.81/modules/pending/discord_voice-1.zip: 19%
1/23/2025, 11:36:20 AM GMT+5:30 [Modules] Streaming discord_voice@1 to /home/ithihas/.config/discord/0.0.81/modules/pending/discord_voice-1.zip: 20%
1/23/2025, 11:36:21 AM GMT+5:30 [Modules] Streaming discord_voice@1 to /home/ithihas/.config/discord/0.0.81/modules/pending/discord_voice-1.zip: 21%
1/23/2025, 11:36:21 AM GMT+5:30 [Modules] Streaming discord_voice@1 to /home/ithihas/.config/discord/0.0.81/modules/pending/discord_voice-1.zip: 22%
1/23/2025, 11:36:21 AM GMT+5:30 [Modules] Streaming discord_voice@1 to /home/ithihas/.config/discord/0.0.81/modules/pending/discord_voice-1.zip: 23%
1/23/2025, 11:36:21 AM GMT+5:30 [Modules] Streaming discord_voice@1 to /home/ithihas/.config/discord/0.0.81/modules/pending/discord_voice-1.zip: 24%
1/23/2025, 11:36:21 AM GMT+5:30 [Modules] Streaming discord_voice@1 to /home/ithihas/.config/discord/0.0.81/modules/pending/discord_voice-1.zip: 25%
1/23/2025, 11:36:21 AM GMT+5:30 [Modules] Streaming discord_voice@1 to /home/ithihas/.config/discord/0.0.81/modules/pending/discord_voice-1.zip: 26%
1/23/2025, 11:36:21 AM GMT+5:30 [Modules] Streaming discord_voice@1 to /home/ithihas/.config/discord/0.0.81/modules/pending/discord_voice-1.zip: 27%
1/23/2025, 11:36:21 AM GMT+5:30 [Modules] Streaming discord_voice@1 to /home/ithihas/.config/discord/0.0.81/modules/pending/discord_voice-1.zip: 28%
1/23/2025, 11:36:21 AM GMT+5:30 [Modules] Streaming discord_voice@1 to /home/ithihas/.config/discord/0.0.81/modules/pending/discord_voice-1.zip: 29%
1/23/2025, 11:36:21 AM GMT+5:30 [Modules] Streaming discord_voice@1 to /home/ithihas/.config/discord/0.0.81/modules/pending/discord_voice-1.zip: 30%
1/23/2025, 11:36:21 AM GMT+5:30 [Modules] Streaming discord_voice@1 to /home/ithihas/.config/discord/0.0.81/modules/pending/discord_voice-1.zip: 31%
1/23/2025, 11:36:21 AM GMT+5:30 [Modules] Streaming discord_voice@1 to /home/ithihas/.config/discord/0.0.81/modules/pending/discord_voice-1.zip: 32%
1/23/2025, 11:36:21 AM GMT+5:30 [Modules] Streaming discord_voice@1 to /home/ithihas/.config/discord/0.0.81/modules/pending/discord_voice-1.zip: 33%
1/23/2025, 11:36:21 AM GMT+5:30 [Modules] Streaming discord_voice@1 to /home/ithihas/.config/discord/0.0.81/modules/pending/discord_voice-1.zip: 34%
1/23/2025, 11:36:21 AM GMT+5:30 [Modules] Streaming discord_voice@1 to /home/ithihas/.config/discord/0.0.81/modules/pending/discord_voice-1.zip: 35%
1/23/2025, 11:36:21 AM GMT+5:30 [Modules] Streaming discord_voice@1 to /home/ithihas/.config/discord/0.0.81/modules/pending/discord_voice-1.zip: 36%
1/23/2025, 11:36:21 AM GMT+5:30 [Modules] Streaming discord_voice@1 to /home/ithihas/.config/discord/0.0.81/modules/pending/discord_voice-1.zip: 37%
1/23/2025, 11:36:21 AM GMT+5:30 [Modules] Streaming discord_voice@1 to /home/ithihas/.config/discord/0.0.81/modules/pending/discord_voice-1.zip: 38%
1/23/2025, 11:36:21 AM GMT+5:30 [Modules] Streaming discord_voice@1 to /home/ithihas/.config/discord/0.0.81/modules/pending/discord_voice-1.zip: 39%
1/23/2025, 11:36:21 AM GMT+5:30 [Modules] Streaming discord_voice@1 to /home/ithihas/.config/discord/0.0.81/modules/pending/discord_voice-1.zip: 40%
1/23/2025, 11:36:21 AM GMT+5:30 [Modules] Streaming discord_voice@1 to /home/ithihas/.config/discord/0.0.81/modules/pending/discord_voice-1.zip: 41%
1/23/2025, 11:36:21 AM GMT+5:30 [Modules] Streaming discord_voice@1 to /home/ithihas/.config/discord/0.0.81/modules/pending/discord_voice-1.zip: 42%
1/23/2025, 11:36:21 AM GMT+5:30 [Modules] Streaming discord_voice@1 to /home/ithihas/.config/discord/0.0.81/modules/pending/discord_voice-1.zip: 43%
1/23/2025, 11:36:21 AM GMT+5:30 [Modules] Streaming discord_voice@1 to /home/ithihas/.config/discord/0.0.81/modules/pending/discord_voice-1.zip: 44%
1/23/2025, 11:36:21 AM GMT+5:30 [Modules] Streaming discord_voice@1 to /home/ithihas/.config/discord/0.0.81/modules/pending/discord_voice-1.zip: 45%
1/23/2025, 11:36:21 AM GMT+5:30 [Modules] Streaming discord_voice@1 to /home/ithihas/.config/discord/0.0.81/modules/pending/discord_voice-1.zip: 46%
1/23/2025, 11:36:21 AM GMT+5:30 [Modules] Streaming discord_voice@1 to /home/ithihas/.config/discord/0.0.81/modules/pending/discord_voice-1.zip: 47%
1/23/2025, 11:36:21 AM GMT+5:30 [Modules] Streaming discord_voice@1 to /home/ithihas/.config/discord/0.0.81/modules/pending/discord_voice-1.zip: 48%
1/23/2025, 11:36:21 AM GMT+5:30 [Modules] Streaming discord_voice@1 to /home/ithihas/.config/discord/0.0.81/modules/pending/discord_voice-1.zip: 49%
1/23/2025, 11:36:21 AM GMT+5:30 [Modules] Streaming discord_voice@1 to /home/ithihas/.config/discord/0.0.81/modules/pending/discord_voice-1.zip: 50%
1/23/2025, 11:36:21 AM GMT+5:30 [Modules] Streaming discord_voice@1 to /home/ithihas/.config/discord/0.0.81/modules/pending/discord_voice-1.zip: 51%
1/23/2025, 11:36:21 AM GMT+5:30 [Modules] Streaming discord_voice@1 to /home/ithihas/.config/discord/0.0.81/modules/pending/discord_voice-1.zip: 52%
1/23/2025, 11:36:21 AM GMT+5:30 [Modules] Streaming discord_voice@1 to /home/ithihas/.config/discord/0.0.81/modules/pending/discord_voice-1.zip: 53%
1/23/2025, 11:36:21 AM GMT+5:30 [Modules] Streaming discord_voice@1 to /home/ithihas/.config/discord/0.0.81/modules/pending/discord_voice-1.zip: 54%
1/23/2025, 11:36:22 AM GMT+5:30 [Modules] Streaming discord_voice@1 to /home/ithihas/.config/discord/0.0.81/modules/pending/discord_voice-1.zip: 55%
1/23/2025, 11:36:22 AM GMT+5:30 [Modules] Streaming discord_voice@1 to /home/ithihas/.config/discord/0.0.81/modules/pending/discord_voice-1.zip: 56%
1/23/2025, 11:36:22 AM GMT+5:30 [Modules] Streaming discord_voice@1 to /home/ithihas/.config/discord/0.0.81/modules/pending/discord_voice-1.zip: 57%
1/23/2025, 11:36:22 AM GMT+5:30 [Modules] Streaming discord_voice@1 to /home/ithihas/.config/discord/0.0.81/modules/pending/discord_voice-1.zip: 58%
1/23/2025, 11:36:22 AM GMT+5:30 [Modules] Streaming discord_voice@1 to /home/ithihas/.config/discord/0.0.81/modules/pending/discord_voice-1.zip: 59%
1/23/2025, 11:36:22 AM GMT+5:30 [Modules] Streaming discord_voice@1 to /home/ithihas/.config/discord/0.0.81/modules/pending/discord_voice-1.zip: 60%
1/23/2025, 11:36:22 AM GMT+5:30 [Modules] Streaming discord_voice@1 to /home/ithihas/.config/discord/0.0.81/modules/pending/discord_voice-1.zip: 61%
1/23/2025, 11:36:22 AM GMT+5:30 [Modules] Streaming discord_voice@1 to /home/ithihas/.config/discord/0.0.81/modules/pending/discord_voice-1.zip: 62%
1/23/2025, 11:36:22 AM GMT+5:30 [Modules] Streaming discord_voice@1 to /home/ithihas/.config/discord/0.0.81/modules/pending/discord_voice-1.zip: 63%
1/23/2025, 11:36:22 AM GMT+5:30 [Modules] Streaming discord_voice@1 to /home/ithihas/.config/discord/0.0.81/modules/pending/discord_voice-1.zip: 64%
1/23/2025, 11:36:22 AM GMT+5:30 [Modules] Streaming discord_voice@1 to /home/ithihas/.config/discord/0.0.81/modules/pending/discord_voice-1.zip: 65%
1/23/2025, 11:36:22 AM GMT+5:30 [Modules] Streaming discord_voice@1 to /home/ithihas/.config/discord/0.0.81/modules/pending/discord_voice-1.zip: 66%
1/23/2025, 11:36:22 AM GMT+5:30 [Modules] Streaming discord_voice@1 to /home/ithihas/.config/discord/0.0.81/modules/pending/discord_voice-1.zip: 67%
1/23/2025, 11:36:22 AM GMT+5:30 [Modules] Streaming discord_voice@1 to /home/ithihas/.config/discord/0.0.81/modules/pending/discord_voice-1.zip: 68%
1/23/2025, 11:36:22 AM GMT+5:30 [Modules] Streaming discord_voice@1 to /home/ithihas/.config/discord/0.0.81/modules/pending/discord_voice-1.zip: 69%
1/23/2025, 11:36:22 AM GMT+5:30 [Modules] Streaming discord_voice@1 to /home/ithihas/.config/discord/0.0.81/modules/pending/discord_voice-1.zip: 70%
1/23/2025, 11:36:22 AM GMT+5:30 [Modules] Streaming discord_voice@1 to /home/ithihas/.config/discord/0.0.81/modules/pending/discord_voice-1.zip: 71%
1/23/2025, 11:36:22 AM GMT+5:30 [Modules] Streaming discord_voice@1 to /home/ithihas/.config/discord/0.0.81/modules/pending/discord_voice-1.zip: 72%
1/23/2025, 11:36:22 AM GMT+5:30 [Modules] Streaming discord_voice@1 to /home/ithihas/.config/discord/0.0.81/modules/pending/discord_voice-1.zip: 73%
1/23/2025, 11:36:22 AM GMT+5:30 [Modules] Streaming discord_voice@1 to /home/ithihas/.config/discord/0.0.81/modules/pending/discord_voice-1.zip: 74%
1/23/2025, 11:36:22 AM GMT+5:30 [Modules] Streaming discord_voice@1 to /home/ithihas/.config/discord/0.0.81/modules/pending/discord_voice-1.zip: 75%
1/23/2025, 11:36:22 AM GMT+5:30 [Modules] Streaming discord_voice@1 to /home/ithihas/.config/discord/0.0.81/modules/pending/discord_voice-1.zip: 76%
1/23/2025, 11:36:22 AM GMT+5:30 [Modules] Streaming discord_voice@1 to /home/ithihas/.config/discord/0.0.81/modules/pending/discord_voice-1.zip: 77%
1/23/2025, 11:36:22 AM GMT+5:30 [Modules] Streaming discord_voice@1 to /home/ithihas/.config/discord/0.0.81/modules/pending/discord_voice-1.zip: 78%
1/23/2025, 11:36:22 AM GMT+5:30 [Modules] Streaming discord_voice@1 to /home/ithihas/.config/discord/0.0.81/modules/pending/discord_voice-1.zip: 79%
1/23/2025, 11:36:22 AM GMT+5:30 [Modules] Streaming discord_voice@1 to /home/ithihas/.config/discord/0.0.81/modules/pending/discord_voice-1.zip: 80%
1/23/2025, 11:36:22 AM GMT+5:30 [Modules] Streaming discord_voice@1 to /home/ithihas/.config/discord/0.0.81/modules/pending/discord_voice-1.zip: 81%
1/23/2025, 11:36:22 AM GMT+5:30 [Modules] Streaming discord_voice@1 to /home/ithihas/.config/discord/0.0.81/modules/pending/discord_voice-1.zip: 82%
1/23/2025, 11:36:22 AM GMT+5:30 [Modules] Streaming discord_voice@1 to /home/ithihas/.config/discord/0.0.81/modules/pending/discord_voice-1.zip: 83%
1/23/2025, 11:36:22 AM GMT+5:30 [Modules] Streaming discord_voice@1 to /home/ithihas/.config/discord/0.0.81/modules/pending/discord_voice-1.zip: 84%
1/23/2025, 11:36:22 AM GMT+5:30 [Modules] Streaming discord_voice@1 to /home/ithihas/.config/discord/0.0.81/modules/pending/discord_voice-1.zip: 85%
1/23/2025, 11:36:22 AM GMT+5:30 [Modules] Streaming discord_voice@1 to /home/ithihas/.config/discord/0.0.81/modules/pending/discord_voice-1.zip: 86%
1/23/2025, 11:36:22 AM GMT+5:30 [Modules] Streaming discord_voice@1 to /home/ithihas/.config/discord/0.0.81/modules/pending/discord_voice-1.zip: 87%
1/23/2025, 11:36:22 AM GMT+5:30 [Modules] Streaming discord_voice@1 to /home/ithihas/.config/discord/0.0.81/modules/pending/discord_voice-1.zip: 88%
1/23/2025, 11:36:22 AM GMT+5:30 [Modules] Streaming discord_voice@1 to /home/ithihas/.config/discord/0.0.81/modules/pending/discord_voice-1.zip: 89%
1/23/2025, 11:36:22 AM GMT+5:30 [Modules] Streaming discord_voice@1 to /home/ithihas/.config/discord/0.0.81/modules/pending/discord_voice-1.zip: 90%
1/23/2025, 11:36:22 AM GMT+5:30 [Modules] Streaming discord_voice@1 to /home/ithihas/.config/discord/0.0.81/modules/pending/discord_voice-1.zip: 91%
1/23/2025, 11:36:22 AM GMT+5:30 [Modules] Streaming discord_voice@1 to /home/ithihas/.config/discord/0.0.81/modules/pending/discord_voice-1.zip: 92%
1/23/2025, 11:36:23 AM GMT+5:30 [Modules] Streaming discord_voice@1 to /home/ithihas/.config/discord/0.0.81/modules/pending/discord_voice-1.zip: 93%
1/23/2025, 11:36:23 AM GMT+5:30 [Modules] Streaming discord_voice@1 to /home/ithihas/.config/discord/0.0.81/modules/pending/discord_voice-1.zip: 94%
1/23/2025, 11:36:23 AM GMT+5:30 [Modules] Streaming discord_voice@1 to /home/ithihas/.config/discord/0.0.81/modules/pending/discord_voice-1.zip: 95%
1/23/2025, 11:36:23 AM GMT+5:30 [Modules] Streaming discord_voice@1 to /home/ithihas/.config/discord/0.0.81/modules/pending/discord_voice-1.zip: 96%
1/23/2025, 11:36:23 AM GMT+5:30 [Modules] Streaming discord_voice@1 to /home/ithihas/.config/discord/0.0.81/modules/pending/discord_voice-1.zip: 97%
1/23/2025, 11:36:23 AM GMT+5:30 [Modules] Streaming discord_voice@1 to /home/ithihas/.config/discord/0.0.81/modules/pending/discord_voice-1.zip: 98%
1/23/2025, 11:36:23 AM GMT+5:30 [Modules] Streaming discord_voice@1 to /home/ithihas/.config/discord/0.0.81/modules/pending/discord_voice-1.zip: 99%
1/23/2025, 11:36:23 AM GMT+5:30 [Modules] Streaming discord_voice@1 to /home/ithihas/.config/discord/0.0.81/modules/pending/discord_voice-1.zip: 100%
1/23/2025, 11:36:23 AM GMT+5:30 [Modules] Fetching discord_zstd@1 from https://discord.com/api/modules/stable/discord_zstd/1
1/23/2025, 11:36:23 AM GMT+5:30 [Modules] Streaming discord_zstd@1 to /home/ithihas/.config/discord/0.0.81/modules/pending/discord_zstd-1.zip
1/23/2025, 11:36:23 AM GMT+5:30 [Modules] Streaming discord_zstd@1 to /home/ithihas/.config/discord/0.0.81/modules/pending/discord_zstd-1.zip: 8%
1/23/2025, 11:36:23 AM GMT+5:30 [Modules] Streaming discord_zstd@1 to /home/ithihas/.config/discord/0.0.81/modules/pending/discord_zstd-1.zip: 20%
1/23/2025, 11:36:23 AM GMT+5:30 [Modules] Streaming discord_zstd@1 to /home/ithihas/.config/discord/0.0.81/modules/pending/discord_zstd-1.zip: 29%
1/23/2025, 11:36:23 AM GMT+5:30 [Modules] Streaming discord_zstd@1 to /home/ithihas/.config/discord/0.0.81/modules/pending/discord_zstd-1.zip: 33%
1/23/2025, 11:36:23 AM GMT+5:30 [Modules] Streaming discord_zstd@1 to /home/ithihas/.config/discord/0.0.81/modules/pending/discord_zstd-1.zip: 41%
1/23/2025, 11:36:23 AM GMT+5:30 [Modules] Streaming discord_zstd@1 to /home/ithihas/.config/discord/0.0.81/modules/pending/discord_zstd-1.zip: 46%
1/23/2025, 11:36:23 AM GMT+5:30 [Modules] Streaming discord_zstd@1 to /home/ithihas/.config/discord/0.0.81/modules/pending/discord_zstd-1.zip: 54%
1/23/2025, 11:36:23 AM GMT+5:30 [Modules] Streaming discord_zstd@1 to /home/ithihas/.config/discord/0.0.81/modules/pending/discord_zstd-1.zip: 67%
1/23/2025, 11:36:23 AM GMT+5:30 [Modules] Streaming discord_zstd@1 to /home/ithihas/.config/discord/0.0.81/modules/pending/discord_zstd-1.zip: 71%
1/23/2025, 11:36:23 AM GMT+5:30 [Modules] Streaming discord_zstd@1 to /home/ithihas/.config/discord/0.0.81/modules/pending/discord_zstd-1.zip: 75%
1/23/2025, 11:36:23 AM GMT+5:30 [Modules] Streaming discord_zstd@1 to /home/ithihas/.config/discord/0.0.81/modules/pending/discord_zstd-1.zip: 84%
1/23/2025, 11:36:23 AM GMT+5:30 [Modules] Streaming discord_zstd@1 to /home/ithihas/.config/discord/0.0.81/modules/pending/discord_zstd-1.zip: 92%
1/23/2025, 11:36:23 AM GMT+5:30 [Modules] Streaming discord_zstd@1 to /home/ithihas/.config/discord/0.0.81/modules/pending/discord_zstd-1.zip: 100%
1/23/2025, 11:36:23 AM GMT+5:30 [Modules] Finished module downloads. [success: 6] [failure: 0]
1/23/2025, 11:36:23 AM GMT+5:30 [Modules] Installing updates...
1/23/2025, 11:36:23 AM GMT+5:30 [Modules] Installing discord_desktop_core@1 from /home/ithihas/.config/discord/0.0.81/modules/pending/discord_desktop_core-1.zip
1/23/2025, 11:36:23 AM GMT+5:30 [Modules] Installing discord_erlpack@1 from /home/ithihas/.config/discord/0.0.81/modules/pending/discord_erlpack-1.zip
1/23/2025, 11:36:24 AM GMT+5:30 [Modules] Installing discord_spellcheck@1 from /home/ithihas/.config/discord/0.0.81/modules/pending/discord_spellcheck-1.zip
1/23/2025, 11:36:25 AM GMT+5:30 [Modules] Installing discord_utils@1 from /home/ithihas/.config/discord/0.0.81/modules/pending/discord_utils-1.zip
1/23/2025, 11:36:26 AM GMT+5:30 [Modules] Installing discord_voice@1 from /home/ithihas/.config/discord/0.0.81/modules/pending/discord_voice-1.zip
1/23/2025, 11:36:27 AM GMT+5:30 [Modules] Installing discord_zstd@1 from /home/ithihas/.config/discord/0.0.81/modules/pending/discord_zstd-1.zip
1/23/2025, 11:36:27 AM GMT+5:30 [Modules] Finished module installations. [success: 6] [failure: 0]
1/23/2025, 11:36:27 AM GMT+5:30 [Modules] Checking for host updates.
1/23/2025, 11:36:27 AM GMT+5:30 [Modules] Host is up to date.
1/23/2025, 11:36:27 AM GMT+5:30 [Modules] Checking for module updates at https://discord.com/api/modules/stable/versions.json
1/23/2025, 11:36:27 AM GMT+5:30 [Modules] No module updates available.
1/23/2025, 11:36:30 AM GMT+5:30 [Modules] Starting to install discord_krisp...
1/23/2025, 11:36:30 AM GMT+5:30 [Modules] Fetching discord_krisp@1 from https://discord.com/api/modules/stable/discord_krisp/1
1/23/2025, 11:36:30 AM GMT+5:30 [Modules] Streaming discord_krisp@1 to /home/ithihas/.config/discord/0.0.81/modules/pending/discord_krisp-1.zip
1/23/2025, 11:36:30 AM GMT+5:30 [Modules] Starting to install discord_game_utils...
1/23/2025, 11:36:30 AM GMT+5:30 [Modules] Streaming discord_krisp@1 to /home/ithihas/.config/discord/0.0.81/modules/pending/discord_krisp-1.zip: 1%
1/23/2025, 11:36:30 AM GMT+5:30 [Modules] Streaming discord_krisp@1 to /home/ithihas/.config/discord/0.0.81/modules/pending/discord_krisp-1.zip: 2%
1/23/2025, 11:36:30 AM GMT+5:30 [Modules] Streaming discord_krisp@1 to /home/ithihas/.config/discord/0.0.81/modules/pending/discord_krisp-1.zip: 3%
1/23/2025, 11:36:30 AM GMT+5:30 [Modules] Streaming discord_krisp@1 to /home/ithihas/.config/discord/0.0.81/modules/pending/discord_krisp-1.zip: 4%
1/23/2025, 11:36:30 AM GMT+5:30 [Modules] Streaming discord_krisp@1 to /home/ithihas/.config/discord/0.0.81/modules/pending/discord_krisp-1.zip: 5%
1/23/2025, 11:36:30 AM GMT+5:30 [Modules] Streaming discord_krisp@1 to /home/ithihas/.config/discord/0.0.81/modules/pending/discord_krisp-1.zip: 6%
1/23/2025, 11:36:30 AM GMT+5:30 [Modules] Streaming discord_krisp@1 to /home/ithihas/.config/discord/0.0.81/modules/pending/discord_krisp-1.zip: 7%
1/23/2025, 11:36:30 AM GMT+5:30 [Modules] Streaming discord_krisp@1 to /home/ithihas/.config/discord/0.0.81/modules/pending/discord_krisp-1.zip: 8%
1/23/2025, 11:36:30 AM GMT+5:30 [Modules] Streaming discord_krisp@1 to /home/ithihas/.config/discord/0.0.81/modules/pending/discord_krisp-1.zip: 9%
1/23/2025, 11:36:30 AM GMT+5:30 [Modules] Streaming discord_krisp@1 to /home/ithihas/.config/discord/0.0.81/modules/pending/discord_krisp-1.zip: 10%
1/23/2025, 11:36:30 AM GMT+5:30 [Modules] Streaming discord_krisp@1 to /home/ithihas/.config/discord/0.0.81/modules/pending/discord_krisp-1.zip: 11%
1/23/2025, 11:36:30 AM GMT+5:30 [Modules] Streaming discord_krisp@1 to /home/ithihas/.config/discord/0.0.81/modules/pending/discord_krisp-1.zip: 12%
1/23/2025, 11:36:30 AM GMT+5:30 [Modules] Streaming discord_krisp@1 to /home/ithihas/.config/discord/0.0.81/modules/pending/discord_krisp-1.zip: 13%
1/23/2025, 11:36:30 AM GMT+5:30 [Modules] Streaming discord_krisp@1 to /home/ithihas/.config/discord/0.0.81/modules/pending/discord_krisp-1.zip: 14%
1/23/2025, 11:36:31 AM GMT+5:30 [Modules] Streaming discord_krisp@1 to /home/ithihas/.config/discord/0.0.81/modules/pending/discord_krisp-1.zip: 16%
1/23/2025, 11:36:31 AM GMT+5:30 [Modules] Streaming discord_krisp@1 to /home/ithihas/.config/discord/0.0.81/modules/pending/discord_krisp-1.zip: 18%
1/23/2025, 11:36:31 AM GMT+5:30 [Modules] Streaming discord_krisp@1 to /home/ithihas/.config/discord/0.0.81/modules/pending/discord_krisp-1.zip: 19%
1/23/2025, 11:36:31 AM GMT+5:30 [Modules] Streaming discord_krisp@1 to /home/ithihas/.config/discord/0.0.81/modules/pending/discord_krisp-1.zip: 20%
1/23/2025, 11:36:31 AM GMT+5:30 [Modules] Streaming discord_krisp@1 to /home/ithihas/.config/discord/0.0.81/modules/pending/discord_krisp-1.zip: 21%
1/23/2025, 11:36:31 AM GMT+5:30 [Modules] Streaming discord_krisp@1 to /home/ithihas/.config/discord/0.0.81/modules/pending/discord_krisp-1.zip: 22%
1/23/2025, 11:36:31 AM GMT+5:30 [Modules] Streaming discord_krisp@1 to /home/ithihas/.config/discord/0.0.81/modules/pending/discord_krisp-1.zip: 23%
1/23/2025, 11:36:31 AM GMT+5:30 [Modules] Streaming discord_krisp@1 to /home/ithihas/.config/discord/0.0.81/modules/pending/discord_krisp-1.zip: 24%
1/23/2025, 11:36:31 AM GMT+5:30 [Modules] Streaming discord_krisp@1 to /home/ithihas/.config/discord/0.0.81/modules/pending/discord_krisp-1.zip: 25%
1/23/2025, 11:36:31 AM GMT+5:30 [Modules] Streaming discord_krisp@1 to /home/ithihas/.config/discord/0.0.81/modules/pending/discord_krisp-1.zip: 26%
1/23/2025, 11:36:31 AM GMT+5:30 [Modules] Streaming discord_krisp@1 to /home/ithihas/.config/discord/0.0.81/modules/pending/discord_krisp-1.zip: 27%
1/23/2025, 11:36:31 AM GMT+5:30 [Modules] Streaming discord_krisp@1 to /home/ithihas/.config/discord/0.0.81/modules/pending/discord_krisp-1.zip: 28%
1/23/2025, 11:36:31 AM GMT+5:30 [Modules] Streaming discord_krisp@1 to /home/ithihas/.config/discord/0.0.81/modules/pending/discord_krisp-1.zip: 29%
1/23/2025, 11:36:31 AM GMT+5:30 [Modules] Streaming discord_krisp@1 to /home/ithihas/.config/discord/0.0.81/modules/pending/discord_krisp-1.zip: 31%
1/23/2025, 11:36:31 AM GMT+5:30 [Modules] Streaming discord_krisp@1 to /home/ithihas/.config/discord/0.0.81/modules/pending/discord_krisp-1.zip: 32%
1/23/2025, 11:36:31 AM GMT+5:30 [Modules] Streaming discord_krisp@1 to /home/ithihas/.config/discord/0.0.81/modules/pending/discord_krisp-1.zip: 33%
1/23/2025, 11:36:31 AM GMT+5:30 [Modules] Streaming discord_krisp@1 to /home/ithihas/.config/discord/0.0.81/modules/pending/discord_krisp-1.zip: 34%
1/23/2025, 11:36:31 AM GMT+5:30 [Modules] Streaming discord_krisp@1 to /home/ithihas/.config/discord/0.0.81/modules/pending/discord_krisp-1.zip: 35%
1/23/2025, 11:36:31 AM GMT+5:30 [Modules] Streaming discord_krisp@1 to /home/ithihas/.config/discord/0.0.81/modules/pending/discord_krisp-1.zip: 36%
1/23/2025, 11:36:31 AM GMT+5:30 [Modules] Streaming discord_krisp@1 to /home/ithihas/.config/discord/0.0.81/modules/pending/discord_krisp-1.zip: 37%
1/23/2025, 11:36:31 AM GMT+5:30 [Modules] Streaming discord_krisp@1 to /home/ithihas/.config/discord/0.0.81/modules/pending/discord_krisp-1.zip: 38%
1/23/2025, 11:36:31 AM GMT+5:30 [Modules] Streaming discord_krisp@1 to /home/ithihas/.config/discord/0.0.81/modules/pending/discord_krisp-1.zip: 39%
1/23/2025, 11:36:31 AM GMT+5:30 [Modules] Streaming discord_krisp@1 to /home/ithihas/.config/discord/0.0.81/modules/pending/discord_krisp-1.zip: 40%
1/23/2025, 11:36:31 AM GMT+5:30 [Modules] Streaming discord_krisp@1 to /home/ithihas/.config/discord/0.0.81/modules/pending/discord_krisp-1.zip: 41%
1/23/2025, 11:36:31 AM GMT+5:30 [Modules] Streaming discord_krisp@1 to /home/ithihas/.config/discord/0.0.81/modules/pending/discord_krisp-1.zip: 42%
1/23/2025, 11:36:31 AM GMT+5:30 [Modules] Streaming discord_krisp@1 to /home/ithihas/.config/discord/0.0.81/modules/pending/discord_krisp-1.zip: 43%
1/23/2025, 11:36:31 AM GMT+5:30 [Modules] Streaming discord_krisp@1 to /home/ithihas/.config/discord/0.0.81/modules/pending/discord_krisp-1.zip: 44%
1/23/2025, 11:36:31 AM GMT+5:30 [Modules] Streaming discord_krisp@1 to /home/ithihas/.config/discord/0.0.81/modules/pending/discord_krisp-1.zip: 45%
1/23/2025, 11:36:31 AM GMT+5:30 [Modules] Streaming discord_krisp@1 to /home/ithihas/.config/discord/0.0.81/modules/pending/discord_krisp-1.zip: 46%
1/23/2025, 11:36:31 AM GMT+5:30 [Modules] Streaming discord_krisp@1 to /home/ithihas/.config/discord/0.0.81/modules/pending/discord_krisp-1.zip: 47%
1/23/2025, 11:36:31 AM GMT+5:30 [Modules] Streaming discord_krisp@1 to /home/ithihas/.config/discord/0.0.81/modules/pending/discord_krisp-1.zip: 48%
1/23/2025, 11:36:31 AM GMT+5:30 [Modules] Streaming discord_krisp@1 to /home/ithihas/.config/discord/0.0.81/modules/pending/discord_krisp-1.zip: 49%
1/23/2025, 11:36:31 AM GMT+5:30 [Modules] Streaming discord_krisp@1 to /home/ithihas/.config/discord/0.0.81/modules/pending/discord_krisp-1.zip: 50%
1/23/2025, 11:36:31 AM GMT+5:30 [Modules] Streaming discord_krisp@1 to /home/ithihas/.config/discord/0.0.81/modules/pending/discord_krisp-1.zip: 51%
1/23/2025, 11:36:32 AM GMT+5:30 [Modules] Streaming discord_krisp@1 to /home/ithihas/.config/discord/0.0.81/modules/pending/discord_krisp-1.zip: 52%
1/23/2025, 11:36:32 AM GMT+5:30 [Modules] Streaming discord_krisp@1 to /home/ithihas/.config/discord/0.0.81/modules/pending/discord_krisp-1.zip: 53%
1/23/2025, 11:36:32 AM GMT+5:30 [Modules] Streaming discord_krisp@1 to /home/ithihas/.config/discord/0.0.81/modules/pending/discord_krisp-1.zip: 54%
1/23/2025, 11:36:32 AM GMT+5:30 [Modules] Streaming discord_krisp@1 to /home/ithihas/.config/discord/0.0.81/modules/pending/discord_krisp-1.zip: 55%
1/23/2025, 11:36:32 AM GMT+5:30 [Modules] Streaming discord_krisp@1 to /home/ithihas/.config/discord/0.0.81/modules/pending/discord_krisp-1.zip: 56%
1/23/2025, 11:36:32 AM GMT+5:30 [Modules] Streaming discord_krisp@1 to /home/ithihas/.config/discord/0.0.81/modules/pending/discord_krisp-1.zip: 57%
1/23/2025, 11:36:32 AM GMT+5:30 [Modules] Streaming discord_krisp@1 to /home/ithihas/.config/discord/0.0.81/modules/pending/discord_krisp-1.zip: 58%
1/23/2025, 11:36:32 AM GMT+5:30 [Modules] Streaming discord_krisp@1 to /home/ithihas/.config/discord/0.0.81/modules/pending/discord_krisp-1.zip: 59%
1/23/2025, 11:36:32 AM GMT+5:30 [Modules] Streaming discord_krisp@1 to /home/ithihas/.config/discord/0.0.81/modules/pending/discord_krisp-1.zip: 60%
1/23/2025, 11:36:32 AM GMT+5:30 [Modules] Streaming discord_krisp@1 to /home/ithihas/.config/discord/0.0.81/modules/pending/discord_krisp-1.zip: 61%
1/23/2025, 11:36:32 AM GMT+5:30 [Modules] Streaming discord_krisp@1 to /home/ithihas/.config/discord/0.0.81/modules/pending/discord_krisp-1.zip: 62%
1/23/2025, 11:36:32 AM GMT+5:30 [Modules] Streaming discord_krisp@1 to /home/ithihas/.config/discord/0.0.81/modules/pending/discord_krisp-1.zip: 63%
1/23/2025, 11:36:32 AM GMT+5:30 [Modules] Streaming discord_krisp@1 to /home/ithihas/.config/discord/0.0.81/modules/pending/discord_krisp-1.zip: 64%
1/23/2025, 11:36:32 AM GMT+5:30 [Modules] Streaming discord_krisp@1 to /home/ithihas/.config/discord/0.0.81/modules/pending/discord_krisp-1.zip: 65%
1/23/2025, 11:36:32 AM GMT+5:30 [Modules] Streaming discord_krisp@1 to /home/ithihas/.config/discord/0.0.81/modules/pending/discord_krisp-1.zip: 66%
1/23/2025, 11:36:32 AM GMT+5:30 [Modules] Streaming discord_krisp@1 to /home/ithihas/.config/discord/0.0.81/modules/pending/discord_krisp-1.zip: 67%
1/23/2025, 11:36:32 AM GMT+5:30 [Modules] Streaming discord_krisp@1 to /home/ithihas/.config/discord/0.0.81/modules/pending/discord_krisp-1.zip: 68%
1/23/2025, 11:36:32 AM GMT+5:30 [Modules] Streaming discord_krisp@1 to /home/ithihas/.config/discord/0.0.81/modules/pending/discord_krisp-1.zip: 69%
1/23/2025, 11:36:32 AM GMT+5:30 [Modules] Streaming discord_krisp@1 to /home/ithihas/.config/discord/0.0.81/modules/pending/discord_krisp-1.zip: 70%
1/23/2025, 11:36:32 AM GMT+5:30 [Modules] Streaming discord_krisp@1 to /home/ithihas/.config/discord/0.0.81/modules/pending/discord_krisp-1.zip: 71%
1/23/2025, 11:36:32 AM GMT+5:30 [Modules] Streaming discord_krisp@1 to /home/ithihas/.config/discord/0.0.81/modules/pending/discord_krisp-1.zip: 72%
1/23/2025, 11:36:32 AM GMT+5:30 [Modules] Streaming discord_krisp@1 to /home/ithihas/.config/discord/0.0.81/modules/pending/discord_krisp-1.zip: 73%
1/23/2025, 11:36:32 AM GMT+5:30 [Modules] Streaming discord_krisp@1 to /home/ithihas/.config/discord/0.0.81/modules/pending/discord_krisp-1.zip: 74%
1/23/2025, 11:36:32 AM GMT+5:30 [Modules] Streaming discord_krisp@1 to /home/ithihas/.config/discord/0.0.81/modules/pending/discord_krisp-1.zip: 75%
1/23/2025, 11:36:32 AM GMT+5:30 [Modules] Streaming discord_krisp@1 to /home/ithihas/.config/discord/0.0.81/modules/pending/discord_krisp-1.zip: 76%
1/23/2025, 11:36:32 AM GMT+5:30 [Modules] Streaming discord_krisp@1 to /home/ithihas/.config/discord/0.0.81/modules/pending/discord_krisp-1.zip: 77%
1/23/2025, 11:36:32 AM GMT+5:30 [Modules] Streaming discord_krisp@1 to /home/ithihas/.config/discord/0.0.81/modules/pending/discord_krisp-1.zip: 78%
1/23/2025, 11:36:33 AM GMT+5:30 [Modules] Streaming discord_krisp@1 to /home/ithihas/.config/discord/0.0.81/modules/pending/discord_krisp-1.zip: 83%
1/23/2025, 11:36:33 AM GMT+5:30 [Modules] Streaming discord_krisp@1 to /home/ithihas/.config/discord/0.0.81/modules/pending/discord_krisp-1.zip: 88%
1/23/2025, 11:36:33 AM GMT+5:30 [Modules] Streaming discord_krisp@1 to /home/ithihas/.config/discord/0.0.81/modules/pending/discord_krisp-1.zip: 89%
1/23/2025, 11:36:33 AM GMT+5:30 [Modules] Streaming discord_krisp@1 to /home/ithihas/.config/discord/0.0.81/modules/pending/discord_krisp-1.zip: 90%
1/23/2025, 11:36:33 AM GMT+5:30 [Modules] Streaming discord_krisp@1 to /home/ithihas/.config/discord/0.0.81/modules/pending/discord_krisp-1.zip: 91%
1/23/2025, 11:36:33 AM GMT+5:30 [Modules] Streaming discord_krisp@1 to /home/ithihas/.config/discord/0.0.81/modules/pending/discord_krisp-1.zip: 92%
1/23/2025, 11:36:33 AM GMT+5:30 [Modules] Streaming discord_krisp@1 to /home/ithihas/.config/discord/0.0.81/modules/pending/discord_krisp-1.zip: 93%
1/23/2025, 11:36:33 AM GMT+5:30 [Modules] Streaming discord_krisp@1 to /home/ithihas/.config/discord/0.0.81/modules/pending/discord_krisp-1.zip: 94%
1/23/2025, 11:36:33 AM GMT+5:30 [Modules] Streaming discord_krisp@1 to /home/ithihas/.config/discord/0.0.81/modules/pending/discord_krisp-1.zip: 95%
1/23/2025, 11:36:33 AM GMT+5:30 [Modules] Streaming discord_krisp@1 to /home/ithihas/.config/discord/0.0.81/modules/pending/discord_krisp-1.zip: 96%
1/23/2025, 11:36:33 AM GMT+5:30 [Modules] Streaming discord_krisp@1 to /home/ithihas/.config/discord/0.0.81/modules/pending/discord_krisp-1.zip: 97%
1/23/2025, 11:36:33 AM GMT+5:30 [Modules] Streaming discord_krisp@1 to /home/ithihas/.config/discord/0.0.81/modules/pending/discord_krisp-1.zip: 98%
1/23/2025, 11:36:33 AM GMT+5:30 [Modules] Streaming discord_krisp@1 to /home/ithihas/.config/discord/0.0.81/modules/pending/discord_krisp-1.zip: 99%
1/23/2025, 11:36:33 AM GMT+5:30 [Modules] Streaming discord_krisp@1 to /home/ithihas/.config/discord/0.0.81/modules/pending/discord_krisp-1.zip: 100%
1/23/2025, 11:36:33 AM GMT+5:30 [Modules] Fetching discord_game_utils@1 from https://discord.com/api/modules/stable/discord_game_utils/1
1/23/2025, 11:36:33 AM GMT+5:30 [Modules] Streaming discord_game_utils@1 to /home/ithihas/.config/discord/0.0.81/modules/pending/discord_game_utils-1.zip
1/23/2025, 11:36:33 AM GMT+5:30 [Modules] Installing discord_krisp@1 from /home/ithihas/.config/discord/0.0.81/modules/pending/discord_krisp-1.zip
1/23/2025, 11:36:33 AM GMT+5:30 [Modules] Streaming discord_game_utils@1 to /home/ithihas/.config/discord/0.0.81/modules/pending/discord_game_utils-1.zip: 2%
1/23/2025, 11:36:33 AM GMT+5:30 [Modules] Streaming discord_game_utils@1 to /home/ithihas/.config/discord/0.0.81/modules/pending/discord_game_utils-1.zip: 5%
1/23/2025, 11:36:33 AM GMT+5:30 [Modules] Streaming discord_game_utils@1 to /home/ithihas/.config/discord/0.0.81/modules/pending/discord_game_utils-1.zip: 14%
1/23/2025, 11:36:33 AM GMT+5:30 [Modules] Streaming discord_game_utils@1 to /home/ithihas/.config/discord/0.0.81/modules/pending/discord_game_utils-1.zip: 19%
1/23/2025, 11:36:34 AM GMT+5:30 [Modules] Streaming discord_game_utils@1 to /home/ithihas/.config/discord/0.0.81/modules/pending/discord_game_utils-1.zip: 24%
1/23/2025, 11:36:34 AM GMT+5:30 [Modules] Streaming discord_game_utils@1 to /home/ithihas/.config/discord/0.0.81/modules/pending/discord_game_utils-1.zip: 28%
1/23/2025, 11:36:34 AM GMT+5:30 [Modules] Streaming discord_game_utils@1 to /home/ithihas/.config/discord/0.0.81/modules/pending/discord_game_utils-1.zip: 33%
1/23/2025, 11:36:34 AM GMT+5:30 [Modules] Streaming discord_game_utils@1 to /home/ithihas/.config/discord/0.0.81/modules/pending/discord_game_utils-1.zip: 42%
1/23/2025, 11:36:34 AM GMT+5:30 [Modules] Streaming discord_game_utils@1 to /home/ithihas/.config/discord/0.0.81/modules/pending/discord_game_utils-1.zip: 47%
1/23/2025, 11:36:34 AM GMT+5:30 [Modules] Streaming discord_game_utils@1 to /home/ithihas/.config/discord/0.0.81/modules/pending/discord_game_utils-1.zip: 52%
1/23/2025, 11:36:34 AM GMT+5:30 [Modules] Streaming discord_game_utils@1 to /home/ithihas/.config/discord/0.0.81/modules/pending/discord_game_utils-1.zip: 57%
1/23/2025, 11:36:34 AM GMT+5:30 [Modules] Streaming discord_game_utils@1 to /home/ithihas/.config/discord/0.0.81/modules/pending/discord_game_utils-1.zip: 61%
1/23/2025, 11:36:34 AM GMT+5:30 [Modules] Streaming discord_game_utils@1 to /home/ithihas/.config/discord/0.0.81/modules/pending/discord_game_utils-1.zip: 66%
1/23/2025, 11:36:34 AM GMT+5:30 [Modules] Streaming discord_game_utils@1 to /home/ithihas/.config/discord/0.0.81/modules/pending/discord_game_utils-1.zip: 71%
1/23/2025, 11:36:34 AM GMT+5:30 [Modules] Streaming discord_game_utils@1 to /home/ithihas/.config/discord/0.0.81/modules/pending/discord_game_utils-1.zip: 75%
1/23/2025, 11:36:34 AM GMT+5:30 [Modules] Streaming discord_game_utils@1 to /home/ithihas/.config/discord/0.0.81/modules/pending/discord_game_utils-1.zip: 77%
1/23/2025, 11:36:34 AM GMT+5:30 [Modules] Streaming discord_game_utils@1 to /home/ithihas/.config/discord/0.0.81/modules/pending/discord_game_utils-1.zip: 80%
1/23/2025, 11:36:34 AM GMT+5:30 [Modules] Streaming discord_game_utils@1 to /home/ithihas/.config/discord/0.0.81/modules/pending/discord_game_utils-1.zip: 84%
1/23/2025, 11:36:34 AM GMT+5:30 [Modules] Streaming discord_game_utils@1 to /home/ithihas/.config/discord/0.0.81/modules/pending/discord_game_utils-1.zip: 89%
1/23/2025, 11:36:34 AM GMT+5:30 [Modules] Streaming discord_game_utils@1 to /home/ithihas/.config/discord/0.0.81/modules/pending/discord_game_utils-1.zip: 100%
1/23/2025, 11:36:34 AM GMT+5:30 [Modules] Finished module downloads. [success: 2] [failure: 0]
1/23/2025, 11:36:35 AM GMT+5:30 [Modules] Installing discord_game_utils@1 from /home/ithihas/.config/discord/0.0.81/modules/pending/discord_game_utils-1.zip
1/23/2025, 11:36:35 AM GMT+5:30 [Modules] Checking for host updates.
1/23/2025, 11:36:35 AM GMT+5:30 [Modules] Finished module installations. [success: 2] [failure: 0]
1/23/2025, 11:36:35 AM GMT+5:30 [Modules] Starting to install discord_rpc...
1/23/2025, 11:36:35 AM GMT+5:30 [Modules] Fetching discord_rpc@1 from https://discord.com/api/modules/stable/discord_rpc/1
1/23/2025, 11:36:35 AM GMT+5:30 [Modules] Streaming discord_rpc@1 to /home/ithihas/.config/discord/0.0.81/modules/pending/discord_rpc-1.zip
1/23/2025, 11:36:36 AM GMT+5:30 [Modules] Host is up to date.
1/23/2025, 11:36:36 AM GMT+5:30 [Modules] Checking for module updates at https://discord.com/api/modules/stable/versions.json
1/23/2025, 11:36:36 AM GMT+5:30 [Modules] No module updates available.
1/23/2025, 11:36:36 AM GMT+5:30 [Modules] Streaming discord_rpc@1 to /home/ithihas/.config/discord/0.0.81/modules/pending/discord_rpc-1.zip: 100%
1/23/2025, 11:36:36 AM GMT+5:30 [Modules] Finished module downloads. [success: 1] [failure: 0]
1/23/2025, 11:36:36 AM GMT+5:30 [Modules] Installing discord_rpc@1 from /home/ithihas/.config/discord/0.0.81/modules/pending/discord_rpc-1.zip
1/23/2025, 11:36:36 AM GMT+5:30 [Modules] Finished module installations. [success: 1] [failure: 0]
2/1/2025, 10:20:38 AM GMT+5:30 [Modules] Modules initializing
2/1/2025, 10:20:38 AM GMT+5:30 [Modules] Distribution: remote
2/1/2025, 10:20:38 AM GMT+5:30 [Modules] Host updates: enabled
2/1/2025, 10:20:38 AM GMT+5:30 [Modules] Module updates: enabled
2/1/2025, 10:20:38 AM GMT+5:30 [Modules] Module install path: /home/ithihas/.config/discord/0.0.82/modules
2/1/2025, 10:20:38 AM GMT+5:30 [Modules] Module installed file path: /home/ithihas/.config/discord/0.0.82/modules/installed.json
2/1/2025, 10:20:38 AM GMT+5:30 [Modules] Module download path: /home/ithihas/.config/discord/0.0.82/modules/pending
2/1/2025, 10:20:38 AM GMT+5:30 [Modules] Bootstrapping...
2/1/2025, 10:20:38 AM GMT+5:30 [Modules] Installing discord_desktop_core@0 from /opt/discord/resources/bootstrap/discord_desktop_core.zip
2/1/2025, 10:20:38 AM GMT+5:30 [Modules] Failed installing discord_desktop_core@0: Error: ENOENT: no such file or directory, open '/opt/discord/resources/bootstrap/discord_desktop_core.zip'
2/1/2025, 10:20:38 AM GMT+5:30 [Modules] Installing discord_erlpack@0 from /opt/discord/resources/bootstrap/discord_erlpack.zip
2/1/2025, 10:20:38 AM GMT+5:30 [Modules] Failed installing discord_erlpack@0: Error: ENOENT: no such file or directory, open '/opt/discord/resources/bootstrap/discord_erlpack.zip'
2/1/2025, 10:20:38 AM GMT+5:30 [Modules] Installing discord_spellcheck@0 from /opt/discord/resources/bootstrap/discord_spellcheck.zip
2/1/2025, 10:20:38 AM GMT+5:30 [Modules] Failed installing discord_spellcheck@0: Error: ENOENT: no such file or directory, open '/opt/discord/resources/bootstrap/discord_spellcheck.zip'
2/1/2025, 10:20:38 AM GMT+5:30 [Modules] Installing discord_utils@0 from /opt/discord/resources/bootstrap/discord_utils.zip
2/1/2025, 10:20:38 AM GMT+5:30 [Modules] Failed installing discord_utils@0: Error: ENOENT: no such file or directory, open '/opt/discord/resources/bootstrap/discord_utils.zip'
2/1/2025, 10:20:38 AM GMT+5:30 [Modules] Installing discord_voice@0 from /opt/discord/resources/bootstrap/discord_voice.zip
2/1/2025, 10:20:38 AM GMT+5:30 [Modules] Failed installing discord_voice@0: Error: ENOENT: no such file or directory, open '/opt/discord/resources/bootstrap/discord_voice.zip'
2/1/2025, 10:20:38 AM GMT+5:30 [Modules] Installing discord_zstd@0 from /opt/discord/resources/bootstrap/discord_zstd.zip
2/1/2025, 10:20:38 AM GMT+5:30 [Modules] Failed installing discord_zstd@0: Error: ENOENT: no such file or directory, open '/opt/discord/resources/bootstrap/discord_zstd.zip'
2/1/2025, 10:20:38 AM GMT+5:30 [Modules] Finished module installations. [success: 0] [failure: 6]
2/1/2025, 10:20:38 AM GMT+5:30 [Modules] Checking for host updates.
2/1/2025, 10:20:39 AM GMT+5:30 [Modules] Host is up to date.
2/1/2025, 10:20:39 AM GMT+5:30 [Modules] Checking for module updates at https://discord.com/api/modules/stable/versions.json
2/1/2025, 10:20:39 AM GMT+5:30 [Modules] Module update available: discord_desktop_core@1 [installed: 0]
2/1/2025, 10:20:39 AM GMT+5:30 [Modules] Module update available: discord_erlpack@1 [installed: 0]
2/1/2025, 10:20:39 AM GMT+5:30 [Modules] Module update available: discord_spellcheck@1 [installed: 0]
2/1/2025, 10:20:39 AM GMT+5:30 [Modules] Module update available: discord_utils@1 [installed: 0]
2/1/2025, 10:20:39 AM GMT+5:30 [Modules] Module update available: discord_voice@1 [installed: 0]
2/1/2025, 10:20:39 AM GMT+5:30 [Modules] Module update available: discord_zstd@1 [installed: 0]
2/1/2025, 10:20:39 AM GMT+5:30 [Modules] Fetching discord_desktop_core@1 from https://discord.com/api/modules/stable/discord_desktop_core/1
2/1/2025, 10:20:39 AM GMT+5:30 [Modules] Streaming discord_desktop_core@1 to /home/ithihas/.config/discord/0.0.82/modules/pending/discord_desktop_core-1.zip
2/1/2025, 10:20:39 AM GMT+5:30 [Modules] Streaming discord_desktop_core@1 to /home/ithihas/.config/discord/0.0.82/modules/pending/discord_desktop_core-1.zip: 1%
2/1/2025, 10:20:39 AM GMT+5:30 [Modules] Streaming discord_desktop_core@1 to /home/ithihas/.config/discord/0.0.82/modules/pending/discord_desktop_core-1.zip: 2%
2/1/2025, 10:20:39 AM GMT+5:30 [Modules] Streaming discord_desktop_core@1 to /home/ithihas/.config/discord/0.0.82/modules/pending/discord_desktop_core-1.zip: 4%
2/1/2025, 10:20:39 AM GMT+5:30 [Modules] Streaming discord_desktop_core@1 to /home/ithihas/.config/discord/0.0.82/modules/pending/discord_desktop_core-1.zip: 6%
2/1/2025, 10:20:40 AM GMT+5:30 [Modules] Streaming discord_desktop_core@1 to /home/ithihas/.config/discord/0.0.82/modules/pending/discord_desktop_core-1.zip: 8%
2/1/2025, 10:20:40 AM GMT+5:30 [Modules] Streaming discord_desktop_core@1 to /home/ithihas/.config/discord/0.0.82/modules/pending/discord_desktop_core-1.zip: 11%
2/1/2025, 10:20:40 AM GMT+5:30 [Modules] Streaming discord_desktop_core@1 to /home/ithihas/.config/discord/0.0.82/modules/pending/discord_desktop_core-1.zip: 17%
2/1/2025, 10:20:40 AM GMT+5:30 [Modules] Streaming discord_desktop_core@1 to /home/ithihas/.config/discord/0.0.82/modules/pending/discord_desktop_core-1.zip: 20%
2/1/2025, 10:20:40 AM GMT+5:30 [Modules] Streaming discord_desktop_core@1 to /home/ithihas/.config/discord/0.0.82/modules/pending/discord_desktop_core-1.zip: 23%
2/1/2025, 10:20:40 AM GMT+5:30 [Modules] Streaming discord_desktop_core@1 to /home/ithihas/.config/discord/0.0.82/modules/pending/discord_desktop_core-1.zip: 34%
2/1/2025, 10:20:40 AM GMT+5:30 [Modules] Streaming discord_desktop_core@1 to /home/ithihas/.config/discord/0.0.82/modules/pending/discord_desktop_core-1.zip: 40%
2/1/2025, 10:20:40 AM GMT+5:30 [Modules] Streaming discord_desktop_core@1 to /home/ithihas/.config/discord/0.0.82/modules/pending/discord_desktop_core-1.zip: 46%
2/1/2025, 10:20:40 AM GMT+5:30 [Modules] Streaming discord_desktop_core@1 to /home/ithihas/.config/discord/0.0.82/modules/pending/discord_desktop_core-1.zip: 52%
2/1/2025, 10:20:40 AM GMT+5:30 [Modules] Streaming discord_desktop_core@1 to /home/ithihas/.config/discord/0.0.82/modules/pending/discord_desktop_core-1.zip: 55%
2/1/2025, 10:20:40 AM GMT+5:30 [Modules] Streaming discord_desktop_core@1 to /home/ithihas/.config/discord/0.0.82/modules/pending/discord_desktop_core-1.zip: 57%
2/1/2025, 10:20:40 AM GMT+5:30 [Modules] Streaming discord_desktop_core@1 to /home/ithihas/.config/discord/0.0.82/modules/pending/discord_desktop_core-1.zip: 60%
2/1/2025, 10:20:40 AM GMT+5:30 [Modules] Streaming discord_desktop_core@1 to /home/ithihas/.config/discord/0.0.82/modules/pending/discord_desktop_core-1.zip: 64%
2/1/2025, 10:20:40 AM GMT+5:30 [Modules] Streaming discord_desktop_core@1 to /home/ithihas/.config/discord/0.0.82/modules/pending/discord_desktop_core-1.zip: 69%
2/1/2025, 10:20:40 AM GMT+5:30 [Modules] Streaming discord_desktop_core@1 to /home/ithihas/.config/discord/0.0.82/modules/pending/discord_desktop_core-1.zip: 76%
2/1/2025, 10:20:40 AM GMT+5:30 [Modules] Streaming discord_desktop_core@1 to /home/ithihas/.config/discord/0.0.82/modules/pending/discord_desktop_core-1.zip: 78%
2/1/2025, 10:20:40 AM GMT+5:30 [Modules] Streaming discord_desktop_core@1 to /home/ithihas/.config/discord/0.0.82/modules/pending/discord_desktop_core-1.zip: 81%
2/1/2025, 10:20:40 AM GMT+5:30 [Modules] Streaming discord_desktop_core@1 to /home/ithihas/.config/discord/0.0.82/modules/pending/discord_desktop_core-1.zip: 84%
2/1/2025, 10:20:40 AM GMT+5:30 [Modules] Streaming discord_desktop_core@1 to /home/ithihas/.config/discord/0.0.82/modules/pending/discord_desktop_core-1.zip: 88%
2/1/2025, 10:20:40 AM GMT+5:30 [Modules] Streaming discord_desktop_core@1 to /home/ithihas/.config/discord/0.0.82/modules/pending/discord_desktop_core-1.zip: 90%
2/1/2025, 10:20:40 AM GMT+5:30 [Modules] Streaming discord_desktop_core@1 to /home/ithihas/.config/discord/0.0.82/modules/pending/discord_desktop_core-1.zip: 92%
2/1/2025, 10:20:40 AM GMT+5:30 [Modules] Streaming discord_desktop_core@1 to /home/ithihas/.config/discord/0.0.82/modules/pending/discord_desktop_core-1.zip: 95%
2/1/2025, 10:20:40 AM GMT+5:30 [Modules] Streaming discord_desktop_core@1 to /home/ithihas/.config/discord/0.0.82/modules/pending/discord_desktop_core-1.zip: 97%
2/1/2025, 10:20:40 AM GMT+5:30 [Modules] Streaming discord_desktop_core@1 to /home/ithihas/.config/discord/0.0.82/modules/pending/discord_desktop_core-1.zip: 100%
2/1/2025, 10:20:40 AM GMT+5:30 [Modules] Fetching discord_erlpack@1 from https://discord.com/api/modules/stable/discord_erlpack/1
2/1/2025, 10:20:40 AM GMT+5:30 [Modules] Streaming discord_erlpack@1 to /home/ithihas/.config/discord/0.0.82/modules/pending/discord_erlpack-1.zip
2/1/2025, 10:20:40 AM GMT+5:30 [Modules] Streaming discord_erlpack@1 to /home/ithihas/.config/discord/0.0.82/modules/pending/discord_erlpack-1.zip: 1%
2/1/2025, 10:20:40 AM GMT+5:30 [Modules] Streaming discord_erlpack@1 to /home/ithihas/.config/discord/0.0.82/modules/pending/discord_erlpack-1.zip: 3%
2/1/2025, 10:20:40 AM GMT+5:30 [Modules] Streaming discord_erlpack@1 to /home/ithihas/.config/discord/0.0.82/modules/pending/discord_erlpack-1.zip: 6%
2/1/2025, 10:20:40 AM GMT+5:30 [Modules] Streaming discord_erlpack@1 to /home/ithihas/.config/discord/0.0.82/modules/pending/discord_erlpack-1.zip: 9%
2/1/2025, 10:20:40 AM GMT+5:30 [Modules] Streaming discord_erlpack@1 to /home/ithihas/.config/discord/0.0.82/modules/pending/discord_erlpack-1.zip: 11%
2/1/2025, 10:20:40 AM GMT+5:30 [Modules] Streaming discord_erlpack@1 to /home/ithihas/.config/discord/0.0.82/modules/pending/discord_erlpack-1.zip: 13%
2/1/2025, 10:20:40 AM GMT+5:30 [Modules] Streaming discord_erlpack@1 to /home/ithihas/.config/discord/0.0.82/modules/pending/discord_erlpack-1.zip: 16%
2/1/2025, 10:20:40 AM GMT+5:30 [Modules] Streaming discord_erlpack@1 to /home/ithihas/.config/discord/0.0.82/modules/pending/discord_erlpack-1.zip: 20%
2/1/2025, 10:20:40 AM GMT+5:30 [Modules] Streaming discord_erlpack@1 to /home/ithihas/.config/discord/0.0.82/modules/pending/discord_erlpack-1.zip: 21%
2/1/2025, 10:20:40 AM GMT+5:30 [Modules] Streaming discord_erlpack@1 to /home/ithihas/.config/discord/0.0.82/modules/pending/discord_erlpack-1.zip: 23%
2/1/2025, 10:20:40 AM GMT+5:30 [Modules] Streaming discord_erlpack@1 to /home/ithihas/.config/discord/0.0.82/modules/pending/discord_erlpack-1.zip: 24%
2/1/2025, 10:20:40 AM GMT+5:30 [Modules] Streaming discord_erlpack@1 to /home/ithihas/.config/discord/0.0.82/modules/pending/discord_erlpack-1.zip: 27%
2/1/2025, 10:20:40 AM GMT+5:30 [Modules] Streaming discord_erlpack@1 to /home/ithihas/.config/discord/0.0.82/modules/pending/discord_erlpack-1.zip: 31%
2/1/2025, 10:20:40 AM GMT+5:30 [Modules] Streaming discord_erlpack@1 to /home/ithihas/.config/discord/0.0.82/modules/pending/discord_erlpack-1.zip: 33%
2/1/2025, 10:20:40 AM GMT+5:30 [Modules] Streaming discord_erlpack@1 to /home/ithihas/.config/discord/0.0.82/modules/pending/discord_erlpack-1.zip: 36%
2/1/2025, 10:20:40 AM GMT+5:30 [Modules] Streaming discord_erlpack@1 to /home/ithihas/.config/discord/0.0.82/modules/pending/discord_erlpack-1.zip: 38%
2/1/2025, 10:20:40 AM GMT+5:30 [Modules] Streaming discord_erlpack@1 to /home/ithihas/.config/discord/0.0.82/modules/pending/discord_erlpack-1.zip: 39%
2/1/2025, 10:20:40 AM GMT+5:30 [Modules] Streaming discord_erlpack@1 to /home/ithihas/.config/discord/0.0.82/modules/pending/discord_erlpack-1.zip: 41%
2/1/2025, 10:20:40 AM GMT+5:30 [Modules] Streaming discord_erlpack@1 to /home/ithihas/.config/discord/0.0.82/modules/pending/discord_erlpack-1.zip: 43%
2/1/2025, 10:20:40 AM GMT+5:30 [Modules] Streaming discord_erlpack@1 to /home/ithihas/.config/discord/0.0.82/modules/pending/discord_erlpack-1.zip: 44%
2/1/2025, 10:20:40 AM GMT+5:30 [Modules] Streaming discord_erlpack@1 to /home/ithihas/.config/discord/0.0.82/modules/pending/discord_erlpack-1.zip: 46%
2/1/2025, 10:20:40 AM GMT+5:30 [Modules] Streaming discord_erlpack@1 to /home/ithihas/.config/discord/0.0.82/modules/pending/discord_erlpack-1.zip: 49%
2/1/2025, 10:20:40 AM GMT+5:30 [Modules] Streaming discord_erlpack@1 to /home/ithihas/.config/discord/0.0.82/modules/pending/discord_erlpack-1.zip: 51%
2/1/2025, 10:20:40 AM GMT+5:30 [Modules] Streaming discord_erlpack@1 to /home/ithihas/.config/discord/0.0.82/modules/pending/discord_erlpack-1.zip: 54%
2/1/2025, 10:20:40 AM GMT+5:30 [Modules] Streaming discord_erlpack@1 to /home/ithihas/.config/discord/0.0.82/modules/pending/discord_erlpack-1.zip: 55%
2/1/2025, 10:20:40 AM GMT+5:30 [Modules] Streaming discord_erlpack@1 to /home/ithihas/.config/discord/0.0.82/modules/pending/discord_erlpack-1.zip: 57%
2/1/2025, 10:20:40 AM GMT+5:30 [Modules] Streaming discord_erlpack@1 to /home/ithihas/.config/discord/0.0.82/modules/pending/discord_erlpack-1.zip: 61%
2/1/2025, 10:20:40 AM GMT+5:30 [Modules] Streaming discord_erlpack@1 to /home/ithihas/.config/discord/0.0.82/modules/pending/discord_erlpack-1.zip: 67%
2/1/2025, 10:20:40 AM GMT+5:30 [Modules] Streaming discord_erlpack@1 to /home/ithihas/.config/discord/0.0.82/modules/pending/discord_erlpack-1.zip: 71%
2/1/2025, 10:20:40 AM GMT+5:30 [Modules] Streaming discord_erlpack@1 to /home/ithihas/.config/discord/0.0.82/modules/pending/discord_erlpack-1.zip: 72%
2/1/2025, 10:20:40 AM GMT+5:30 [Modules] Streaming discord_erlpack@1 to /home/ithihas/.config/discord/0.0.82/modules/pending/discord_erlpack-1.zip: 74%
2/1/2025, 10:20:40 AM GMT+5:30 [Modules] Streaming discord_erlpack@1 to /home/ithihas/.config/discord/0.0.82/modules/pending/discord_erlpack-1.zip: 78%
2/1/2025, 10:20:40 AM GMT+5:30 [Modules] Streaming discord_erlpack@1 to /home/ithihas/.config/discord/0.0.82/modules/pending/discord_erlpack-1.zip: 80%
2/1/2025, 10:20:40 AM GMT+5:30 [Modules] Streaming discord_erlpack@1 to /home/ithihas/.config/discord/0.0.82/modules/pending/discord_erlpack-1.zip: 81%
2/1/2025, 10:20:40 AM GMT+5:30 [Modules] Streaming discord_erlpack@1 to /home/ithihas/.config/discord/0.0.82/modules/pending/discord_erlpack-1.zip: 84%
2/1/2025, 10:20:40 AM GMT+5:30 [Modules] Streaming discord_erlpack@1 to /home/ithihas/.config/discord/0.0.82/modules/pending/discord_erlpack-1.zip: 87%
2/1/2025, 10:20:40 AM GMT+5:30 [Modules] Streaming discord_erlpack@1 to /home/ithihas/.config/discord/0.0.82/modules/pending/discord_erlpack-1.zip: 89%
2/1/2025, 10:20:40 AM GMT+5:30 [Modules] Streaming discord_erlpack@1 to /home/ithihas/.config/discord/0.0.82/modules/pending/discord_erlpack-1.zip: 92%
2/1/2025, 10:20:40 AM GMT+5:30 [Modules] Streaming discord_erlpack@1 to /home/ithihas/.config/discord/0.0.82/modules/pending/discord_erlpack-1.zip: 95%
2/1/2025, 10:20:40 AM GMT+5:30 [Modules] Streaming discord_erlpack@1 to /home/ithihas/.config/discord/0.0.82/modules/pending/discord_erlpack-1.zip: 96%
2/1/2025, 10:20:40 AM GMT+5:30 [Modules] Streaming discord_erlpack@1 to /home/ithihas/.config/discord/0.0.82/modules/pending/discord_erlpack-1.zip: 99%
2/1/2025, 10:20:40 AM GMT+5:30 [Modules] Streaming discord_erlpack@1 to /home/ithihas/.config/discord/0.0.82/modules/pending/discord_erlpack-1.zip: 100%
2/1/2025, 10:20:41 AM GMT+5:30 [Modules] Fetching discord_spellcheck@1 from https://discord.com/api/modules/stable/discord_spellcheck/1
2/1/2025, 10:20:41 AM GMT+5:30 [Modules] Streaming discord_spellcheck@1 to /home/ithihas/.config/discord/0.0.82/modules/pending/discord_spellcheck-1.zip
2/1/2025, 10:20:42 AM GMT+5:30 [Modules] Streaming discord_spellcheck@1 to /home/ithihas/.config/discord/0.0.82/modules/pending/discord_spellcheck-1.zip: 1%
2/1/2025, 10:20:42 AM GMT+5:30 [Modules] Streaming discord_spellcheck@1 to /home/ithihas/.config/discord/0.0.82/modules/pending/discord_spellcheck-1.zip: 2%
2/1/2025, 10:20:42 AM GMT+5:30 [Modules] Streaming discord_spellcheck@1 to /home/ithihas/.config/discord/0.0.82/modules/pending/discord_spellcheck-1.zip: 3%
2/1/2025, 10:20:42 AM GMT+5:30 [Modules] Streaming discord_spellcheck@1 to /home/ithihas/.config/discord/0.0.82/modules/pending/discord_spellcheck-1.zip: 4%
2/1/2025, 10:20:42 AM GMT+5:30 [Modules] Streaming discord_spellcheck@1 to /home/ithihas/.config/discord/0.0.82/modules/pending/discord_spellcheck-1.zip: 5%
2/1/2025, 10:20:42 AM GMT+5:30 [Modules] Streaming discord_spellcheck@1 to /home/ithihas/.config/discord/0.0.82/modules/pending/discord_spellcheck-1.zip: 6%
2/1/2025, 10:20:42 AM GMT+5:30 [Modules] Streaming discord_spellcheck@1 to /home/ithihas/.config/discord/0.0.82/modules/pending/discord_spellcheck-1.zip: 7%
2/1/2025, 10:20:42 AM GMT+5:30 [Modules] Streaming discord_spellcheck@1 to /home/ithihas/.config/discord/0.0.82/modules/pending/discord_spellcheck-1.zip: 8%
2/1/2025, 10:20:42 AM GMT+5:30 [Modules] Streaming discord_spellcheck@1 to /home/ithihas/.config/discord/0.0.82/modules/pending/discord_spellcheck-1.zip: 9%
2/1/2025, 10:20:42 AM GMT+5:30 [Modules] Streaming discord_spellcheck@1 to /home/ithihas/.config/discord/0.0.82/modules/pending/discord_spellcheck-1.zip: 10%
2/1/2025, 10:20:42 AM GMT+5:30 [Modules] Streaming discord_spellcheck@1 to /home/ithihas/.config/discord/0.0.82/modules/pending/discord_spellcheck-1.zip: 11%
2/1/2025, 10:20:42 AM GMT+5:30 [Modules] Streaming discord_spellcheck@1 to /home/ithihas/.config/discord/0.0.82/modules/pending/discord_spellcheck-1.zip: 12%
2/1/2025, 10:20:42 AM GMT+5:30 [Modules] Streaming discord_spellcheck@1 to /home/ithihas/.config/discord/0.0.82/modules/pending/discord_spellcheck-1.zip: 13%
2/1/2025, 10:20:42 AM GMT+5:30 [Modules] Streaming discord_spellcheck@1 to /home/ithihas/.config/discord/0.0.82/modules/pending/discord_spellcheck-1.zip: 14%
2/1/2025, 10:20:42 AM GMT+5:30 [Modules] Streaming discord_spellcheck@1 to /home/ithihas/.config/discord/0.0.82/modules/pending/discord_spellcheck-1.zip: 15%
2/1/2025, 10:20:42 AM GMT+5:30 [Modules] Streaming discord_spellcheck@1 to /home/ithihas/.config/discord/0.0.82/modules/pending/discord_spellcheck-1.zip: 16%
2/1/2025, 10:20:42 AM GMT+5:30 [Modules] Streaming discord_spellcheck@1 to /home/ithihas/.config/discord/0.0.82/modules/pending/discord_spellcheck-1.zip: 17%
2/1/2025, 10:20:42 AM GMT+5:30 [Modules] Streaming discord_spellcheck@1 to /home/ithihas/.config/discord/0.0.82/modules/pending/discord_spellcheck-1.zip: 18%
2/1/2025, 10:20:42 AM GMT+5:30 [Modules] Streaming discord_spellcheck@1 to /home/ithihas/.config/discord/0.0.82/modules/pending/discord_spellcheck-1.zip: 19%
2/1/2025, 10:20:42 AM GMT+5:30 [Modules] Streaming discord_spellcheck@1 to /home/ithihas/.config/discord/0.0.82/modules/pending/discord_spellcheck-1.zip: 20%
2/1/2025, 10:20:43 AM GMT+5:30 [Modules] Streaming discord_spellcheck@1 to /home/ithihas/.config/discord/0.0.82/modules/pending/discord_spellcheck-1.zip: 21%
2/1/2025, 10:20:43 AM GMT+5:30 [Modules] Streaming discord_spellcheck@1 to /home/ithihas/.config/discord/0.0.82/modules/pending/discord_spellcheck-1.zip: 22%
2/1/2025, 10:20:43 AM GMT+5:30 [Modules] Streaming discord_spellcheck@1 to /home/ithihas/.config/discord/0.0.82/modules/pending/discord_spellcheck-1.zip: 23%
2/1/2025, 10:20:43 AM GMT+5:30 [Modules] Streaming discord_spellcheck@1 to /home/ithihas/.config/discord/0.0.82/modules/pending/discord_spellcheck-1.zip: 24%
2/1/2025, 10:20:43 AM GMT+5:30 [Modules] Streaming discord_spellcheck@1 to /home/ithihas/.config/discord/0.0.82/modules/pending/discord_spellcheck-1.zip: 25%
2/1/2025, 10:20:43 AM GMT+5:30 [Modules] Streaming discord_spellcheck@1 to /home/ithihas/.config/discord/0.0.82/modules/pending/discord_spellcheck-1.zip: 26%
2/1/2025, 10:20:43 AM GMT+5:30 [Modules] Streaming discord_spellcheck@1 to /home/ithihas/.config/discord/0.0.82/modules/pending/discord_spellcheck-1.zip: 27%
2/1/2025, 10:20:43 AM GMT+5:30 [Modules] Streaming discord_spellcheck@1 to /home/ithihas/.config/discord/0.0.82/modules/pending/discord_spellcheck-1.zip: 28%
2/1/2025, 10:20:43 AM GMT+5:30 [Modules] Streaming discord_spellcheck@1 to /home/ithihas/.config/discord/0.0.82/modules/pending/discord_spellcheck-1.zip: 29%
2/1/2025, 10:20:43 AM GMT+5:30 [Modules] Streaming discord_spellcheck@1 to /home/ithihas/.config/discord/0.0.82/modules/pending/discord_spellcheck-1.zip: 30%
2/1/2025, 10:20:43 AM GMT+5:30 [Modules] Streaming discord_spellcheck@1 to /home/ithihas/.config/discord/0.0.82/modules/pending/discord_spellcheck-1.zip: 31%
2/1/2025, 10:20:43 AM GMT+5:30 [Modules] Streaming discord_spellcheck@1 to /home/ithihas/.config/discord/0.0.82/modules/pending/discord_spellcheck-1.zip: 32%
2/1/2025, 10:20:43 AM GMT+5:30 [Modules] Streaming discord_spellcheck@1 to /home/ithihas/.config/discord/0.0.82/modules/pending/discord_spellcheck-1.zip: 33%
2/1/2025, 10:20:43 AM GMT+5:30 [Modules] Streaming discord_spellcheck@1 to /home/ithihas/.config/discord/0.0.82/modules/pending/discord_spellcheck-1.zip: 34%
2/1/2025, 10:20:43 AM GMT+5:30 [Modules] Streaming discord_spellcheck@1 to /home/ithihas/.config/discord/0.0.82/modules/pending/discord_spellcheck-1.zip: 36%
2/1/2025, 10:20:43 AM GMT+5:30 [Modules] Streaming discord_spellcheck@1 to /home/ithihas/.config/discord/0.0.82/modules/pending/discord_spellcheck-1.zip: 37%
2/1/2025, 10:20:43 AM GMT+5:30 [Modules] Streaming discord_spellcheck@1 to /home/ithihas/.config/discord/0.0.82/modules/pending/discord_spellcheck-1.zip: 38%
2/1/2025, 10:20:43 AM GMT+5:30 [Modules] Streaming discord_spellcheck@1 to /home/ithihas/.config/discord/0.0.82/modules/pending/discord_spellcheck-1.zip: 39%
2/1/2025, 10:20:43 AM GMT+5:30 [Modules] Streaming discord_spellcheck@1 to /home/ithihas/.config/discord/0.0.82/modules/pending/discord_spellcheck-1.zip: 41%
2/1/2025, 10:20:43 AM GMT+5:30 [Modules] Streaming discord_spellcheck@1 to /home/ithihas/.config/discord/0.0.82/modules/pending/discord_spellcheck-1.zip: 42%
2/1/2025, 10:20:43 AM GMT+5:30 [Modules] Streaming discord_spellcheck@1 to /home/ithihas/.config/discord/0.0.82/modules/pending/discord_spellcheck-1.zip: 43%
2/1/2025, 10:20:43 AM GMT+5:30 [Modules] Streaming discord_spellcheck@1 to /home/ithihas/.config/discord/0.0.82/modules/pending/discord_spellcheck-1.zip: 44%
2/1/2025, 10:20:43 AM GMT+5:30 [Modules] Streaming discord_spellcheck@1 to /home/ithihas/.config/discord/0.0.82/modules/pending/discord_spellcheck-1.zip: 45%
2/1/2025, 10:20:43 AM GMT+5:30 [Modules] Streaming discord_spellcheck@1 to /home/ithihas/.config/discord/0.0.82/modules/pending/discord_spellcheck-1.zip: 46%
2/1/2025, 10:20:43 AM GMT+5:30 [Modules] Streaming discord_spellcheck@1 to /home/ithihas/.config/discord/0.0.82/modules/pending/discord_spellcheck-1.zip: 47%
2/1/2025, 10:20:43 AM GMT+5:30 [Modules] Streaming discord_spellcheck@1 to /home/ithihas/.config/discord/0.0.82/modules/pending/discord_spellcheck-1.zip: 48%
2/1/2025, 10:20:43 AM GMT+5:30 [Modules] Streaming discord_spellcheck@1 to /home/ithihas/.config/discord/0.0.82/modules/pending/discord_spellcheck-1.zip: 49%
2/1/2025, 10:20:43 AM GMT+5:30 [Modules] Streaming discord_spellcheck@1 to /home/ithihas/.config/discord/0.0.82/modules/pending/discord_spellcheck-1.zip: 50%
2/1/2025, 10:20:43 AM GMT+5:30 [Modules] Streaming discord_spellcheck@1 to /home/ithihas/.config/discord/0.0.82/modules/pending/discord_spellcheck-1.zip: 51%
2/1/2025, 10:20:43 AM GMT+5:30 [Modules] Streaming discord_spellcheck@1 to /home/ithihas/.config/discord/0.0.82/modules/pending/discord_spellcheck-1.zip: 52%
2/1/2025, 10:20:43 AM GMT+5:30 [Modules] Streaming discord_spellcheck@1 to /home/ithihas/.config/discord/0.0.82/modules/pending/discord_spellcheck-1.zip: 53%
2/1/2025, 10:20:43 AM GMT+5:30 [Modules] Streaming discord_spellcheck@1 to /home/ithihas/.config/discord/0.0.82/modules/pending/discord_spellcheck-1.zip: 54%
2/1/2025, 10:20:43 AM GMT+5:30 [Modules] Streaming discord_spellcheck@1 to /home/ithihas/.config/discord/0.0.82/modules/pending/discord_spellcheck-1.zip: 55%
2/1/2025, 10:20:43 AM GMT+5:30 [Modules] Streaming discord_spellcheck@1 to /home/ithihas/.config/discord/0.0.82/modules/pending/discord_spellcheck-1.zip: 56%
2/1/2025, 10:20:43 AM GMT+5:30 [Modules] Streaming discord_spellcheck@1 to /home/ithihas/.config/discord/0.0.82/modules/pending/discord_spellcheck-1.zip: 57%
2/1/2025, 10:20:43 AM GMT+5:30 [Modules] Streaming discord_spellcheck@1 to /home/ithihas/.config/discord/0.0.82/modules/pending/discord_spellcheck-1.zip: 58%
2/1/2025, 10:20:43 AM GMT+5:30 [Modules] Streaming discord_spellcheck@1 to /home/ithihas/.config/discord/0.0.82/modules/pending/discord_spellcheck-1.zip: 59%
2/1/2025, 10:20:43 AM GMT+5:30 [Modules] Streaming discord_spellcheck@1 to /home/ithihas/.config/discord/0.0.82/modules/pending/discord_spellcheck-1.zip: 60%
2/1/2025, 10:20:43 AM GMT+5:30 [Modules] Streaming discord_spellcheck@1 to /home/ithihas/.config/discord/0.0.82/modules/pending/discord_spellcheck-1.zip: 61%
2/1/2025, 10:20:43 AM GMT+5:30 [Modules] Streaming discord_spellcheck@1 to /home/ithihas/.config/discord/0.0.82/modules/pending/discord_spellcheck-1.zip: 62%
2/1/2025, 10:20:43 AM GMT+5:30 [Modules] Streaming discord_spellcheck@1 to /home/ithihas/.config/discord/0.0.82/modules/pending/discord_spellcheck-1.zip: 63%
2/1/2025, 10:20:43 AM GMT+5:30 [Modules] Streaming discord_spellcheck@1 to /home/ithihas/.config/discord/0.0.82/modules/pending/discord_spellcheck-1.zip: 64%
2/1/2025, 10:20:43 AM GMT+5:30 [Modules] Streaming discord_spellcheck@1 to /home/ithihas/.config/discord/0.0.82/modules/pending/discord_spellcheck-1.zip: 65%
2/1/2025, 10:20:43 AM GMT+5:30 [Modules] Streaming discord_spellcheck@1 to /home/ithihas/.config/discord/0.0.82/modules/pending/discord_spellcheck-1.zip: 66%
2/1/2025, 10:20:43 AM GMT+5:30 [Modules] Streaming discord_spellcheck@1 to /home/ithihas/.config/discord/0.0.82/modules/pending/discord_spellcheck-1.zip: 67%
2/1/2025, 10:20:43 AM GMT+5:30 [Modules] Streaming discord_spellcheck@1 to /home/ithihas/.config/discord/0.0.82/modules/pending/discord_spellcheck-1.zip: 69%
2/1/2025, 10:20:43 AM GMT+5:30 [Modules] Streaming discord_spellcheck@1 to /home/ithihas/.config/discord/0.0.82/modules/pending/discord_spellcheck-1.zip: 70%
2/1/2025, 10:20:43 AM GMT+5:30 [Modules] Streaming discord_spellcheck@1 to /home/ithihas/.config/discord/0.0.82/modules/pending/discord_spellcheck-1.zip: 71%
2/1/2025, 10:20:43 AM GMT+5:30 [Modules] Streaming discord_spellcheck@1 to /home/ithihas/.config/discord/0.0.82/modules/pending/discord_spellcheck-1.zip: 72%
2/1/2025, 10:20:43 AM GMT+5:30 [Modules] Streaming discord_spellcheck@1 to /home/ithihas/.config/discord/0.0.82/modules/pending/discord_spellcheck-1.zip: 73%
2/1/2025, 10:20:43 AM GMT+5:30 [Modules] Streaming discord_spellcheck@1 to /home/ithihas/.config/discord/0.0.82/modules/pending/discord_spellcheck-1.zip: 74%
2/1/2025, 10:20:43 AM GMT+5:30 [Modules] Streaming discord_spellcheck@1 to /home/ithihas/.config/discord/0.0.82/modules/pending/discord_spellcheck-1.zip: 75%
2/1/2025, 10:20:43 AM GMT+5:30 [Modules] Streaming discord_spellcheck@1 to /home/ithihas/.config/discord/0.0.82/modules/pending/discord_spellcheck-1.zip: 76%
2/1/2025, 10:20:43 AM GMT+5:30 [Modules] Streaming discord_spellcheck@1 to /home/ithihas/.config/discord/0.0.82/modules/pending/discord_spellcheck-1.zip: 77%
2/1/2025, 10:20:43 AM GMT+5:30 [Modules] Streaming discord_spellcheck@1 to /home/ithihas/.config/discord/0.0.82/modules/pending/discord_spellcheck-1.zip: 78%
2/1/2025, 10:20:43 AM GMT+5:30 [Modules] Streaming discord_spellcheck@1 to /home/ithihas/.config/discord/0.0.82/modules/pending/discord_spellcheck-1.zip: 79%
2/1/2025, 10:20:43 AM GMT+5:30 [Modules] Streaming discord_spellcheck@1 to /home/ithihas/.config/discord/0.0.82/modules/pending/discord_spellcheck-1.zip: 80%
2/1/2025, 10:20:43 AM GMT+5:30 [Modules] Streaming discord_spellcheck@1 to /home/ithihas/.config/discord/0.0.82/modules/pending/discord_spellcheck-1.zip: 81%
2/1/2025, 10:20:43 AM GMT+5:30 [Modules] Streaming discord_spellcheck@1 to /home/ithihas/.config/discord/0.0.82/modules/pending/discord_spellcheck-1.zip: 82%
2/1/2025, 10:20:43 AM GMT+5:30 [Modules] Streaming discord_spellcheck@1 to /home/ithihas/.config/discord/0.0.82/modules/pending/discord_spellcheck-1.zip: 83%
2/1/2025, 10:20:43 AM GMT+5:30 [Modules] Streaming discord_spellcheck@1 to /home/ithihas/.config/discord/0.0.82/modules/pending/discord_spellcheck-1.zip: 84%
2/1/2025, 10:20:43 AM GMT+5:30 [Modules] Streaming discord_spellcheck@1 to /home/ithihas/.config/discord/0.0.82/modules/pending/discord_spellcheck-1.zip: 85%
2/1/2025, 10:20:43 AM GMT+5:30 [Modules] Streaming discord_spellcheck@1 to /home/ithihas/.config/discord/0.0.82/modules/pending/discord_spellcheck-1.zip: 86%
2/1/2025, 10:20:43 AM GMT+5:30 [Modules] Streaming discord_spellcheck@1 to /home/ithihas/.config/discord/0.0.82/modules/pending/discord_spellcheck-1.zip: 87%
2/1/2025, 10:20:43 AM GMT+5:30 [Modules] Streaming discord_spellcheck@1 to /home/ithihas/.config/discord/0.0.82/modules/pending/discord_spellcheck-1.zip: 88%
2/1/2025, 10:20:43 AM GMT+5:30 [Modules] Streaming discord_spellcheck@1 to /home/ithihas/.config/discord/0.0.82/modules/pending/discord_spellcheck-1.zip: 89%
2/1/2025, 10:20:43 AM GMT+5:30 [Modules] Streaming discord_spellcheck@1 to /home/ithihas/.config/discord/0.0.82/modules/pending/discord_spellcheck-1.zip: 90%
2/1/2025, 10:20:43 AM GMT+5:30 [Modules] Streaming discord_spellcheck@1 to /home/ithihas/.config/discord/0.0.82/modules/pending/discord_spellcheck-1.zip: 91%
2/1/2025, 10:20:43 AM GMT+5:30 [Modules] Streaming discord_spellcheck@1 to /home/ithihas/.config/discord/0.0.82/modules/pending/discord_spellcheck-1.zip: 92%
2/1/2025, 10:20:43 AM GMT+5:30 [Modules] Streaming discord_spellcheck@1 to /home/ithihas/.config/discord/0.0.82/modules/pending/discord_spellcheck-1.zip: 93%
2/1/2025, 10:20:43 AM GMT+5:30 [Modules] Streaming discord_spellcheck@1 to /home/ithihas/.config/discord/0.0.82/modules/pending/discord_spellcheck-1.zip: 94%
2/1/2025, 10:20:43 AM GMT+5:30 [Modules] Streaming discord_spellcheck@1 to /home/ithihas/.config/discord/0.0.82/modules/pending/discord_spellcheck-1.zip: 95%
2/1/2025, 10:20:43 AM GMT+5:30 [Modules] Streaming discord_spellcheck@1 to /home/ithihas/.config/discord/0.0.82/modules/pending/discord_spellcheck-1.zip: 96%
2/1/2025, 10:20:43 AM GMT+5:30 [Modules] Streaming discord_spellcheck@1 to /home/ithihas/.config/discord/0.0.82/modules/pending/discord_spellcheck-1.zip: 97%
2/1/2025, 10:20:43 AM GMT+5:30 [Modules] Streaming discord_spellcheck@1 to /home/ithihas/.config/discord/0.0.82/modules/pending/discord_spellcheck-1.zip: 98%
2/1/2025, 10:20:43 AM GMT+5:30 [Modules] Streaming discord_spellcheck@1 to /home/ithihas/.config/discord/0.0.82/modules/pending/discord_spellcheck-1.zip: 99%
2/1/2025, 10:20:43 AM GMT+5:30 [Modules] Streaming discord_spellcheck@1 to /home/ithihas/.config/discord/0.0.82/modules/pending/discord_spellcheck-1.zip: 100%
2/1/2025, 10:20:43 AM GMT+5:30 [Modules] Fetching discord_utils@1 from https://discord.com/api/modules/stable/discord_utils/1
2/1/2025, 10:20:43 AM GMT+5:30 [Modules] Streaming discord_utils@1 to /home/ithihas/.config/discord/0.0.82/modules/pending/discord_utils-1.zip
2/1/2025, 10:20:44 AM GMT+5:30 [Modules] Streaming discord_utils@1 to /home/ithihas/.config/discord/0.0.82/modules/pending/discord_utils-1.zip: 1%
2/1/2025, 10:20:44 AM GMT+5:30 [Modules] Streaming discord_utils@1 to /home/ithihas/.config/discord/0.0.82/modules/pending/discord_utils-1.zip: 2%
2/1/2025, 10:20:44 AM GMT+5:30 [Modules] Streaming discord_utils@1 to /home/ithihas/.config/discord/0.0.82/modules/pending/discord_utils-1.zip: 4%
2/1/2025, 10:20:44 AM GMT+5:30 [Modules] Streaming discord_utils@1 to /home/ithihas/.config/discord/0.0.82/modules/pending/discord_utils-1.zip: 5%
2/1/2025, 10:20:44 AM GMT+5:30 [Modules] Streaming discord_utils@1 to /home/ithihas/.config/discord/0.0.82/modules/pending/discord_utils-1.zip: 6%
2/1/2025, 10:20:44 AM GMT+5:30 [Modules] Streaming discord_utils@1 to /home/ithihas/.config/discord/0.0.82/modules/pending/discord_utils-1.zip: 8%
2/1/2025, 10:20:44 AM GMT+5:30 [Modules] Streaming discord_utils@1 to /home/ithihas/.config/discord/0.0.82/modules/pending/discord_utils-1.zip: 9%
2/1/2025, 10:20:44 AM GMT+5:30 [Modules] Streaming discord_utils@1 to /home/ithihas/.config/discord/0.0.82/modules/pending/discord_utils-1.zip: 10%
2/1/2025, 10:20:44 AM GMT+5:30 [Modules] Streaming discord_utils@1 to /home/ithihas/.config/discord/0.0.82/modules/pending/discord_utils-1.zip: 11%
2/1/2025, 10:20:44 AM GMT+5:30 [Modules] Streaming discord_utils@1 to /home/ithihas/.config/discord/0.0.82/modules/pending/discord_utils-1.zip: 12%
2/1/2025, 10:20:44 AM GMT+5:30 [Modules] Streaming discord_utils@1 to /home/ithihas/.config/discord/0.0.82/modules/pending/discord_utils-1.zip: 13%
2/1/2025, 10:20:44 AM GMT+5:30 [Modules] Streaming discord_utils@1 to /home/ithihas/.config/discord/0.0.82/modules/pending/discord_utils-1.zip: 15%
2/1/2025, 10:20:44 AM GMT+5:30 [Modules] Streaming discord_utils@1 to /home/ithihas/.config/discord/0.0.82/modules/pending/discord_utils-1.zip: 16%
2/1/2025, 10:20:44 AM GMT+5:30 [Modules] Streaming discord_utils@1 to /home/ithihas/.config/discord/0.0.82/modules/pending/discord_utils-1.zip: 17%
2/1/2025, 10:20:44 AM GMT+5:30 [Modules] Streaming discord_utils@1 to /home/ithihas/.config/discord/0.0.82/modules/pending/discord_utils-1.zip: 18%
2/1/2025, 10:20:44 AM GMT+5:30 [Modules] Streaming discord_utils@1 to /home/ithihas/.config/discord/0.0.82/modules/pending/discord_utils-1.zip: 19%
2/1/2025, 10:20:44 AM GMT+5:30 [Modules] Streaming discord_utils@1 to /home/ithihas/.config/discord/0.0.82/modules/pending/discord_utils-1.zip: 21%
2/1/2025, 10:20:44 AM GMT+5:30 [Modules] Streaming discord_utils@1 to /home/ithihas/.config/discord/0.0.82/modules/pending/discord_utils-1.zip: 22%
2/1/2025, 10:20:44 AM GMT+5:30 [Modules] Streaming discord_utils@1 to /home/ithihas/.config/discord/0.0.82/modules/pending/discord_utils-1.zip: 23%
2/1/2025, 10:20:44 AM GMT+5:30 [Modules] Streaming discord_utils@1 to /home/ithihas/.config/discord/0.0.82/modules/pending/discord_utils-1.zip: 24%
2/1/2025, 10:20:44 AM GMT+5:30 [Modules] Streaming discord_utils@1 to /home/ithihas/.config/discord/0.0.82/modules/pending/discord_utils-1.zip: 26%
2/1/2025, 10:20:44 AM GMT+5:30 [Modules] Streaming discord_utils@1 to /home/ithihas/.config/discord/0.0.82/modules/pending/discord_utils-1.zip: 27%
2/1/2025, 10:20:44 AM GMT+5:30 [Modules] Streaming discord_utils@1 to /home/ithihas/.config/discord/0.0.82/modules/pending/discord_utils-1.zip: 29%
2/1/2025, 10:20:44 AM GMT+5:30 [Modules] Streaming discord_utils@1 to /home/ithihas/.config/discord/0.0.82/modules/pending/discord_utils-1.zip: 30%
2/1/2025, 10:20:44 AM GMT+5:30 [Modules] Streaming discord_utils@1 to /home/ithihas/.config/discord/0.0.82/modules/pending/discord_utils-1.zip: 31%
2/1/2025, 10:20:44 AM GMT+5:30 [Modules] Streaming discord_utils@1 to /home/ithihas/.config/discord/0.0.82/modules/pending/discord_utils-1.zip: 32%
2/1/2025, 10:20:44 AM GMT+5:30 [Modules] Streaming discord_utils@1 to /home/ithihas/.config/discord/0.0.82/modules/pending/discord_utils-1.zip: 33%
2/1/2025, 10:20:44 AM GMT+5:30 [Modules] Streaming discord_utils@1 to /home/ithihas/.config/discord/0.0.82/modules/pending/discord_utils-1.zip: 34%
2/1/2025, 10:20:44 AM GMT+5:30 [Modules] Streaming discord_utils@1 to /home/ithihas/.config/discord/0.0.82/modules/pending/discord_utils-1.zip: 36%
2/1/2025, 10:20:44 AM GMT+5:30 [Modules] Streaming discord_utils@1 to /home/ithihas/.config/discord/0.0.82/modules/pending/discord_utils-1.zip: 37%
2/1/2025, 10:20:44 AM GMT+5:30 [Modules] Streaming discord_utils@1 to /home/ithihas/.config/discord/0.0.82/modules/pending/discord_utils-1.zip: 39%
2/1/2025, 10:20:44 AM GMT+5:30 [Modules] Streaming discord_utils@1 to /home/ithihas/.config/discord/0.0.82/modules/pending/discord_utils-1.zip: 40%
2/1/2025, 10:20:44 AM GMT+5:30 [Modules] Streaming discord_utils@1 to /home/ithihas/.config/discord/0.0.82/modules/pending/discord_utils-1.zip: 41%
2/1/2025, 10:20:44 AM GMT+5:30 [Modules] Streaming discord_utils@1 to /home/ithihas/.config/discord/0.0.82/modules/pending/discord_utils-1.zip: 42%
2/1/2025, 10:20:44 AM GMT+5:30 [Modules] Streaming discord_utils@1 to /home/ithihas/.config/discord/0.0.82/modules/pending/discord_utils-1.zip: 43%
2/1/2025, 10:20:44 AM GMT+5:30 [Modules] Streaming discord_utils@1 to /home/ithihas/.config/discord/0.0.82/modules/pending/discord_utils-1.zip: 44%
2/1/2025, 10:20:44 AM GMT+5:30 [Modules] Streaming discord_utils@1 to /home/ithihas/.config/discord/0.0.82/modules/pending/discord_utils-1.zip: 45%
2/1/2025, 10:20:44 AM GMT+5:30 [Modules] Streaming discord_utils@1 to /home/ithihas/.config/discord/0.0.82/modules/pending/discord_utils-1.zip: 47%
2/1/2025, 10:20:44 AM GMT+5:30 [Modules] Streaming discord_utils@1 to /home/ithihas/.config/discord/0.0.82/modules/pending/discord_utils-1.zip: 49%
2/1/2025, 10:20:44 AM GMT+5:30 [Modules] Streaming discord_utils@1 to /home/ithihas/.config/discord/0.0.82/modules/pending/discord_utils-1.zip: 52%
2/1/2025, 10:20:44 AM GMT+5:30 [Modules] Streaming discord_utils@1 to /home/ithihas/.config/discord/0.0.82/modules/pending/discord_utils-1.zip: 54%
2/1/2025, 10:20:44 AM GMT+5:30 [Modules] Streaming discord_utils@1 to /home/ithihas/.config/discord/0.0.82/modules/pending/discord_utils-1.zip: 55%
2/1/2025, 10:20:44 AM GMT+5:30 [Modules] Streaming discord_utils@1 to /home/ithihas/.config/discord/0.0.82/modules/pending/discord_utils-1.zip: 57%
2/1/2025, 10:20:44 AM GMT+5:30 [Modules] Streaming discord_utils@1 to /home/ithihas/.config/discord/0.0.82/modules/pending/discord_utils-1.zip: 59%
2/1/2025, 10:20:44 AM GMT+5:30 [Modules] Streaming discord_utils@1 to /home/ithihas/.config/discord/0.0.82/modules/pending/discord_utils-1.zip: 61%
2/1/2025, 10:20:44 AM GMT+5:30 [Modules] Streaming discord_utils@1 to /home/ithihas/.config/discord/0.0.82/modules/pending/discord_utils-1.zip: 64%
2/1/2025, 10:20:44 AM GMT+5:30 [Modules] Streaming discord_utils@1 to /home/ithihas/.config/discord/0.0.82/modules/pending/discord_utils-1.zip: 66%
2/1/2025, 10:20:44 AM GMT+5:30 [Modules] Streaming discord_utils@1 to /home/ithihas/.config/discord/0.0.82/modules/pending/discord_utils-1.zip: 67%
2/1/2025, 10:20:44 AM GMT+5:30 [Modules] Streaming discord_utils@1 to /home/ithihas/.config/discord/0.0.82/modules/pending/discord_utils-1.zip: 68%
2/1/2025, 10:20:44 AM GMT+5:30 [Modules] Streaming discord_utils@1 to /home/ithihas/.config/discord/0.0.82/modules/pending/discord_utils-1.zip: 70%
2/1/2025, 10:20:44 AM GMT+5:30 [Modules] Streaming discord_utils@1 to /home/ithihas/.config/discord/0.0.82/modules/pending/discord_utils-1.zip: 71%
2/1/2025, 10:20:44 AM GMT+5:30 [Modules] Streaming discord_utils@1 to /home/ithihas/.config/discord/0.0.82/modules/pending/discord_utils-1.zip: 72%
2/1/2025, 10:20:44 AM GMT+5:30 [Modules] Streaming discord_utils@1 to /home/ithihas/.config/discord/0.0.82/modules/pending/discord_utils-1.zip: 73%
2/1/2025, 10:20:44 AM GMT+5:30 [Modules] Streaming discord_utils@1 to /home/ithihas/.config/discord/0.0.82/modules/pending/discord_utils-1.zip: 75%
2/1/2025, 10:20:44 AM GMT+5:30 [Modules] Streaming discord_utils@1 to /home/ithihas/.config/discord/0.0.82/modules/pending/discord_utils-1.zip: 76%
2/1/2025, 10:20:44 AM GMT+5:30 [Modules] Streaming discord_utils@1 to /home/ithihas/.config/discord/0.0.82/modules/pending/discord_utils-1.zip: 78%
2/1/2025, 10:20:44 AM GMT+5:30 [Modules] Streaming discord_utils@1 to /home/ithihas/.config/discord/0.0.82/modules/pending/discord_utils-1.zip: 79%
2/1/2025, 10:20:44 AM GMT+5:30 [Modules] Streaming discord_utils@1 to /home/ithihas/.config/discord/0.0.82/modules/pending/discord_utils-1.zip: 80%
2/1/2025, 10:20:44 AM GMT+5:30 [Modules] Streaming discord_utils@1 to /home/ithihas/.config/discord/0.0.82/modules/pending/discord_utils-1.zip: 81%
2/1/2025, 10:20:44 AM GMT+5:30 [Modules] Streaming discord_utils@1 to /home/ithihas/.config/discord/0.0.82/modules/pending/discord_utils-1.zip: 83%
2/1/2025, 10:20:44 AM GMT+5:30 [Modules] Streaming discord_utils@1 to /home/ithihas/.config/discord/0.0.82/modules/pending/discord_utils-1.zip: 84%
2/1/2025, 10:20:44 AM GMT+5:30 [Modules] Streaming discord_utils@1 to /home/ithihas/.config/discord/0.0.82/modules/pending/discord_utils-1.zip: 85%
2/1/2025, 10:20:44 AM GMT+5:30 [Modules] Streaming discord_utils@1 to /home/ithihas/.config/discord/0.0.82/modules/pending/discord_utils-1.zip: 87%
2/1/2025, 10:20:44 AM GMT+5:30 [Modules] Streaming discord_utils@1 to /home/ithihas/.config/discord/0.0.82/modules/pending/discord_utils-1.zip: 89%
2/1/2025, 10:20:44 AM GMT+5:30 [Modules] Streaming discord_utils@1 to /home/ithihas/.config/discord/0.0.82/modules/pending/discord_utils-1.zip: 90%
2/1/2025, 10:20:44 AM GMT+5:30 [Modules] Streaming discord_utils@1 to /home/ithihas/.config/discord/0.0.82/modules/pending/discord_utils-1.zip: 91%
2/1/2025, 10:20:44 AM GMT+5:30 [Modules] Streaming discord_utils@1 to /home/ithihas/.config/discord/0.0.82/modules/pending/discord_utils-1.zip: 93%
2/1/2025, 10:20:44 AM GMT+5:30 [Modules] Streaming discord_utils@1 to /home/ithihas/.config/discord/0.0.82/modules/pending/discord_utils-1.zip: 95%
2/1/2025, 10:20:44 AM GMT+5:30 [Modules] Streaming discord_utils@1 to /home/ithihas/.config/discord/0.0.82/modules/pending/discord_utils-1.zip: 96%
2/1/2025, 10:20:44 AM GMT+5:30 [Modules] Streaming discord_utils@1 to /home/ithihas/.config/discord/0.0.82/modules/pending/discord_utils-1.zip: 97%
2/1/2025, 10:20:44 AM GMT+5:30 [Modules] Streaming discord_utils@1 to /home/ithihas/.config/discord/0.0.82/modules/pending/discord_utils-1.zip: 98%
2/1/2025, 10:20:44 AM GMT+5:30 [Modules] Streaming discord_utils@1 to /home/ithihas/.config/discord/0.0.82/modules/pending/discord_utils-1.zip: 99%
2/1/2025, 10:20:44 AM GMT+5:30 [Modules] Streaming discord_utils@1 to /home/ithihas/.config/discord/0.0.82/modules/pending/discord_utils-1.zip: 100%
2/1/2025, 10:20:44 AM GMT+5:30 [Modules] Fetching discord_voice@1 from https://discord.com/api/modules/stable/discord_voice/1
2/1/2025, 10:20:44 AM GMT+5:30 [Modules] Streaming discord_voice@1 to /home/ithihas/.config/discord/0.0.82/modules/pending/discord_voice-1.zip
2/1/2025, 10:20:45 AM GMT+5:30 [Modules] Streaming discord_voice@1 to /home/ithihas/.config/discord/0.0.82/modules/pending/discord_voice-1.zip: 1%
2/1/2025, 10:20:45 AM GMT+5:30 [Modules] Streaming discord_voice@1 to /home/ithihas/.config/discord/0.0.82/modules/pending/discord_voice-1.zip: 2%
2/1/2025, 10:20:45 AM GMT+5:30 [Modules] Streaming discord_voice@1 to /home/ithihas/.config/discord/0.0.82/modules/pending/discord_voice-1.zip: 3%
2/1/2025, 10:20:45 AM GMT+5:30 [Modules] Streaming discord_voice@1 to /home/ithihas/.config/discord/0.0.82/modules/pending/discord_voice-1.zip: 4%
2/1/2025, 10:20:45 AM GMT+5:30 [Modules] Streaming discord_voice@1 to /home/ithihas/.config/discord/0.0.82/modules/pending/discord_voice-1.zip: 5%
2/1/2025, 10:20:45 AM GMT+5:30 [Modules] Streaming discord_voice@1 to /home/ithihas/.config/discord/0.0.82/modules/pending/discord_voice-1.zip: 6%
2/1/2025, 10:20:45 AM GMT+5:30 [Modules] Streaming discord_voice@1 to /home/ithihas/.config/discord/0.0.82/modules/pending/discord_voice-1.zip: 7%
2/1/2025, 10:20:45 AM GMT+5:30 [Modules] Streaming discord_voice@1 to /home/ithihas/.config/discord/0.0.82/modules/pending/discord_voice-1.zip: 8%
2/1/2025, 10:20:45 AM GMT+5:30 [Modules] Streaming discord_voice@1 to /home/ithihas/.config/discord/0.0.82/modules/pending/discord_voice-1.zip: 9%
2/1/2025, 10:20:45 AM GMT+5:30 [Modules] Streaming discord_voice@1 to /home/ithihas/.config/discord/0.0.82/modules/pending/discord_voice-1.zip: 10%
2/1/2025, 10:20:45 AM GMT+5:30 [Modules] Streaming discord_voice@1 to /home/ithihas/.config/discord/0.0.82/modules/pending/discord_voice-1.zip: 11%
2/1/2025, 10:20:45 AM GMT+5:30 [Modules] Streaming discord_voice@1 to /home/ithihas/.config/discord/0.0.82/modules/pending/discord_voice-1.zip: 12%
2/1/2025, 10:20:45 AM GMT+5:30 [Modules] Streaming discord_voice@1 to /home/ithihas/.config/discord/0.0.82/modules/pending/discord_voice-1.zip: 13%
2/1/2025, 10:20:45 AM GMT+5:30 [Modules] Streaming discord_voice@1 to /home/ithihas/.config/discord/0.0.82/modules/pending/discord_voice-1.zip: 14%
2/1/2025, 10:20:45 AM GMT+5:30 [Modules] Streaming discord_voice@1 to /home/ithihas/.config/discord/0.0.82/modules/pending/discord_voice-1.zip: 15%
2/1/2025, 10:20:45 AM GMT+5:30 [Modules] Streaming discord_voice@1 to /home/ithihas/.config/discord/0.0.82/modules/pending/discord_voice-1.zip: 16%
2/1/2025, 10:20:45 AM GMT+5:30 [Modules] Streaming discord_voice@1 to /home/ithihas/.config/discord/0.0.82/modules/pending/discord_voice-1.zip: 17%
2/1/2025, 10:20:45 AM GMT+5:30 [Modules] Streaming discord_voice@1 to /home/ithihas/.config/discord/0.0.82/modules/pending/discord_voice-1.zip: 18%
2/1/2025, 10:20:45 AM GMT+5:30 [Modules] Streaming discord_voice@1 to /home/ithihas/.config/discord/0.0.82/modules/pending/discord_voice-1.zip: 19%
2/1/2025, 10:20:45 AM GMT+5:30 [Modules] Streaming discord_voice@1 to /home/ithihas/.config/discord/0.0.82/modules/pending/discord_voice-1.zip: 20%
2/1/2025, 10:20:45 AM GMT+5:30 [Modules] Streaming discord_voice@1 to /home/ithihas/.config/discord/0.0.82/modules/pending/discord_voice-1.zip: 21%
2/1/2025, 10:20:45 AM GMT+5:30 [Modules] Streaming discord_voice@1 to /home/ithihas/.config/discord/0.0.82/modules/pending/discord_voice-1.zip: 22%
2/1/2025, 10:20:45 AM GMT+5:30 [Modules] Streaming discord_voice@1 to /home/ithihas/.config/discord/0.0.82/modules/pending/discord_voice-1.zip: 23%
2/1/2025, 10:20:45 AM GMT+5:30 [Modules] Streaming discord_voice@1 to /home/ithihas/.config/discord/0.0.82/modules/pending/discord_voice-1.zip: 24%
2/1/2025, 10:20:45 AM GMT+5:30 [Modules] Streaming discord_voice@1 to /home/ithihas/.config/discord/0.0.82/modules/pending/discord_voice-1.zip: 25%
2/1/2025, 10:20:45 AM GMT+5:30 [Modules] Streaming discord_voice@1 to /home/ithihas/.config/discord/0.0.82/modules/pending/discord_voice-1.zip: 26%
2/1/2025, 10:20:45 AM GMT+5:30 [Modules] Streaming discord_voice@1 to /home/ithihas/.config/discord/0.0.82/modules/pending/discord_voice-1.zip: 27%
2/1/2025, 10:20:46 AM GMT+5:30 [Modules] Streaming discord_voice@1 to /home/ithihas/.config/discord/0.0.82/modules/pending/discord_voice-1.zip: 28%
2/1/2025, 10:20:46 AM GMT+5:30 [Modules] Streaming discord_voice@1 to /home/ithihas/.config/discord/0.0.82/modules/pending/discord_voice-1.zip: 29%
2/1/2025, 10:20:46 AM GMT+5:30 [Modules] Streaming discord_voice@1 to /home/ithihas/.config/discord/0.0.82/modules/pending/discord_voice-1.zip: 30%
2/1/2025, 10:20:46 AM GMT+5:30 [Modules] Streaming discord_voice@1 to /home/ithihas/.config/discord/0.0.82/modules/pending/discord_voice-1.zip: 31%
2/1/2025, 10:20:46 AM GMT+5:30 [Modules] Streaming discord_voice@1 to /home/ithihas/.config/discord/0.0.82/modules/pending/discord_voice-1.zip: 32%
2/1/2025, 10:20:46 AM GMT+5:30 [Modules] Streaming discord_voice@1 to /home/ithihas/.config/discord/0.0.82/modules/pending/discord_voice-1.zip: 33%
2/1/2025, 10:20:46 AM GMT+5:30 [Modules] Streaming discord_voice@1 to /home/ithihas/.config/discord/0.0.82/modules/pending/discord_voice-1.zip: 34%
2/1/2025, 10:20:46 AM GMT+5:30 [Modules] Streaming discord_voice@1 to /home/ithihas/.config/discord/0.0.82/modules/pending/discord_voice-1.zip: 35%
2/1/2025, 10:20:46 AM GMT+5:30 [Modules] Streaming discord_voice@1 to /home/ithihas/.config/discord/0.0.82/modules/pending/discord_voice-1.zip: 36%
2/1/2025, 10:20:46 AM GMT+5:30 [Modules] Streaming discord_voice@1 to /home/ithihas/.config/discord/0.0.82/modules/pending/discord_voice-1.zip: 37%
2/1/2025, 10:20:46 AM GMT+5:30 [Modules] Streaming discord_voice@1 to /home/ithihas/.config/discord/0.0.82/modules/pending/discord_voice-1.zip: 38%
2/1/2025, 10:20:46 AM GMT+5:30 [Modules] Streaming discord_voice@1 to /home/ithihas/.config/discord/0.0.82/modules/pending/discord_voice-1.zip: 39%
2/1/2025, 10:20:46 AM GMT+5:30 [Modules] Streaming discord_voice@1 to /home/ithihas/.config/discord/0.0.82/modules/pending/discord_voice-1.zip: 40%
2/1/2025, 10:20:46 AM GMT+5:30 [Modules] Streaming discord_voice@1 to /home/ithihas/.config/discord/0.0.82/modules/pending/discord_voice-1.zip: 41%
2/1/2025, 10:20:46 AM GMT+5:30 [Modules] Streaming discord_voice@1 to /home/ithihas/.config/discord/0.0.82/modules/pending/discord_voice-1.zip: 42%
2/1/2025, 10:20:46 AM GMT+5:30 [Modules] Streaming discord_voice@1 to /home/ithihas/.config/discord/0.0.82/modules/pending/discord_voice-1.zip: 43%
2/1/2025, 10:20:46 AM GMT+5:30 [Modules] Streaming discord_voice@1 to /home/ithihas/.config/discord/0.0.82/modules/pending/discord_voice-1.zip: 44%
2/1/2025, 10:20:46 AM GMT+5:30 [Modules] Streaming discord_voice@1 to /home/ithihas/.config/discord/0.0.82/modules/pending/discord_voice-1.zip: 45%
2/1/2025, 10:20:46 AM GMT+5:30 [Modules] Streaming discord_voice@1 to /home/ithihas/.config/discord/0.0.82/modules/pending/discord_voice-1.zip: 46%
2/1/2025, 10:20:46 AM GMT+5:30 [Modules] Streaming discord_voice@1 to /home/ithihas/.config/discord/0.0.82/modules/pending/discord_voice-1.zip: 47%
2/1/2025, 10:20:46 AM GMT+5:30 [Modules] Streaming discord_voice@1 to /home/ithihas/.config/discord/0.0.82/modules/pending/discord_voice-1.zip: 48%
2/1/2025, 10:20:46 AM GMT+5:30 [Modules] Streaming discord_voice@1 to /home/ithihas/.config/discord/0.0.82/modules/pending/discord_voice-1.zip: 49%
2/1/2025, 10:20:46 AM GMT+5:30 [Modules] Streaming discord_voice@1 to /home/ithihas/.config/discord/0.0.82/modules/pending/discord_voice-1.zip: 50%
2/1/2025, 10:20:46 AM GMT+5:30 [Modules] Streaming discord_voice@1 to /home/ithihas/.config/discord/0.0.82/modules/pending/discord_voice-1.zip: 51%
2/1/2025, 10:20:46 AM GMT+5:30 [Modules] Streaming discord_voice@1 to /home/ithihas/.config/discord/0.0.82/modules/pending/discord_voice-1.zip: 52%
2/1/2025, 10:20:46 AM GMT+5:30 [Modules] Streaming discord_voice@1 to /home/ithihas/.config/discord/0.0.82/modules/pending/discord_voice-1.zip: 53%
2/1/2025, 10:20:46 AM GMT+5:30 [Modules] Streaming discord_voice@1 to /home/ithihas/.config/discord/0.0.82/modules/pending/discord_voice-1.zip: 54%
2/1/2025, 10:20:46 AM GMT+5:30 [Modules] Streaming discord_voice@1 to /home/ithihas/.config/discord/0.0.82/modules/pending/discord_voice-1.zip: 55%
2/1/2025, 10:20:46 AM GMT+5:30 [Modules] Streaming discord_voice@1 to /home/ithihas/.config/discord/0.0.82/modules/pending/discord_voice-1.zip: 56%
2/1/2025, 10:20:46 AM GMT+5:30 [Modules] Streaming discord_voice@1 to /home/ithihas/.config/discord/0.0.82/modules/pending/discord_voice-1.zip: 57%
2/1/2025, 10:20:46 AM GMT+5:30 [Modules] Streaming discord_voice@1 to /home/ithihas/.config/discord/0.0.82/modules/pending/discord_voice-1.zip: 58%
2/1/2025, 10:20:46 AM GMT+5:30 [Modules] Streaming discord_voice@1 to /home/ithihas/.config/discord/0.0.82/modules/pending/discord_voice-1.zip: 59%
2/1/2025, 10:20:46 AM GMT+5:30 [Modules] Streaming discord_voice@1 to /home/ithihas/.config/discord/0.0.82/modules/pending/discord_voice-1.zip: 60%
2/1/2025, 10:20:46 AM GMT+5:30 [Modules] Streaming discord_voice@1 to /home/ithihas/.config/discord/0.0.82/modules/pending/discord_voice-1.zip: 61%
2/1/2025, 10:20:46 AM GMT+5:30 [Modules] Streaming discord_voice@1 to /home/ithihas/.config/discord/0.0.82/modules/pending/discord_voice-1.zip: 62%
2/1/2025, 10:20:46 AM GMT+5:30 [Modules] Streaming discord_voice@1 to /home/ithihas/.config/discord/0.0.82/modules/pending/discord_voice-1.zip: 63%
2/1/2025, 10:20:46 AM GMT+5:30 [Modules] Streaming discord_voice@1 to /home/ithihas/.config/discord/0.0.82/modules/pending/discord_voice-1.zip: 64%
2/1/2025, 10:20:46 AM GMT+5:30 [Modules] Streaming discord_voice@1 to /home/ithihas/.config/discord/0.0.82/modules/pending/discord_voice-1.zip: 65%
2/1/2025, 10:20:47 AM GMT+5:30 [Modules] Streaming discord_voice@1 to /home/ithihas/.config/discord/0.0.82/modules/pending/discord_voice-1.zip: 66%
2/1/2025, 10:20:47 AM GMT+5:30 [Modules] Streaming discord_voice@1 to /home/ithihas/.config/discord/0.0.82/modules/pending/discord_voice-1.zip: 67%
2/1/2025, 10:20:47 AM GMT+5:30 [Modules] Streaming discord_voice@1 to /home/ithihas/.config/discord/0.0.82/modules/pending/discord_voice-1.zip: 68%
2/1/2025, 10:20:47 AM GMT+5:30 [Modules] Streaming discord_voice@1 to /home/ithihas/.config/discord/0.0.82/modules/pending/discord_voice-1.zip: 69%
2/1/2025, 10:20:47 AM GMT+5:30 [Modules] Streaming discord_voice@1 to /home/ithihas/.config/discord/0.0.82/modules/pending/discord_voice-1.zip: 70%
2/1/2025, 10:20:47 AM GMT+5:30 [Modules] Streaming discord_voice@1 to /home/ithihas/.config/discord/0.0.82/modules/pending/discord_voice-1.zip: 71%
2/1/2025, 10:20:47 AM GMT+5:30 [Modules] Streaming discord_voice@1 to /home/ithihas/.config/discord/0.0.82/modules/pending/discord_voice-1.zip: 72%
2/1/2025, 10:20:47 AM GMT+5:30 [Modules] Streaming discord_voice@1 to /home/ithihas/.config/discord/0.0.82/modules/pending/discord_voice-1.zip: 73%
2/1/2025, 10:20:47 AM GMT+5:30 [Modules] Streaming discord_voice@1 to /home/ithihas/.config/discord/0.0.82/modules/pending/discord_voice-1.zip: 74%
2/1/2025, 10:20:47 AM GMT+5:30 [Modules] Streaming discord_voice@1 to /home/ithihas/.config/discord/0.0.82/modules/pending/discord_voice-1.zip: 75%
2/1/2025, 10:20:47 AM GMT+5:30 [Modules] Streaming discord_voice@1 to /home/ithihas/.config/discord/0.0.82/modules/pending/discord_voice-1.zip: 76%
2/1/2025, 10:20:47 AM GMT+5:30 [Modules] Streaming discord_voice@1 to /home/ithihas/.config/discord/0.0.82/modules/pending/discord_voice-1.zip: 77%
2/1/2025, 10:20:47 AM GMT+5:30 [Modules] Streaming discord_voice@1 to /home/ithihas/.config/discord/0.0.82/modules/pending/discord_voice-1.zip: 78%
2/1/2025, 10:20:47 AM GMT+5:30 [Modules] Streaming discord_voice@1 to /home/ithihas/.config/discord/0.0.82/modules/pending/discord_voice-1.zip: 79%
2/1/2025, 10:20:47 AM GMT+5:30 [Modules] Streaming discord_voice@1 to /home/ithihas/.config/discord/0.0.82/modules/pending/discord_voice-1.zip: 80%
2/1/2025, 10:20:47 AM GMT+5:30 [Modules] Streaming discord_voice@1 to /home/ithihas/.config/discord/0.0.82/modules/pending/discord_voice-1.zip: 81%
2/1/2025, 10:20:47 AM GMT+5:30 [Modules] Streaming discord_voice@1 to /home/ithihas/.config/discord/0.0.82/modules/pending/discord_voice-1.zip: 82%
2/1/2025, 10:20:47 AM GMT+5:30 [Modules] Streaming discord_voice@1 to /home/ithihas/.config/discord/0.0.82/modules/pending/discord_voice-1.zip: 83%
2/1/2025, 10:20:47 AM GMT+5:30 [Modules] Streaming discord_voice@1 to /home/ithihas/.config/discord/0.0.82/modules/pending/discord_voice-1.zip: 84%
2/1/2025, 10:20:47 AM GMT+5:30 [Modules] Streaming discord_voice@1 to /home/ithihas/.config/discord/0.0.82/modules/pending/discord_voice-1.zip: 85%
2/1/2025, 10:20:47 AM GMT+5:30 [Modules] Streaming discord_voice@1 to /home/ithihas/.config/discord/0.0.82/modules/pending/discord_voice-1.zip: 86%
2/1/2025, 10:20:47 AM GMT+5:30 [Modules] Streaming discord_voice@1 to /home/ithihas/.config/discord/0.0.82/modules/pending/discord_voice-1.zip: 87%
2/1/2025, 10:20:47 AM GMT+5:30 [Modules] Streaming discord_voice@1 to /home/ithihas/.config/discord/0.0.82/modules/pending/discord_voice-1.zip: 88%
2/1/2025, 10:20:47 AM GMT+5:30 [Modules] Streaming discord_voice@1 to /home/ithihas/.config/discord/0.0.82/modules/pending/discord_voice-1.zip: 89%
2/1/2025, 10:20:47 AM GMT+5:30 [Modules] Streaming discord_voice@1 to /home/ithihas/.config/discord/0.0.82/modules/pending/discord_voice-1.zip: 90%
2/1/2025, 10:20:47 AM GMT+5:30 [Modules] Streaming discord_voice@1 to /home/ithihas/.config/discord/0.0.82/modules/pending/discord_voice-1.zip: 91%
2/1/2025, 10:20:47 AM GMT+5:30 [Modules] Streaming discord_voice@1 to /home/ithihas/.config/discord/0.0.82/modules/pending/discord_voice-1.zip: 92%
2/1/2025, 10:20:47 AM GMT+5:30 [Modules] Streaming discord_voice@1 to /home/ithihas/.config/discord/0.0.82/modules/pending/discord_voice-1.zip: 93%
2/1/2025, 10:20:47 AM GMT+5:30 [Modules] Streaming discord_voice@1 to /home/ithihas/.config/discord/0.0.82/modules/pending/discord_voice-1.zip: 94%
2/1/2025, 10:20:47 AM GMT+5:30 [Modules] Streaming discord_voice@1 to /home/ithihas/.config/discord/0.0.82/modules/pending/discord_voice-1.zip: 95%
2/1/2025, 10:20:47 AM GMT+5:30 [Modules] Streaming discord_voice@1 to /home/ithihas/.config/discord/0.0.82/modules/pending/discord_voice-1.zip: 96%
2/1/2025, 10:20:47 AM GMT+5:30 [Modules] Streaming discord_voice@1 to /home/ithihas/.config/discord/0.0.82/modules/pending/discord_voice-1.zip: 97%
2/1/2025, 10:20:47 AM GMT+5:30 [Modules] Streaming discord_voice@1 to /home/ithihas/.config/discord/0.0.82/modules/pending/discord_voice-1.zip: 98%
2/1/2025, 10:20:48 AM GMT+5:30 [Modules] Streaming discord_voice@1 to /home/ithihas/.config/discord/0.0.82/modules/pending/discord_voice-1.zip: 99%
2/1/2025, 10:20:48 AM GMT+5:30 [Modules] Streaming discord_voice@1 to /home/ithihas/.config/discord/0.0.82/modules/pending/discord_voice-1.zip: 100%
2/1/2025, 10:20:48 AM GMT+5:30 [Modules] Fetching discord_zstd@1 from https://discord.com/api/modules/stable/discord_zstd/1
2/1/2025, 10:20:48 AM GMT+5:30 [Modules] Streaming discord_zstd@1 to /home/ithihas/.config/discord/0.0.82/modules/pending/discord_zstd-1.zip
2/1/2025, 10:20:48 AM GMT+5:30 [Modules] Streaming discord_zstd@1 to /home/ithihas/.config/discord/0.0.82/modules/pending/discord_zstd-1.zip: 8%
2/1/2025, 10:20:48 AM GMT+5:30 [Modules] Streaming discord_zstd@1 to /home/ithihas/.config/discord/0.0.82/modules/pending/discord_zstd-1.zip: 25%
2/1/2025, 10:20:48 AM GMT+5:30 [Modules] Streaming discord_zstd@1 to /home/ithihas/.config/discord/0.0.82/modules/pending/discord_zstd-1.zip: 41%
2/1/2025, 10:20:48 AM GMT+5:30 [Modules] Streaming discord_zstd@1 to /home/ithihas/.config/discord/0.0.82/modules/pending/discord_zstd-1.zip: 46%
2/1/2025, 10:20:48 AM GMT+5:30 [Modules] Streaming discord_zstd@1 to /home/ithihas/.config/discord/0.0.82/modules/pending/discord_zstd-1.zip: 50%
2/1/2025, 10:20:48 AM GMT+5:30 [Modules] Streaming discord_zstd@1 to /home/ithihas/.config/discord/0.0.82/modules/pending/discord_zstd-1.zip: 54%
2/1/2025, 10:20:48 AM GMT+5:30 [Modules] Streaming discord_zstd@1 to /home/ithihas/.config/discord/0.0.82/modules/pending/discord_zstd-1.zip: 58%
2/1/2025, 10:20:48 AM GMT+5:30 [Modules] Streaming discord_zstd@1 to /home/ithihas/.config/discord/0.0.82/modules/pending/discord_zstd-1.zip: 62%
2/1/2025, 10:20:48 AM GMT+5:30 [Modules] Streaming discord_zstd@1 to /home/ithihas/.config/discord/0.0.82/modules/pending/discord_zstd-1.zip: 83%
2/1/2025, 10:20:48 AM GMT+5:30 [Modules] Streaming discord_zstd@1 to /home/ithihas/.config/discord/0.0.82/modules/pending/discord_zstd-1.zip: 100%
2/1/2025, 10:20:48 AM GMT+5:30 [Modules] Finished module downloads. [success: 6] [failure: 0]
2/1/2025, 10:20:48 AM GMT+5:30 [Modules] Installing updates...
2/1/2025, 10:20:48 AM GMT+5:30 [Modules] Installing discord_desktop_core@1 from /home/ithihas/.config/discord/0.0.82/modules/pending/discord_desktop_core-1.zip
2/1/2025, 10:20:48 AM GMT+5:30 [Modules] Installing discord_erlpack@1 from /home/ithihas/.config/discord/0.0.82/modules/pending/discord_erlpack-1.zip
2/1/2025, 10:20:48 AM GMT+5:30 [Modules] Installing discord_spellcheck@1 from /home/ithihas/.config/discord/0.0.82/modules/pending/discord_spellcheck-1.zip
2/1/2025, 10:20:51 AM GMT+5:30 [Modules] Installing discord_utils@1 from /home/ithihas/.config/discord/0.0.82/modules/pending/discord_utils-1.zip
2/1/2025, 10:20:51 AM GMT+5:30 [Modules] Installing discord_voice@1 from /home/ithihas/.config/discord/0.0.82/modules/pending/discord_voice-1.zip
2/1/2025, 10:20:53 AM GMT+5:30 [Modules] Installing discord_zstd@1 from /home/ithihas/.config/discord/0.0.82/modules/pending/discord_zstd-1.zip
2/1/2025, 10:20:53 AM GMT+5:30 [Modules] Finished module installations. [success: 6] [failure: 0]
2/1/2025, 10:20:53 AM GMT+5:30 [Modules] Checking for host updates.
2/1/2025, 10:20:54 AM GMT+5:30 [Modules] Host is up to date.
2/1/2025, 10:20:54 AM GMT+5:30 [Modules] Checking for module updates at https://discord.com/api/modules/stable/versions.json
2/1/2025, 10:20:54 AM GMT+5:30 [Modules] No module updates available.
2/1/2025, 10:20:57 AM GMT+5:30 [Modules] Starting to install discord_krisp...
2/1/2025, 10:20:57 AM GMT+5:30 [Modules] Fetching discord_krisp@1 from https://discord.com/api/modules/stable/discord_krisp/1
2/1/2025, 10:20:57 AM GMT+5:30 [Modules] Streaming discord_krisp@1 to /home/ithihas/.config/discord/0.0.82/modules/pending/discord_krisp-1.zip
2/1/2025, 10:20:57 AM GMT+5:30 [Modules] Starting to install discord_game_utils...
2/1/2025, 10:20:58 AM GMT+5:30 [Modules] Streaming discord_krisp@1 to /home/ithihas/.config/discord/0.0.82/modules/pending/discord_krisp-1.zip: 1%
2/1/2025, 10:20:58 AM GMT+5:30 [Modules] Streaming discord_krisp@1 to /home/ithihas/.config/discord/0.0.82/modules/pending/discord_krisp-1.zip: 2%
2/1/2025, 10:20:58 AM GMT+5:30 [Modules] Streaming discord_krisp@1 to /home/ithihas/.config/discord/0.0.82/modules/pending/discord_krisp-1.zip: 3%
2/1/2025, 10:20:58 AM GMT+5:30 [Modules] Streaming discord_krisp@1 to /home/ithihas/.config/discord/0.0.82/modules/pending/discord_krisp-1.zip: 4%
2/1/2025, 10:20:58 AM GMT+5:30 [Modules] Streaming discord_krisp@1 to /home/ithihas/.config/discord/0.0.82/modules/pending/discord_krisp-1.zip: 5%
2/1/2025, 10:20:58 AM GMT+5:30 [Modules] Streaming discord_krisp@1 to /home/ithihas/.config/discord/0.0.82/modules/pending/discord_krisp-1.zip: 6%
2/1/2025, 10:20:58 AM GMT+5:30 [Modules] Streaming discord_krisp@1 to /home/ithihas/.config/discord/0.0.82/modules/pending/discord_krisp-1.zip: 7%
2/1/2025, 10:20:58 AM GMT+5:30 [Modules] Streaming discord_krisp@1 to /home/ithihas/.config/discord/0.0.82/modules/pending/discord_krisp-1.zip: 8%
2/1/2025, 10:20:58 AM GMT+5:30 [Modules] Streaming discord_krisp@1 to /home/ithihas/.config/discord/0.0.82/modules/pending/discord_krisp-1.zip: 9%
2/1/2025, 10:20:58 AM GMT+5:30 [Modules] Streaming discord_krisp@1 to /home/ithihas/.config/discord/0.0.82/modules/pending/discord_krisp-1.zip: 10%
2/1/2025, 10:20:58 AM GMT+5:30 [Modules] Streaming discord_krisp@1 to /home/ithihas/.config/discord/0.0.82/modules/pending/discord_krisp-1.zip: 11%
2/1/2025, 10:20:58 AM GMT+5:30 [Modules] Streaming discord_krisp@1 to /home/ithihas/.config/discord/0.0.82/modules/pending/discord_krisp-1.zip: 12%
2/1/2025, 10:20:58 AM GMT+5:30 [Modules] Streaming discord_krisp@1 to /home/ithihas/.config/discord/0.0.82/modules/pending/discord_krisp-1.zip: 13%
2/1/2025, 10:20:58 AM GMT+5:30 [Modules] Streaming discord_krisp@1 to /home/ithihas/.config/discord/0.0.82/modules/pending/discord_krisp-1.zip: 14%
2/1/2025, 10:20:58 AM GMT+5:30 [Modules] Streaming discord_krisp@1 to /home/ithihas/.config/discord/0.0.82/modules/pending/discord_krisp-1.zip: 15%
2/1/2025, 10:20:58 AM GMT+5:30 [Modules] Streaming discord_krisp@1 to /home/ithihas/.config/discord/0.0.82/modules/pending/discord_krisp-1.zip: 16%
2/1/2025, 10:20:58 AM GMT+5:30 [Modules] Streaming discord_krisp@1 to /home/ithihas/.config/discord/0.0.82/modules/pending/discord_krisp-1.zip: 17%
2/1/2025, 10:20:58 AM GMT+5:30 [Modules] Streaming discord_krisp@1 to /home/ithihas/.config/discord/0.0.82/modules/pending/discord_krisp-1.zip: 18%
2/1/2025, 10:20:58 AM GMT+5:30 [Modules] Streaming discord_krisp@1 to /home/ithihas/.config/discord/0.0.82/modules/pending/discord_krisp-1.zip: 20%
2/1/2025, 10:20:59 AM GMT+5:30 [Modules] Streaming discord_krisp@1 to /home/ithihas/.config/discord/0.0.82/modules/pending/discord_krisp-1.zip: 21%
2/1/2025, 10:20:59 AM GMT+5:30 [Modules] Streaming discord_krisp@1 to /home/ithihas/.config/discord/0.0.82/modules/pending/discord_krisp-1.zip: 23%
2/1/2025, 10:20:59 AM GMT+5:30 [Modules] Streaming discord_krisp@1 to /home/ithihas/.config/discord/0.0.82/modules/pending/discord_krisp-1.zip: 24%
2/1/2025, 10:20:59 AM GMT+5:30 [Modules] Streaming discord_krisp@1 to /home/ithihas/.config/discord/0.0.82/modules/pending/discord_krisp-1.zip: 25%
2/1/2025, 10:20:59 AM GMT+5:30 [Modules] Streaming discord_krisp@1 to /home/ithihas/.config/discord/0.0.82/modules/pending/discord_krisp-1.zip: 26%
2/1/2025, 10:20:59 AM GMT+5:30 [Modules] Streaming discord_krisp@1 to /home/ithihas/.config/discord/0.0.82/modules/pending/discord_krisp-1.zip: 27%
2/1/2025, 10:20:59 AM GMT+5:30 [Modules] Streaming discord_krisp@1 to /home/ithihas/.config/discord/0.0.82/modules/pending/discord_krisp-1.zip: 28%
2/1/2025, 10:20:59 AM GMT+5:30 [Modules] Streaming discord_krisp@1 to /home/ithihas/.config/discord/0.0.82/modules/pending/discord_krisp-1.zip: 29%
2/1/2025, 10:20:59 AM GMT+5:30 [Modules] Streaming discord_krisp@1 to /home/ithihas/.config/discord/0.0.82/modules/pending/discord_krisp-1.zip: 30%
2/1/2025, 10:20:59 AM GMT+5:30 [Modules] Streaming discord_krisp@1 to /home/ithihas/.config/discord/0.0.82/modules/pending/discord_krisp-1.zip: 31%
2/1/2025, 10:20:59 AM GMT+5:30 [Modules] Streaming discord_krisp@1 to /home/ithihas/.config/discord/0.0.82/modules/pending/discord_krisp-1.zip: 32%
2/1/2025, 10:20:59 AM GMT+5:30 [Modules] Streaming discord_krisp@1 to /home/ithihas/.config/discord/0.0.82/modules/pending/discord_krisp-1.zip: 33%
2/1/2025, 10:20:59 AM GMT+5:30 [Modules] Streaming discord_krisp@1 to /home/ithihas/.config/discord/0.0.82/modules/pending/discord_krisp-1.zip: 34%
2/1/2025, 10:20:59 AM GMT+5:30 [Modules] Streaming discord_krisp@1 to /home/ithihas/.config/discord/0.0.82/modules/pending/discord_krisp-1.zip: 35%
2/1/2025, 10:20:59 AM GMT+5:30 [Modules] Streaming discord_krisp@1 to /home/ithihas/.config/discord/0.0.82/modules/pending/discord_krisp-1.zip: 36%
2/1/2025, 10:20:59 AM GMT+5:30 [Modules] Streaming discord_krisp@1 to /home/ithihas/.config/discord/0.0.82/modules/pending/discord_krisp-1.zip: 37%
2/1/2025, 10:20:59 AM GMT+5:30 [Modules] Streaming discord_krisp@1 to /home/ithihas/.config/discord/0.0.82/modules/pending/discord_krisp-1.zip: 38%
2/1/2025, 10:20:59 AM GMT+5:30 [Modules] Streaming discord_krisp@1 to /home/ithihas/.config/discord/0.0.82/modules/pending/discord_krisp-1.zip: 39%
2/1/2025, 10:20:59 AM GMT+5:30 [Modules] Streaming discord_krisp@1 to /home/ithihas/.config/discord/0.0.82/modules/pending/discord_krisp-1.zip: 40%
2/1/2025, 10:20:59 AM GMT+5:30 [Modules] Streaming discord_krisp@1 to /home/ithihas/.config/discord/0.0.82/modules/pending/discord_krisp-1.zip: 41%
2/1/2025, 10:20:59 AM GMT+5:30 [Modules] Streaming discord_krisp@1 to /home/ithihas/.config/discord/0.0.82/modules/pending/discord_krisp-1.zip: 42%
2/1/2025, 10:20:59 AM GMT+5:30 [Modules] Streaming discord_krisp@1 to /home/ithihas/.config/discord/0.0.82/modules/pending/discord_krisp-1.zip: 43%
2/1/2025, 10:20:59 AM GMT+5:30 [Modules] Streaming discord_krisp@1 to /home/ithihas/.config/discord/0.0.82/modules/pending/discord_krisp-1.zip: 44%
2/1/2025, 10:20:59 AM GMT+5:30 [Modules] Streaming discord_krisp@1 to /home/ithihas/.config/discord/0.0.82/modules/pending/discord_krisp-1.zip: 45%
2/1/2025, 10:20:59 AM GMT+5:30 [Modules] Streaming discord_krisp@1 to /home/ithihas/.config/discord/0.0.82/modules/pending/discord_krisp-1.zip: 46%
2/1/2025, 10:20:59 AM GMT+5:30 [Modules] Streaming discord_krisp@1 to /home/ithihas/.config/discord/0.0.82/modules/pending/discord_krisp-1.zip: 47%
2/1/2025, 10:20:59 AM GMT+5:30 [Modules] Streaming discord_krisp@1 to /home/ithihas/.config/discord/0.0.82/modules/pending/discord_krisp-1.zip: 48%
2/1/2025, 10:20:59 AM GMT+5:30 [Modules] Streaming discord_krisp@1 to /home/ithihas/.config/discord/0.0.82/modules/pending/discord_krisp-1.zip: 49%
2/1/2025, 10:20:59 AM GMT+5:30 [Modules] Streaming discord_krisp@1 to /home/ithihas/.config/discord/0.0.82/modules/pending/discord_krisp-1.zip: 50%
2/1/2025, 10:20:59 AM GMT+5:30 [Modules] Streaming discord_krisp@1 to /home/ithihas/.config/discord/0.0.82/modules/pending/discord_krisp-1.zip: 51%
2/1/2025, 10:20:59 AM GMT+5:30 [Modules] Streaming discord_krisp@1 to /home/ithihas/.config/discord/0.0.82/modules/pending/discord_krisp-1.zip: 52%
2/1/2025, 10:20:59 AM GMT+5:30 [Modules] Streaming discord_krisp@1 to /home/ithihas/.config/discord/0.0.82/modules/pending/discord_krisp-1.zip: 53%
2/1/2025, 10:20:59 AM GMT+5:30 [Modules] Streaming discord_krisp@1 to /home/ithihas/.config/discord/0.0.82/modules/pending/discord_krisp-1.zip: 54%
2/1/2025, 10:20:59 AM GMT+5:30 [Modules] Streaming discord_krisp@1 to /home/ithihas/.config/discord/0.0.82/modules/pending/discord_krisp-1.zip: 55%
2/1/2025, 10:20:59 AM GMT+5:30 [Modules] Streaming discord_krisp@1 to /home/ithihas/.config/discord/0.0.82/modules/pending/discord_krisp-1.zip: 56%
2/1/2025, 10:20:59 AM GMT+5:30 [Modules] Streaming discord_krisp@1 to /home/ithihas/.config/discord/0.0.82/modules/pending/discord_krisp-1.zip: 57%
2/1/2025, 10:20:59 AM GMT+5:30 [Modules] Streaming discord_krisp@1 to /home/ithihas/.config/discord/0.0.82/modules/pending/discord_krisp-1.zip: 58%
2/1/2025, 10:20:59 AM GMT+5:30 [Modules] Streaming discord_krisp@1 to /home/ithihas/.config/discord/0.0.82/modules/pending/discord_krisp-1.zip: 59%
2/1/2025, 10:21:00 AM GMT+5:30 [Modules] Streaming discord_krisp@1 to /home/ithihas/.config/discord/0.0.82/modules/pending/discord_krisp-1.zip: 60%
2/1/2025, 10:21:00 AM GMT+5:30 [Modules] Streaming discord_krisp@1 to /home/ithihas/.config/discord/0.0.82/modules/pending/discord_krisp-1.zip: 61%
2/1/2025, 10:21:00 AM GMT+5:30 [Modules] Streaming discord_krisp@1 to /home/ithihas/.config/discord/0.0.82/modules/pending/discord_krisp-1.zip: 62%
2/1/2025, 10:21:00 AM GMT+5:30 [Modules] Streaming discord_krisp@1 to /home/ithihas/.config/discord/0.0.82/modules/pending/discord_krisp-1.zip: 63%
2/1/2025, 10:21:00 AM GMT+5:30 [Modules] Streaming discord_krisp@1 to /home/ithihas/.config/discord/0.0.82/modules/pending/discord_krisp-1.zip: 64%
2/1/2025, 10:21:00 AM GMT+5:30 [Modules] Streaming discord_krisp@1 to /home/ithihas/.config/discord/0.0.82/modules/pending/discord_krisp-1.zip: 65%
2/1/2025, 10:21:00 AM GMT+5:30 [Modules] Streaming discord_krisp@1 to /home/ithihas/.config/discord/0.0.82/modules/pending/discord_krisp-1.zip: 66%
2/1/2025, 10:21:00 AM GMT+5:30 [Modules] Streaming discord_krisp@1 to /home/ithihas/.config/discord/0.0.82/modules/pending/discord_krisp-1.zip: 67%
2/1/2025, 10:21:00 AM GMT+5:30 [Modules] Streaming discord_krisp@1 to /home/ithihas/.config/discord/0.0.82/modules/pending/discord_krisp-1.zip: 68%
2/1/2025, 10:21:00 AM GMT+5:30 [Modules] Streaming discord_krisp@1 to /home/ithihas/.config/discord/0.0.82/modules/pending/discord_krisp-1.zip: 69%
2/1/2025, 10:21:00 AM GMT+5:30 [Modules] Streaming discord_krisp@1 to /home/ithihas/.config/discord/0.0.82/modules/pending/discord_krisp-1.zip: 70%
2/1/2025, 10:21:00 AM GMT+5:30 [Modules] Streaming discord_krisp@1 to /home/ithihas/.config/discord/0.0.82/modules/pending/discord_krisp-1.zip: 71%
2/1/2025, 10:21:00 AM GMT+5:30 [Modules] Streaming discord_krisp@1 to /home/ithihas/.config/discord/0.0.82/modules/pending/discord_krisp-1.zip: 72%
2/1/2025, 10:21:00 AM GMT+5:30 [Modules] Streaming discord_krisp@1 to /home/ithihas/.config/discord/0.0.82/modules/pending/discord_krisp-1.zip: 73%
2/1/2025, 10:21:00 AM GMT+5:30 [Modules] Streaming discord_krisp@1 to /home/ithihas/.config/discord/0.0.82/modules/pending/discord_krisp-1.zip: 74%
2/1/2025, 10:21:00 AM GMT+5:30 [Modules] Streaming discord_krisp@1 to /home/ithihas/.config/discord/0.0.82/modules/pending/discord_krisp-1.zip: 75%
2/1/2025, 10:21:00 AM GMT+5:30 [Modules] Streaming discord_krisp@1 to /home/ithihas/.config/discord/0.0.82/modules/pending/discord_krisp-1.zip: 76%
2/1/2025, 10:21:00 AM GMT+5:30 [Modules] Streaming discord_krisp@1 to /home/ithihas/.config/discord/0.0.82/modules/pending/discord_krisp-1.zip: 77%
2/1/2025, 10:21:00 AM GMT+5:30 [Modules] Streaming discord_krisp@1 to /home/ithihas/.config/discord/0.0.82/modules/pending/discord_krisp-1.zip: 78%
2/1/2025, 10:21:00 AM GMT+5:30 [Modules] Streaming discord_krisp@1 to /home/ithihas/.config/discord/0.0.82/modules/pending/discord_krisp-1.zip: 79%
2/1/2025, 10:21:00 AM GMT+5:30 [Modules] Streaming discord_krisp@1 to /home/ithihas/.config/discord/0.0.82/modules/pending/discord_krisp-1.zip: 80%
2/1/2025, 10:21:00 AM GMT+5:30 [Modules] Streaming discord_krisp@1 to /home/ithihas/.config/discord/0.0.82/modules/pending/discord_krisp-1.zip: 81%
2/1/2025, 10:21:00 AM GMT+5:30 [Modules] Streaming discord_krisp@1 to /home/ithihas/.config/discord/0.0.82/modules/pending/discord_krisp-1.zip: 82%
2/1/2025, 10:21:00 AM GMT+5:30 [Modules] Streaming discord_krisp@1 to /home/ithihas/.config/discord/0.0.82/modules/pending/discord_krisp-1.zip: 83%
2/1/2025, 10:21:00 AM GMT+5:30 [Modules] Streaming discord_krisp@1 to /home/ithihas/.config/discord/0.0.82/modules/pending/discord_krisp-1.zip: 84%
2/1/2025, 10:21:00 AM GMT+5:30 [Modules] Streaming discord_krisp@1 to /home/ithihas/.config/discord/0.0.82/modules/pending/discord_krisp-1.zip: 85%
2/1/2025, 10:21:00 AM GMT+5:30 [Modules] Streaming discord_krisp@1 to /home/ithihas/.config/discord/0.0.82/modules/pending/discord_krisp-1.zip: 86%
2/1/2025, 10:21:00 AM GMT+5:30 [Modules] Streaming discord_krisp@1 to /home/ithihas/.config/discord/0.0.82/modules/pending/discord_krisp-1.zip: 87%
2/1/2025, 10:21:00 AM GMT+5:30 [Modules] Streaming discord_krisp@1 to /home/ithihas/.config/discord/0.0.82/modules/pending/discord_krisp-1.zip: 88%
2/1/2025, 10:21:00 AM GMT+5:30 [Modules] Streaming discord_krisp@1 to /home/ithihas/.config/discord/0.0.82/modules/pending/discord_krisp-1.zip: 89%
2/1/2025, 10:21:00 AM GMT+5:30 [Modules] Streaming discord_krisp@1 to /home/ithihas/.config/discord/0.0.82/modules/pending/discord_krisp-1.zip: 90%
2/1/2025, 10:21:01 AM GMT+5:30 [Modules] Streaming discord_krisp@1 to /home/ithihas/.config/discord/0.0.82/modules/pending/discord_krisp-1.zip: 91%
2/1/2025, 10:21:01 AM GMT+5:30 [Modules] Streaming discord_krisp@1 to /home/ithihas/.config/discord/0.0.82/modules/pending/discord_krisp-1.zip: 92%
2/1/2025, 10:21:01 AM GMT+5:30 [Modules] Streaming discord_krisp@1 to /home/ithihas/.config/discord/0.0.82/modules/pending/discord_krisp-1.zip: 93%
2/1/2025, 10:21:01 AM GMT+5:30 [Modules] Streaming discord_krisp@1 to /home/ithihas/.config/discord/0.0.82/modules/pending/discord_krisp-1.zip: 94%
2/1/2025, 10:21:01 AM GMT+5:30 [Modules] Streaming discord_krisp@1 to /home/ithihas/.config/discord/0.0.82/modules/pending/discord_krisp-1.zip: 95%
2/1/2025, 10:21:01 AM GMT+5:30 [Modules] Streaming discord_krisp@1 to /home/ithihas/.config/discord/0.0.82/modules/pending/discord_krisp-1.zip: 96%
2/1/2025, 10:21:01 AM GMT+5:30 [Modules] Streaming discord_krisp@1 to /home/ithihas/.config/discord/0.0.82/modules/pending/discord_krisp-1.zip: 97%
2/1/2025, 10:21:01 AM GMT+5:30 [Modules] Streaming discord_krisp@1 to /home/ithihas/.config/discord/0.0.82/modules/pending/discord_krisp-1.zip: 98%
2/1/2025, 10:21:01 AM GMT+5:30 [Modules] Streaming discord_krisp@1 to /home/ithihas/.config/discord/0.0.82/modules/pending/discord_krisp-1.zip: 99%
2/1/2025, 10:21:01 AM GMT+5:30 [Modules] Checking for host updates.
2/1/2025, 10:21:01 AM GMT+5:30 [Modules] Streaming discord_krisp@1 to /home/ithihas/.config/discord/0.0.82/modules/pending/discord_krisp-1.zip: 100%
2/1/2025, 10:21:01 AM GMT+5:30 [Modules] Fetching discord_game_utils@1 from https://discord.com/api/modules/stable/discord_game_utils/1
2/1/2025, 10:21:01 AM GMT+5:30 [Modules] Streaming discord_game_utils@1 to /home/ithihas/.config/discord/0.0.82/modules/pending/discord_game_utils-1.zip
2/1/2025, 10:21:01 AM GMT+5:30 [Modules] Installing discord_krisp@1 from /home/ithihas/.config/discord/0.0.82/modules/pending/discord_krisp-1.zip
2/1/2025, 10:21:01 AM GMT+5:30 [Modules] Starting to install discord_rpc...
2/1/2025, 10:21:01 AM GMT+5:30 [Modules] Host is up to date.
2/1/2025, 10:21:01 AM GMT+5:30 [Modules] Checking for module updates at https://discord.com/api/modules/stable/versions.json
2/1/2025, 10:21:01 AM GMT+5:30 [Modules] No module updates available.
2/1/2025, 10:21:01 AM GMT+5:30 [Modules] Streaming discord_game_utils@1 to /home/ithihas/.config/discord/0.0.82/modules/pending/discord_game_utils-1.zip: 27%
2/1/2025, 10:21:01 AM GMT+5:30 [Modules] Streaming discord_game_utils@1 to /home/ithihas/.config/discord/0.0.82/modules/pending/discord_game_utils-1.zip: 41%
2/1/2025, 10:21:01 AM GMT+5:30 [Modules] Streaming discord_game_utils@1 to /home/ithihas/.config/discord/0.0.82/modules/pending/discord_game_utils-1.zip: 51%
2/1/2025, 10:21:02 AM GMT+5:30 [Modules] Streaming discord_game_utils@1 to /home/ithihas/.config/discord/0.0.82/modules/pending/discord_game_utils-1.zip: 54%
2/1/2025, 10:21:02 AM GMT+5:30 [Modules] Streaming discord_game_utils@1 to /home/ithihas/.config/discord/0.0.82/modules/pending/discord_game_utils-1.zip: 64%
2/1/2025, 10:21:02 AM GMT+5:30 [Modules] Streaming discord_game_utils@1 to /home/ithihas/.config/discord/0.0.82/modules/pending/discord_game_utils-1.zip: 68%
2/1/2025, 10:21:02 AM GMT+5:30 [Modules] Streaming discord_game_utils@1 to /home/ithihas/.config/discord/0.0.82/modules/pending/discord_game_utils-1.zip: 71%
2/1/2025, 10:21:02 AM GMT+5:30 [Modules] Streaming discord_game_utils@1 to /home/ithihas/.config/discord/0.0.82/modules/pending/discord_game_utils-1.zip: 73%
2/1/2025, 10:21:02 AM GMT+5:30 [Modules] Streaming discord_game_utils@1 to /home/ithihas/.config/discord/0.0.82/modules/pending/discord_game_utils-1.zip: 75%
2/1/2025, 10:21:02 AM GMT+5:30 [Modules] Streaming discord_game_utils@1 to /home/ithihas/.config/discord/0.0.82/modules/pending/discord_game_utils-1.zip: 77%
2/1/2025, 10:21:02 AM GMT+5:30 [Modules] Streaming discord_game_utils@1 to /home/ithihas/.config/discord/0.0.82/modules/pending/discord_game_utils-1.zip: 82%
2/1/2025, 10:21:02 AM GMT+5:30 [Modules] Streaming discord_game_utils@1 to /home/ithihas/.config/discord/0.0.82/modules/pending/discord_game_utils-1.zip: 87%
2/1/2025, 10:21:02 AM GMT+5:30 [Modules] Streaming discord_game_utils@1 to /home/ithihas/.config/discord/0.0.82/modules/pending/discord_game_utils-1.zip: 91%
2/1/2025, 10:21:02 AM GMT+5:30 [Modules] Streaming discord_game_utils@1 to /home/ithihas/.config/discord/0.0.82/modules/pending/discord_game_utils-1.zip: 96%
2/1/2025, 10:21:02 AM GMT+5:30 [Modules] Streaming discord_game_utils@1 to /home/ithihas/.config/discord/0.0.82/modules/pending/discord_game_utils-1.zip: 100%
2/1/2025, 10:21:02 AM GMT+5:30 [Modules] Fetching discord_rpc@1 from https://discord.com/api/modules/stable/discord_rpc/1
2/1/2025, 10:21:02 AM GMT+5:30 [Modules] Streaming discord_rpc@1 to /home/ithihas/.config/discord/0.0.82/modules/pending/discord_rpc-1.zip
2/1/2025, 10:21:02 AM GMT+5:30 [Modules] Streaming discord_rpc@1 to /home/ithihas/.config/discord/0.0.82/modules/pending/discord_rpc-1.zip: 100%
2/1/2025, 10:21:02 AM GMT+5:30 [Modules] Finished module downloads. [success: 3] [failure: 0]
2/1/2025, 10:21:03 AM GMT+5:30 [Modules] Installing discord_game_utils@1 from /home/ithihas/.config/discord/0.0.82/modules/pending/discord_game_utils-1.zip
2/1/2025, 10:21:03 AM GMT+5:30 [Modules] Installing discord_rpc@1 from /home/ithihas/.config/discord/0.0.82/modules/pending/discord_rpc-1.zip
2/1/2025, 10:21:03 AM GMT+5:30 [Modules] Finished module installations. [success: 3] [failure: 0]
2/1/2025, 11:21:01 AM GMT+5:30 [Modules] Checking for host updates.
2/1/2025, 11:21:01 AM GMT+5:30 [Modules] Host is up to date.
2/1/2025, 11:21:01 AM GMT+5:30 [Modules] Checking for module updates at https://discord.com/api/modules/stable/versions.json
2/1/2025, 11:21:01 AM GMT+5:30 [Modules] No module updates available.
2/1/2025, 12:21:01 PM GMT+5:30 [Modules] Checking for host updates.
2/1/2025, 12:21:01 PM GMT+5:30 [Modules] Host is up to date.
2/1/2025, 12:21:01 PM GMT+5:30 [Modules] Checking for module updates at https://discord.com/api/modules/stable/versions.json
2/1/2025, 12:21:01 PM GMT+5:30 [Modules] No module updates available.
2/1/2025, 1:21:01 PM GMT+5:30 [Modules] Checking for host updates.
2/1/2025, 1:21:01 PM GMT+5:30 [Modules] Host is up to date.
2/1/2025, 1:21:01 PM GMT+5:30 [Modules] Checking for module updates at https://discord.com/api/modules/stable/versions.json
2/1/2025, 1:21:01 PM GMT+5:30 [Modules] No module updates available.
2/1/2025, 2:21:01 PM GMT+5:30 [Modules] Checking for host updates.
2/1/2025, 2:21:01 PM GMT+5:30 [Modules] Host is up to date.
2/1/2025, 2:21:01 PM GMT+5:30 [Modules] Checking for module updates at https://discord.com/api/modules/stable/versions.json
2/1/2025, 2:21:01 PM GMT+5:30 [Modules] No module updates available.
2/1/2025, 3:21:01 PM GMT+5:30 [Modules] Checking for host updates.
2/1/2025, 3:21:01 PM GMT+5:30 [Modules] Host is up to date.
2/1/2025, 3:21:01 PM GMT+5:30 [Modules] Checking for module updates at https://discord.com/api/modules/stable/versions.json
2/1/2025, 3:21:01 PM GMT+5:30 [Modules] No module updates available.
2/1/2025, 4:21:01 PM GMT+5:30 [Modules] Checking for host updates.
2/1/2025, 4:21:01 PM GMT+5:30 [Modules] Host is up to date.
2/1/2025, 4:21:01 PM GMT+5:30 [Modules] Checking for module updates at https://discord.com/api/modules/stable/versions.json
2/1/2025, 4:21:01 PM GMT+5:30 [Modules] No module updates available.
2/3/2025, 9:09:00 AM GMT+5:30 [Modules] Modules initializing
2/3/2025, 9:09:00 AM GMT+5:30 [Modules] Distribution: remote
2/3/2025, 9:09:00 AM GMT+5:30 [Modules] Host updates: enabled
2/3/2025, 9:09:00 AM GMT+5:30 [Modules] Module updates: enabled
2/3/2025, 9:09:00 AM GMT+5:30 [Modules] Module install path: /home/ithihas/.config/discord/0.0.82/modules
2/3/2025, 9:09:00 AM GMT+5:30 [Modules] Module installed file path: /home/ithihas/.config/discord/0.0.82/modules/installed.json
2/3/2025, 9:09:00 AM GMT+5:30 [Modules] Module download path: /home/ithihas/.config/discord/0.0.82/modules/pending
2/3/2025, 9:09:01 AM GMT+5:30 [Modules] No updates to install
2/3/2025, 9:09:01 AM GMT+5:30 [Modules] Checking for host updates.
2/3/2025, 9:09:01 AM GMT+5:30 [Modules] Host is up to date.
2/3/2025, 9:09:01 AM GMT+5:30 [Modules] Checking for module updates at https://discord.com/api/modules/stable/versions.json
2/3/2025, 9:09:01 AM GMT+5:30 [Modules] No module updates available.
2/3/2025, 9:09:07 AM GMT+5:30 [Modules] Checking for host updates.
2/3/2025, 9:09:08 AM GMT+5:30 [Modules] Host is up to date.
2/3/2025, 9:09:08 AM GMT+5:30 [Modules] Checking for module updates at https://discord.com/api/modules/stable/versions.json
2/3/2025, 9:09:08 AM GMT+5:30 [Modules] No module updates available.
2/3/2025, 10:09:07 AM GMT+5:30 [Modules] Checking for host updates.
2/3/2025, 10:09:08 AM GMT+5:30 [Modules] Host is up to date.
2/3/2025, 10:09:08 AM GMT+5:30 [Modules] Checking for module updates at https://discord.com/api/modules/stable/versions.json
2/3/2025, 10:09:08 AM GMT+5:30 [Modules] No module updates available.
2/4/2025, 8:21:13 AM GMT+5:30 [Modules] Modules initializing
2/4/2025, 8:21:13 AM GMT+5:30 [Modules] Distribution: remote
2/4/2025, 8:21:13 AM GMT+5:30 [Modules] Host updates: enabled
2/4/2025, 8:21:13 AM GMT+5:30 [Modules] Module updates: enabled
2/4/2025, 8:21:13 AM GMT+5:30 [Modules] Module install path: /home/ithihas/.config/discord/0.0.82/modules
2/4/2025, 8:21:13 AM GMT+5:30 [Modules] Module installed file path: /home/ithihas/.config/discord/0.0.82/modules/installed.json
2/4/2025, 8:21:13 AM GMT+5:30 [Modules] Module download path: /home/ithihas/.config/discord/0.0.82/modules/pending
2/4/2025, 8:21:14 AM GMT+5:30 [Modules] No updates to install
2/4/2025, 8:21:14 AM GMT+5:30 [Modules] Checking for host updates.
2/4/2025, 8:21:14 AM GMT+5:30 [Modules] Host update is available. Manual update required!
2/4/2025, 9:21:54 AM GMT+5:30 [Modules] Modules initializing
2/4/2025, 9:21:54 AM GMT+5:30 [Modules] Distribution: remote
2/4/2025, 9:21:54 AM GMT+5:30 [Modules] Host updates: enabled
2/4/2025, 9:21:54 AM GMT+5:30 [Modules] Module updates: enabled
2/4/2025, 9:21:54 AM GMT+5:30 [Modules] Module install path: /home/ithihas/.config/discord/0.0.83/modules
2/4/2025, 9:21:55 AM GMT+5:30 [Modules] Module installed file path: /home/ithihas/.config/discord/0.0.83/modules/installed.json
2/4/2025, 9:21:55 AM GMT+5:30 [Modules] Module download path: /home/ithihas/.config/discord/0.0.83/modules/pending
2/4/2025, 9:21:56 AM GMT+5:30 [Modules] Bootstrapping...
2/4/2025, 9:21:56 AM GMT+5:30 [Modules] Installing discord_desktop_core@0 from /opt/discord/resources/bootstrap/discord_desktop_core.zip
2/4/2025, 9:21:56 AM GMT+5:30 [Modules] Failed installing discord_desktop_core@0: Error: ENOENT: no such file or directory, open '/opt/discord/resources/bootstrap/discord_desktop_core.zip'
2/4/2025, 9:21:56 AM GMT+5:30 [Modules] Installing discord_erlpack@0 from /opt/discord/resources/bootstrap/discord_erlpack.zip
2/4/2025, 9:21:56 AM GMT+5:30 [Modules] Failed installing discord_erlpack@0: Error: ENOENT: no such file or directory, open '/opt/discord/resources/bootstrap/discord_erlpack.zip'
2/4/2025, 9:21:56 AM GMT+5:30 [Modules] Installing discord_spellcheck@0 from /opt/discord/resources/bootstrap/discord_spellcheck.zip
2/4/2025, 9:21:56 AM GMT+5:30 [Modules] Failed installing discord_spellcheck@0: Error: ENOENT: no such file or directory, open '/opt/discord/resources/bootstrap/discord_spellcheck.zip'
2/4/2025, 9:21:56 AM GMT+5:30 [Modules] Installing discord_utils@0 from /opt/discord/resources/bootstrap/discord_utils.zip
2/4/2025, 9:21:56 AM GMT+5:30 [Modules] Failed installing discord_utils@0: Error: ENOENT: no such file or directory, open '/opt/discord/resources/bootstrap/discord_utils.zip'
2/4/2025, 9:21:56 AM GMT+5:30 [Modules] Installing discord_voice@0 from /opt/discord/resources/bootstrap/discord_voice.zip
2/4/2025, 9:21:56 AM GMT+5:30 [Modules] Failed installing discord_voice@0: Error: ENOENT: no such file or directory, open '/opt/discord/resources/bootstrap/discord_voice.zip'
2/4/2025, 9:21:56 AM GMT+5:30 [Modules] Installing discord_zstd@0 from /opt/discord/resources/bootstrap/discord_zstd.zip
2/4/2025, 9:21:56 AM GMT+5:30 [Modules] Failed installing discord_zstd@0: Error: ENOENT: no such file or directory, open '/opt/discord/resources/bootstrap/discord_zstd.zip'
2/4/2025, 9:21:56 AM GMT+5:30 [Modules] Finished module installations. [success: 0] [failure: 6]
2/4/2025, 9:21:56 AM GMT+5:30 [Modules] Checking for host updates.
2/4/2025, 9:21:57 AM GMT+5:30 [Modules] Host is up to date.
2/4/2025, 9:21:57 AM GMT+5:30 [Modules] Checking for module updates at https://discord.com/api/modules/stable/versions.json
2/4/2025, 9:21:57 AM GMT+5:30 [Modules] Module update available: discord_desktop_core@1 [installed: 0]
2/4/2025, 9:21:57 AM GMT+5:30 [Modules] Module update available: discord_erlpack@1 [installed: 0]
2/4/2025, 9:21:57 AM GMT+5:30 [Modules] Module update available: discord_spellcheck@1 [installed: 0]
2/4/2025, 9:21:57 AM GMT+5:30 [Modules] Module update available: discord_utils@1 [installed: 0]
2/4/2025, 9:21:57 AM GMT+5:30 [Modules] Module update available: discord_voice@1 [installed: 0]
2/4/2025, 9:21:57 AM GMT+5:30 [Modules] Module update available: discord_zstd@1 [installed: 0]
2/4/2025, 9:21:57 AM GMT+5:30 [Modules] Fetching discord_desktop_core@1 from https://discord.com/api/modules/stable/discord_desktop_core/1
2/4/2025, 9:21:57 AM GMT+5:30 [Modules] Streaming discord_desktop_core@1 to /home/ithihas/.config/discord/0.0.83/modules/pending/discord_desktop_core-1.zip
2/4/2025, 9:21:57 AM GMT+5:30 [Modules] Streaming discord_desktop_core@1 to /home/ithihas/.config/discord/0.0.83/modules/pending/discord_desktop_core-1.zip: 1%
2/4/2025, 9:21:57 AM GMT+5:30 [Modules] Streaming discord_desktop_core@1 to /home/ithihas/.config/discord/0.0.83/modules/pending/discord_desktop_core-1.zip: 2%
2/4/2025, 9:21:57 AM GMT+5:30 [Modules] Streaming discord_desktop_core@1 to /home/ithihas/.config/discord/0.0.83/modules/pending/discord_desktop_core-1.zip: 4%
2/4/2025, 9:21:57 AM GMT+5:30 [Modules] Streaming discord_desktop_core@1 to /home/ithihas/.config/discord/0.0.83/modules/pending/discord_desktop_core-1.zip: 5%
2/4/2025, 9:21:57 AM GMT+5:30 [Modules] Streaming discord_desktop_core@1 to /home/ithihas/.config/discord/0.0.83/modules/pending/discord_desktop_core-1.zip: 7%
2/4/2025, 9:21:57 AM GMT+5:30 [Modules] Streaming discord_desktop_core@1 to /home/ithihas/.config/discord/0.0.83/modules/pending/discord_desktop_core-1.zip: 8%
2/4/2025, 9:21:57 AM GMT+5:30 [Modules] Streaming discord_desktop_core@1 to /home/ithihas/.config/discord/0.0.83/modules/pending/discord_desktop_core-1.zip: 11%
2/4/2025, 9:21:57 AM GMT+5:30 [Modules] Streaming discord_desktop_core@1 to /home/ithihas/.config/discord/0.0.83/modules/pending/discord_desktop_core-1.zip: 12%
2/4/2025, 9:21:57 AM GMT+5:30 [Modules] Streaming discord_desktop_core@1 to /home/ithihas/.config/discord/0.0.83/modules/pending/discord_desktop_core-1.zip: 13%
2/4/2025, 9:21:57 AM GMT+5:30 [Modules] Streaming discord_desktop_core@1 to /home/ithihas/.config/discord/0.0.83/modules/pending/discord_desktop_core-1.zip: 14%
2/4/2025, 9:21:57 AM GMT+5:30 [Modules] Streaming discord_desktop_core@1 to /home/ithihas/.config/discord/0.0.83/modules/pending/discord_desktop_core-1.zip: 15%
2/4/2025, 9:21:57 AM GMT+5:30 [Modules] Streaming discord_desktop_core@1 to /home/ithihas/.config/discord/0.0.83/modules/pending/discord_desktop_core-1.zip: 18%
2/4/2025, 9:21:57 AM GMT+5:30 [Modules] Streaming discord_desktop_core@1 to /home/ithihas/.config/discord/0.0.83/modules/pending/discord_desktop_core-1.zip: 19%
2/4/2025, 9:21:57 AM GMT+5:30 [Modules] Streaming discord_desktop_core@1 to /home/ithihas/.config/discord/0.0.83/modules/pending/discord_desktop_core-1.zip: 20%
2/4/2025, 9:21:57 AM GMT+5:30 [Modules] Streaming discord_desktop_core@1 to /home/ithihas/.config/discord/0.0.83/modules/pending/discord_desktop_core-1.zip: 23%
2/4/2025, 9:21:57 AM GMT+5:30 [Modules] Streaming discord_desktop_core@1 to /home/ithihas/.config/discord/0.0.83/modules/pending/discord_desktop_core-1.zip: 25%
2/4/2025, 9:21:57 AM GMT+5:30 [Modules] Streaming discord_desktop_core@1 to /home/ithihas/.config/discord/0.0.83/modules/pending/discord_desktop_core-1.zip: 26%
2/4/2025, 9:21:57 AM GMT+5:30 [Modules] Streaming discord_desktop_core@1 to /home/ithihas/.config/discord/0.0.83/modules/pending/discord_desktop_core-1.zip: 28%
2/4/2025, 9:21:57 AM GMT+5:30 [Modules] Streaming discord_desktop_core@1 to /home/ithihas/.config/discord/0.0.83/modules/pending/discord_desktop_core-1.zip: 30%
2/4/2025, 9:21:57 AM GMT+5:30 [Modules] Streaming discord_desktop_core@1 to /home/ithihas/.config/discord/0.0.83/modules/pending/discord_desktop_core-1.zip: 33%
2/4/2025, 9:21:57 AM GMT+5:30 [Modules] Streaming discord_desktop_core@1 to /home/ithihas/.config/discord/0.0.83/modules/pending/discord_desktop_core-1.zip: 35%
2/4/2025, 9:21:57 AM GMT+5:30 [Modules] Streaming discord_desktop_core@1 to /home/ithihas/.config/discord/0.0.83/modules/pending/discord_desktop_core-1.zip: 38%
2/4/2025, 9:21:57 AM GMT+5:30 [Modules] Streaming discord_desktop_core@1 to /home/ithihas/.config/discord/0.0.83/modules/pending/discord_desktop_core-1.zip: 41%
2/4/2025, 9:21:57 AM GMT+5:30 [Modules] Streaming discord_desktop_core@1 to /home/ithihas/.config/discord/0.0.83/modules/pending/discord_desktop_core-1.zip: 42%
2/4/2025, 9:21:57 AM GMT+5:30 [Modules] Streaming discord_desktop_core@1 to /home/ithihas/.config/discord/0.0.83/modules/pending/discord_desktop_core-1.zip: 45%
2/4/2025, 9:21:57 AM GMT+5:30 [Modules] Streaming discord_desktop_core@1 to /home/ithihas/.config/discord/0.0.83/modules/pending/discord_desktop_core-1.zip: 47%
2/4/2025, 9:21:57 AM GMT+5:30 [Modules] Streaming discord_desktop_core@1 to /home/ithihas/.config/discord/0.0.83/modules/pending/discord_desktop_core-1.zip: 48%
2/4/2025, 9:21:57 AM GMT+5:30 [Modules] Streaming discord_desktop_core@1 to /home/ithihas/.config/discord/0.0.83/modules/pending/discord_desktop_core-1.zip: 52%
2/4/2025, 9:21:57 AM GMT+5:30 [Modules] Streaming discord_desktop_core@1 to /home/ithihas/.config/discord/0.0.83/modules/pending/discord_desktop_core-1.zip: 53%
2/4/2025, 9:21:57 AM GMT+5:30 [Modules] Streaming discord_desktop_core@1 to /home/ithihas/.config/discord/0.0.83/modules/pending/discord_desktop_core-1.zip: 54%
2/4/2025, 9:21:57 AM GMT+5:30 [Modules] Streaming discord_desktop_core@1 to /home/ithihas/.config/discord/0.0.83/modules/pending/discord_desktop_core-1.zip: 55%
2/4/2025, 9:21:57 AM GMT+5:30 [Modules] Streaming discord_desktop_core@1 to /home/ithihas/.config/discord/0.0.83/modules/pending/discord_desktop_core-1.zip: 58%
2/4/2025, 9:21:57 AM GMT+5:30 [Modules] Streaming discord_desktop_core@1 to /home/ithihas/.config/discord/0.0.83/modules/pending/discord_desktop_core-1.zip: 60%
2/4/2025, 9:21:57 AM GMT+5:30 [Modules] Streaming discord_desktop_core@1 to /home/ithihas/.config/discord/0.0.83/modules/pending/discord_desktop_core-1.zip: 63%
2/4/2025, 9:21:57 AM GMT+5:30 [Modules] Streaming discord_desktop_core@1 to /home/ithihas/.config/discord/0.0.83/modules/pending/discord_desktop_core-1.zip: 66%
2/4/2025, 9:21:57 AM GMT+5:30 [Modules] Streaming discord_desktop_core@1 to /home/ithihas/.config/discord/0.0.83/modules/pending/discord_desktop_core-1.zip: 67%
2/4/2025, 9:21:57 AM GMT+5:30 [Modules] Streaming discord_desktop_core@1 to /home/ithihas/.config/discord/0.0.83/modules/pending/discord_desktop_core-1.zip: 68%
2/4/2025, 9:21:57 AM GMT+5:30 [Modules] Streaming discord_desktop_core@1 to /home/ithihas/.config/discord/0.0.83/modules/pending/discord_desktop_core-1.zip: 69%
2/4/2025, 9:21:57 AM GMT+5:30 [Modules] Streaming discord_desktop_core@1 to /home/ithihas/.config/discord/0.0.83/modules/pending/discord_desktop_core-1.zip: 72%
2/4/2025, 9:21:57 AM GMT+5:30 [Modules] Streaming discord_desktop_core@1 to /home/ithihas/.config/discord/0.0.83/modules/pending/discord_desktop_core-1.zip: 76%
2/4/2025, 9:21:57 AM GMT+5:30 [Modules] Streaming discord_desktop_core@1 to /home/ithihas/.config/discord/0.0.83/modules/pending/discord_desktop_core-1.zip: 78%
2/4/2025, 9:21:57 AM GMT+5:30 [Modules] Streaming discord_desktop_core@1 to /home/ithihas/.config/discord/0.0.83/modules/pending/discord_desktop_core-1.zip: 79%
2/4/2025, 9:21:57 AM GMT+5:30 [Modules] Streaming discord_desktop_core@1 to /home/ithihas/.config/discord/0.0.83/modules/pending/discord_desktop_core-1.zip: 80%
2/4/2025, 9:21:57 AM GMT+5:30 [Modules] Streaming discord_desktop_core@1 to /home/ithihas/.config/discord/0.0.83/modules/pending/discord_desktop_core-1.zip: 81%
2/4/2025, 9:21:57 AM GMT+5:30 [Modules] Streaming discord_desktop_core@1 to /home/ithihas/.config/discord/0.0.83/modules/pending/discord_desktop_core-1.zip: 83%
2/4/2025, 9:21:57 AM GMT+5:30 [Modules] Streaming discord_desktop_core@1 to /home/ithihas/.config/discord/0.0.83/modules/pending/discord_desktop_core-1.zip: 87%
2/4/2025, 9:21:57 AM GMT+5:30 [Modules] Streaming discord_desktop_core@1 to /home/ithihas/.config/discord/0.0.83/modules/pending/discord_desktop_core-1.zip: 89%
2/4/2025, 9:21:58 AM GMT+5:30 [Modules] Streaming discord_desktop_core@1 to /home/ithihas/.config/discord/0.0.83/modules/pending/discord_desktop_core-1.zip: 90%
2/4/2025, 9:21:58 AM GMT+5:30 [Modules] Streaming discord_desktop_core@1 to /home/ithihas/.config/discord/0.0.83/modules/pending/discord_desktop_core-1.zip: 92%
2/4/2025, 9:21:58 AM GMT+5:30 [Modules] Streaming discord_desktop_core@1 to /home/ithihas/.config/discord/0.0.83/modules/pending/discord_desktop_core-1.zip: 94%
2/4/2025, 9:21:58 AM GMT+5:30 [Modules] Streaming discord_desktop_core@1 to /home/ithihas/.config/discord/0.0.83/modules/pending/discord_desktop_core-1.zip: 98%
2/4/2025, 9:21:58 AM GMT+5:30 [Modules] Streaming discord_desktop_core@1 to /home/ithihas/.config/discord/0.0.83/modules/pending/discord_desktop_core-1.zip: 100%
2/4/2025, 9:21:58 AM GMT+5:30 [Modules] Fetching discord_erlpack@1 from https://discord.com/api/modules/stable/discord_erlpack/1
2/4/2025, 9:21:58 AM GMT+5:30 [Modules] Streaming discord_erlpack@1 to /home/ithihas/.config/discord/0.0.83/modules/pending/discord_erlpack-1.zip
2/4/2025, 9:21:58 AM GMT+5:30 [Modules] Streaming discord_erlpack@1 to /home/ithihas/.config/discord/0.0.83/modules/pending/discord_erlpack-1.zip: 2%
2/4/2025, 9:21:58 AM GMT+5:30 [Modules] Streaming discord_erlpack@1 to /home/ithihas/.config/discord/0.0.83/modules/pending/discord_erlpack-1.zip: 3%
2/4/2025, 9:21:58 AM GMT+5:30 [Modules] Streaming discord_erlpack@1 to /home/ithihas/.config/discord/0.0.83/modules/pending/discord_erlpack-1.zip: 5%
2/4/2025, 9:21:58 AM GMT+5:30 [Modules] Streaming discord_erlpack@1 to /home/ithihas/.config/discord/0.0.83/modules/pending/discord_erlpack-1.zip: 7%
2/4/2025, 9:21:58 AM GMT+5:30 [Modules] Streaming discord_erlpack@1 to /home/ithihas/.config/discord/0.0.83/modules/pending/discord_erlpack-1.zip: 9%
2/4/2025, 9:21:58 AM GMT+5:30 [Modules] Streaming discord_erlpack@1 to /home/ithihas/.config/discord/0.0.83/modules/pending/discord_erlpack-1.zip: 11%
2/4/2025, 9:21:58 AM GMT+5:30 [Modules] Streaming discord_erlpack@1 to /home/ithihas/.config/discord/0.0.83/modules/pending/discord_erlpack-1.zip: 12%
2/4/2025, 9:21:58 AM GMT+5:30 [Modules] Streaming discord_erlpack@1 to /home/ithihas/.config/discord/0.0.83/modules/pending/discord_erlpack-1.zip: 14%
2/4/2025, 9:21:58 AM GMT+5:30 [Modules] Streaming discord_erlpack@1 to /home/ithihas/.config/discord/0.0.83/modules/pending/discord_erlpack-1.zip: 16%
2/4/2025, 9:21:58 AM GMT+5:30 [Modules] Streaming discord_erlpack@1 to /home/ithihas/.config/discord/0.0.83/modules/pending/discord_erlpack-1.zip: 17%
2/4/2025, 9:21:58 AM GMT+5:30 [Modules] Streaming discord_erlpack@1 to /home/ithihas/.config/discord/0.0.83/modules/pending/discord_erlpack-1.zip: 18%
2/4/2025, 9:21:58 AM GMT+5:30 [Modules] Streaming discord_erlpack@1 to /home/ithihas/.config/discord/0.0.83/modules/pending/discord_erlpack-1.zip: 20%
2/4/2025, 9:21:58 AM GMT+5:30 [Modules] Streaming discord_erlpack@1 to /home/ithihas/.config/discord/0.0.83/modules/pending/discord_erlpack-1.zip: 21%
2/4/2025, 9:21:58 AM GMT+5:30 [Modules] Streaming discord_erlpack@1 to /home/ithihas/.config/discord/0.0.83/modules/pending/discord_erlpack-1.zip: 23%
2/4/2025, 9:21:58 AM GMT+5:30 [Modules] Streaming discord_erlpack@1 to /home/ithihas/.config/discord/0.0.83/modules/pending/discord_erlpack-1.zip: 25%
2/4/2025, 9:21:58 AM GMT+5:30 [Modules] Streaming discord_erlpack@1 to /home/ithihas/.config/discord/0.0.83/modules/pending/discord_erlpack-1.zip: 27%
2/4/2025, 9:21:58 AM GMT+5:30 [Modules] Streaming discord_erlpack@1 to /home/ithihas/.config/discord/0.0.83/modules/pending/discord_erlpack-1.zip: 28%
2/4/2025, 9:21:58 AM GMT+5:30 [Modules] Streaming discord_erlpack@1 to /home/ithihas/.config/discord/0.0.83/modules/pending/discord_erlpack-1.zip: 29%
2/4/2025, 9:21:58 AM GMT+5:30 [Modules] Streaming discord_erlpack@1 to /home/ithihas/.config/discord/0.0.83/modules/pending/discord_erlpack-1.zip: 30%
2/4/2025, 9:21:58 AM GMT+5:30 [Modules] Streaming discord_erlpack@1 to /home/ithihas/.config/discord/0.0.83/modules/pending/discord_erlpack-1.zip: 32%
2/4/2025, 9:21:58 AM GMT+5:30 [Modules] Streaming discord_erlpack@1 to /home/ithihas/.config/discord/0.0.83/modules/pending/discord_erlpack-1.zip: 33%
2/4/2025, 9:21:58 AM GMT+5:30 [Modules] Streaming discord_erlpack@1 to /home/ithihas/.config/discord/0.0.83/modules/pending/discord_erlpack-1.zip: 36%
2/4/2025, 9:21:58 AM GMT+5:30 [Modules] Streaming discord_erlpack@1 to /home/ithihas/.config/discord/0.0.83/modules/pending/discord_erlpack-1.zip: 37%
2/4/2025, 9:21:58 AM GMT+5:30 [Modules] Streaming discord_erlpack@1 to /home/ithihas/.config/discord/0.0.83/modules/pending/discord_erlpack-1.zip: 39%
2/4/2025, 9:21:58 AM GMT+5:30 [Modules] Streaming discord_erlpack@1 to /home/ithihas/.config/discord/0.0.83/modules/pending/discord_erlpack-1.zip: 40%
2/4/2025, 9:21:58 AM GMT+5:30 [Modules] Streaming discord_erlpack@1 to /home/ithihas/.config/discord/0.0.83/modules/pending/discord_erlpack-1.zip: 43%
2/4/2025, 9:21:58 AM GMT+5:30 [Modules] Streaming discord_erlpack@1 to /home/ithihas/.config/discord/0.0.83/modules/pending/discord_erlpack-1.zip: 44%
2/4/2025, 9:21:58 AM GMT+5:30 [Modules] Streaming discord_erlpack@1 to /home/ithihas/.config/discord/0.0.83/modules/pending/discord_erlpack-1.zip: 46%
2/4/2025, 9:21:58 AM GMT+5:30 [Modules] Streaming discord_erlpack@1 to /home/ithihas/.config/discord/0.0.83/modules/pending/discord_erlpack-1.zip: 47%
2/4/2025, 9:21:58 AM GMT+5:30 [Modules] Streaming discord_erlpack@1 to /home/ithihas/.config/discord/0.0.83/modules/pending/discord_erlpack-1.zip: 49%
2/4/2025, 9:21:58 AM GMT+5:30 [Modules] Streaming discord_erlpack@1 to /home/ithihas/.config/discord/0.0.83/modules/pending/discord_erlpack-1.zip: 50%
2/4/2025, 9:21:58 AM GMT+5:30 [Modules] Streaming discord_erlpack@1 to /home/ithihas/.config/discord/0.0.83/modules/pending/discord_erlpack-1.zip: 51%
2/4/2025, 9:21:58 AM GMT+5:30 [Modules] Streaming discord_erlpack@1 to /home/ithihas/.config/discord/0.0.83/modules/pending/discord_erlpack-1.zip: 52%
2/4/2025, 9:21:58 AM GMT+5:30 [Modules] Streaming discord_erlpack@1 to /home/ithihas/.config/discord/0.0.83/modules/pending/discord_erlpack-1.zip: 53%
2/4/2025, 9:21:58 AM GMT+5:30 [Modules] Streaming discord_erlpack@1 to /home/ithihas/.config/discord/0.0.83/modules/pending/discord_erlpack-1.zip: 55%
2/4/2025, 9:21:58 AM GMT+5:30 [Modules] Streaming discord_erlpack@1 to /home/ithihas/.config/discord/0.0.83/modules/pending/discord_erlpack-1.zip: 57%
2/4/2025, 9:21:58 AM GMT+5:30 [Modules] Streaming discord_erlpack@1 to /home/ithihas/.config/discord/0.0.83/modules/pending/discord_erlpack-1.zip: 58%
2/4/2025, 9:21:58 AM GMT+5:30 [Modules] Streaming discord_erlpack@1 to /home/ithihas/.config/discord/0.0.83/modules/pending/discord_erlpack-1.zip: 59%
2/4/2025, 9:21:58 AM GMT+5:30 [Modules] Streaming discord_erlpack@1 to /home/ithihas/.config/discord/0.0.83/modules/pending/discord_erlpack-1.zip: 60%
2/4/2025, 9:21:58 AM GMT+5:30 [Modules] Streaming discord_erlpack@1 to /home/ithihas/.config/discord/0.0.83/modules/pending/discord_erlpack-1.zip: 61%
2/4/2025, 9:21:58 AM GMT+5:30 [Modules] Streaming discord_erlpack@1 to /home/ithihas/.config/discord/0.0.83/modules/pending/discord_erlpack-1.zip: 62%
2/4/2025, 9:21:58 AM GMT+5:30 [Modules] Streaming discord_erlpack@1 to /home/ithihas/.config/discord/0.0.83/modules/pending/discord_erlpack-1.zip: 63%
2/4/2025, 9:21:58 AM GMT+5:30 [Modules] Streaming discord_erlpack@1 to /home/ithihas/.config/discord/0.0.83/modules/pending/discord_erlpack-1.zip: 64%
2/4/2025, 9:21:58 AM GMT+5:30 [Modules] Streaming discord_erlpack@1 to /home/ithihas/.config/discord/0.0.83/modules/pending/discord_erlpack-1.zip: 66%
2/4/2025, 9:21:58 AM GMT+5:30 [Modules] Streaming discord_erlpack@1 to /home/ithihas/.config/discord/0.0.83/modules/pending/discord_erlpack-1.zip: 67%
2/4/2025, 9:21:58 AM GMT+5:30 [Modules] Streaming discord_erlpack@1 to /home/ithihas/.config/discord/0.0.83/modules/pending/discord_erlpack-1.zip: 70%
2/4/2025, 9:21:58 AM GMT+5:30 [Modules] Streaming discord_erlpack@1 to /home/ithihas/.config/discord/0.0.83/modules/pending/discord_erlpack-1.zip: 72%
2/4/2025, 9:21:58 AM GMT+5:30 [Modules] Streaming discord_erlpack@1 to /home/ithihas/.config/discord/0.0.83/modules/pending/discord_erlpack-1.zip: 74%
2/4/2025, 9:21:58 AM GMT+5:30 [Modules] Streaming discord_erlpack@1 to /home/ithihas/.config/discord/0.0.83/modules/pending/discord_erlpack-1.zip: 76%
2/4/2025, 9:21:58 AM GMT+5:30 [Modules] Streaming discord_erlpack@1 to /home/ithihas/.config/discord/0.0.83/modules/pending/discord_erlpack-1.zip: 77%
2/4/2025, 9:21:58 AM GMT+5:30 [Modules] Streaming discord_erlpack@1 to /home/ithihas/.config/discord/0.0.83/modules/pending/discord_erlpack-1.zip: 80%
2/4/2025, 9:21:58 AM GMT+5:30 [Modules] Streaming discord_erlpack@1 to /home/ithihas/.config/discord/0.0.83/modules/pending/discord_erlpack-1.zip: 81%
2/4/2025, 9:21:58 AM GMT+5:30 [Modules] Streaming discord_erlpack@1 to /home/ithihas/.config/discord/0.0.83/modules/pending/discord_erlpack-1.zip: 83%
2/4/2025, 9:21:58 AM GMT+5:30 [Modules] Streaming discord_erlpack@1 to /home/ithihas/.config/discord/0.0.83/modules/pending/discord_erlpack-1.zip: 87%
2/4/2025, 9:21:58 AM GMT+5:30 [Modules] Streaming discord_erlpack@1 to /home/ithihas/.config/discord/0.0.83/modules/pending/discord_erlpack-1.zip: 90%
2/4/2025, 9:21:58 AM GMT+5:30 [Modules] Streaming discord_erlpack@1 to /home/ithihas/.config/discord/0.0.83/modules/pending/discord_erlpack-1.zip: 92%
2/4/2025, 9:21:58 AM GMT+5:30 [Modules] Streaming discord_erlpack@1 to /home/ithihas/.config/discord/0.0.83/modules/pending/discord_erlpack-1.zip: 94%
2/4/2025, 9:21:58 AM GMT+5:30 [Modules] Streaming discord_erlpack@1 to /home/ithihas/.config/discord/0.0.83/modules/pending/discord_erlpack-1.zip: 95%
2/4/2025, 9:21:58 AM GMT+5:30 [Modules] Streaming discord_erlpack@1 to /home/ithihas/.config/discord/0.0.83/modules/pending/discord_erlpack-1.zip: 96%
2/4/2025, 9:21:58 AM GMT+5:30 [Modules] Streaming discord_erlpack@1 to /home/ithihas/.config/discord/0.0.83/modules/pending/discord_erlpack-1.zip: 99%
2/4/2025, 9:21:58 AM GMT+5:30 [Modules] Streaming discord_erlpack@1 to /home/ithihas/.config/discord/0.0.83/modules/pending/discord_erlpack-1.zip: 100%
2/4/2025, 9:21:58 AM GMT+5:30 [Modules] Fetching discord_spellcheck@1 from https://discord.com/api/modules/stable/discord_spellcheck/1
2/4/2025, 9:21:58 AM GMT+5:30 [Modules] Streaming discord_spellcheck@1 to /home/ithihas/.config/discord/0.0.83/modules/pending/discord_spellcheck-1.zip
2/4/2025, 9:21:59 AM GMT+5:30 [Modules] Streaming discord_spellcheck@1 to /home/ithihas/.config/discord/0.0.83/modules/pending/discord_spellcheck-1.zip: 1%
2/4/2025, 9:21:59 AM GMT+5:30 [Modules] Streaming discord_spellcheck@1 to /home/ithihas/.config/discord/0.0.83/modules/pending/discord_spellcheck-1.zip: 2%
2/4/2025, 9:21:59 AM GMT+5:30 [Modules] Streaming discord_spellcheck@1 to /home/ithihas/.config/discord/0.0.83/modules/pending/discord_spellcheck-1.zip: 3%
2/4/2025, 9:21:59 AM GMT+5:30 [Modules] Streaming discord_spellcheck@1 to /home/ithihas/.config/discord/0.0.83/modules/pending/discord_spellcheck-1.zip: 4%
2/4/2025, 9:21:59 AM GMT+5:30 [Modules] Streaming discord_spellcheck@1 to /home/ithihas/.config/discord/0.0.83/modules/pending/discord_spellcheck-1.zip: 5%
2/4/2025, 9:21:59 AM GMT+5:30 [Modules] Streaming discord_spellcheck@1 to /home/ithihas/.config/discord/0.0.83/modules/pending/discord_spellcheck-1.zip: 6%
2/4/2025, 9:21:59 AM GMT+5:30 [Modules] Streaming discord_spellcheck@1 to /home/ithihas/.config/discord/0.0.83/modules/pending/discord_spellcheck-1.zip: 7%
2/4/2025, 9:21:59 AM GMT+5:30 [Modules] Streaming discord_spellcheck@1 to /home/ithihas/.config/discord/0.0.83/modules/pending/discord_spellcheck-1.zip: 8%
2/4/2025, 9:21:59 AM GMT+5:30 [Modules] Streaming discord_spellcheck@1 to /home/ithihas/.config/discord/0.0.83/modules/pending/discord_spellcheck-1.zip: 9%
2/4/2025, 9:21:59 AM GMT+5:30 [Modules] Streaming discord_spellcheck@1 to /home/ithihas/.config/discord/0.0.83/modules/pending/discord_spellcheck-1.zip: 10%
2/4/2025, 9:21:59 AM GMT+5:30 [Modules] Streaming discord_spellcheck@1 to /home/ithihas/.config/discord/0.0.83/modules/pending/discord_spellcheck-1.zip: 11%
2/4/2025, 9:21:59 AM GMT+5:30 [Modules] Streaming discord_spellcheck@1 to /home/ithihas/.config/discord/0.0.83/modules/pending/discord_spellcheck-1.zip: 12%
2/4/2025, 9:21:59 AM GMT+5:30 [Modules] Streaming discord_spellcheck@1 to /home/ithihas/.config/discord/0.0.83/modules/pending/discord_spellcheck-1.zip: 13%
2/4/2025, 9:21:59 AM GMT+5:30 [Modules] Streaming discord_spellcheck@1 to /home/ithihas/.config/discord/0.0.83/modules/pending/discord_spellcheck-1.zip: 14%
2/4/2025, 9:21:59 AM GMT+5:30 [Modules] Streaming discord_spellcheck@1 to /home/ithihas/.config/discord/0.0.83/modules/pending/discord_spellcheck-1.zip: 15%
2/4/2025, 9:21:59 AM GMT+5:30 [Modules] Streaming discord_spellcheck@1 to /home/ithihas/.config/discord/0.0.83/modules/pending/discord_spellcheck-1.zip: 16%
2/4/2025, 9:21:59 AM GMT+5:30 [Modules] Streaming discord_spellcheck@1 to /home/ithihas/.config/discord/0.0.83/modules/pending/discord_spellcheck-1.zip: 17%
2/4/2025, 9:21:59 AM GMT+5:30 [Modules] Streaming discord_spellcheck@1 to /home/ithihas/.config/discord/0.0.83/modules/pending/discord_spellcheck-1.zip: 18%
2/4/2025, 9:21:59 AM GMT+5:30 [Modules] Streaming discord_spellcheck@1 to /home/ithihas/.config/discord/0.0.83/modules/pending/discord_spellcheck-1.zip: 19%
2/4/2025, 9:21:59 AM GMT+5:30 [Modules] Streaming discord_spellcheck@1 to /home/ithihas/.config/discord/0.0.83/modules/pending/discord_spellcheck-1.zip: 20%
2/4/2025, 9:21:59 AM GMT+5:30 [Modules] Streaming discord_spellcheck@1 to /home/ithihas/.config/discord/0.0.83/modules/pending/discord_spellcheck-1.zip: 21%
2/4/2025, 9:21:59 AM GMT+5:30 [Modules] Streaming discord_spellcheck@1 to /home/ithihas/.config/discord/0.0.83/modules/pending/discord_spellcheck-1.zip: 22%
2/4/2025, 9:21:59 AM GMT+5:30 [Modules] Streaming discord_spellcheck@1 to /home/ithihas/.config/discord/0.0.83/modules/pending/discord_spellcheck-1.zip: 23%
2/4/2025, 9:21:59 AM GMT+5:30 [Modules] Streaming discord_spellcheck@1 to /home/ithihas/.config/discord/0.0.83/modules/pending/discord_spellcheck-1.zip: 24%
2/4/2025, 9:21:59 AM GMT+5:30 [Modules] Streaming discord_spellcheck@1 to /home/ithihas/.config/discord/0.0.83/modules/pending/discord_spellcheck-1.zip: 25%
2/4/2025, 9:21:59 AM GMT+5:30 [Modules] Streaming discord_spellcheck@1 to /home/ithihas/.config/discord/0.0.83/modules/pending/discord_spellcheck-1.zip: 26%
2/4/2025, 9:21:59 AM GMT+5:30 [Modules] Streaming discord_spellcheck@1 to /home/ithihas/.config/discord/0.0.83/modules/pending/discord_spellcheck-1.zip: 27%
2/4/2025, 9:21:59 AM GMT+5:30 [Modules] Streaming discord_spellcheck@1 to /home/ithihas/.config/discord/0.0.83/modules/pending/discord_spellcheck-1.zip: 28%
2/4/2025, 9:21:59 AM GMT+5:30 [Modules] Streaming discord_spellcheck@1 to /home/ithihas/.config/discord/0.0.83/modules/pending/discord_spellcheck-1.zip: 29%
2/4/2025, 9:21:59 AM GMT+5:30 [Modules] Streaming discord_spellcheck@1 to /home/ithihas/.config/discord/0.0.83/modules/pending/discord_spellcheck-1.zip: 30%
2/4/2025, 9:21:59 AM GMT+5:30 [Modules] Streaming discord_spellcheck@1 to /home/ithihas/.config/discord/0.0.83/modules/pending/discord_spellcheck-1.zip: 31%
2/4/2025, 9:21:59 AM GMT+5:30 [Modules] Streaming discord_spellcheck@1 to /home/ithihas/.config/discord/0.0.83/modules/pending/discord_spellcheck-1.zip: 32%
2/4/2025, 9:21:59 AM GMT+5:30 [Modules] Streaming discord_spellcheck@1 to /home/ithihas/.config/discord/0.0.83/modules/pending/discord_spellcheck-1.zip: 33%
2/4/2025, 9:21:59 AM GMT+5:30 [Modules] Streaming discord_spellcheck@1 to /home/ithihas/.config/discord/0.0.83/modules/pending/discord_spellcheck-1.zip: 34%
2/4/2025, 9:21:59 AM GMT+5:30 [Modules] Streaming discord_spellcheck@1 to /home/ithihas/.config/discord/0.0.83/modules/pending/discord_spellcheck-1.zip: 35%
2/4/2025, 9:21:59 AM GMT+5:30 [Modules] Streaming discord_spellcheck@1 to /home/ithihas/.config/discord/0.0.83/modules/pending/discord_spellcheck-1.zip: 36%
2/4/2025, 9:21:59 AM GMT+5:30 [Modules] Streaming discord_spellcheck@1 to /home/ithihas/.config/discord/0.0.83/modules/pending/discord_spellcheck-1.zip: 37%
2/4/2025, 9:21:59 AM GMT+5:30 [Modules] Streaming discord_spellcheck@1 to /home/ithihas/.config/discord/0.0.83/modules/pending/discord_spellcheck-1.zip: 38%
2/4/2025, 9:21:59 AM GMT+5:30 [Modules] Streaming discord_spellcheck@1 to /home/ithihas/.config/discord/0.0.83/modules/pending/discord_spellcheck-1.zip: 39%
2/4/2025, 9:21:59 AM GMT+5:30 [Modules] Streaming discord_spellcheck@1 to /home/ithihas/.config/discord/0.0.83/modules/pending/discord_spellcheck-1.zip: 40%
2/4/2025, 9:21:59 AM GMT+5:30 [Modules] Streaming discord_spellcheck@1 to /home/ithihas/.config/discord/0.0.83/modules/pending/discord_spellcheck-1.zip: 41%
2/4/2025, 9:21:59 AM GMT+5:30 [Modules] Streaming discord_spellcheck@1 to /home/ithihas/.config/discord/0.0.83/modules/pending/discord_spellcheck-1.zip: 42%
2/4/2025, 9:21:59 AM GMT+5:30 [Modules] Streaming discord_spellcheck@1 to /home/ithihas/.config/discord/0.0.83/modules/pending/discord_spellcheck-1.zip: 43%
2/4/2025, 9:21:59 AM GMT+5:30 [Modules] Streaming discord_spellcheck@1 to /home/ithihas/.config/discord/0.0.83/modules/pending/discord_spellcheck-1.zip: 44%
2/4/2025, 9:21:59 AM GMT+5:30 [Modules] Streaming discord_spellcheck@1 to /home/ithihas/.config/discord/0.0.83/modules/pending/discord_spellcheck-1.zip: 45%
2/4/2025, 9:21:59 AM GMT+5:30 [Modules] Streaming discord_spellcheck@1 to /home/ithihas/.config/discord/0.0.83/modules/pending/discord_spellcheck-1.zip: 46%
2/4/2025, 9:21:59 AM GMT+5:30 [Modules] Streaming discord_spellcheck@1 to /home/ithihas/.config/discord/0.0.83/modules/pending/discord_spellcheck-1.zip: 47%
2/4/2025, 9:21:59 AM GMT+5:30 [Modules] Streaming discord_spellcheck@1 to /home/ithihas/.config/discord/0.0.83/modules/pending/discord_spellcheck-1.zip: 48%
2/4/2025, 9:21:59 AM GMT+5:30 [Modules] Streaming discord_spellcheck@1 to /home/ithihas/.config/discord/0.0.83/modules/pending/discord_spellcheck-1.zip: 49%
2/4/2025, 9:21:59 AM GMT+5:30 [Modules] Streaming discord_spellcheck@1 to /home/ithihas/.config/discord/0.0.83/modules/pending/discord_spellcheck-1.zip: 50%
2/4/2025, 9:21:59 AM GMT+5:30 [Modules] Streaming discord_spellcheck@1 to /home/ithihas/.config/discord/0.0.83/modules/pending/discord_spellcheck-1.zip: 51%
2/4/2025, 9:21:59 AM GMT+5:30 [Modules] Streaming discord_spellcheck@1 to /home/ithihas/.config/discord/0.0.83/modules/pending/discord_spellcheck-1.zip: 52%
2/4/2025, 9:21:59 AM GMT+5:30 [Modules] Streaming discord_spellcheck@1 to /home/ithihas/.config/discord/0.0.83/modules/pending/discord_spellcheck-1.zip: 53%
2/4/2025, 9:21:59 AM GMT+5:30 [Modules] Streaming discord_spellcheck@1 to /home/ithihas/.config/discord/0.0.83/modules/pending/discord_spellcheck-1.zip: 54%
2/4/2025, 9:21:59 AM GMT+5:30 [Modules] Streaming discord_spellcheck@1 to /home/ithihas/.config/discord/0.0.83/modules/pending/discord_spellcheck-1.zip: 55%
2/4/2025, 9:21:59 AM GMT+5:30 [Modules] Streaming discord_spellcheck@1 to /home/ithihas/.config/discord/0.0.83/modules/pending/discord_spellcheck-1.zip: 56%
2/4/2025, 9:21:59 AM GMT+5:30 [Modules] Streaming discord_spellcheck@1 to /home/ithihas/.config/discord/0.0.83/modules/pending/discord_spellcheck-1.zip: 57%
2/4/2025, 9:21:59 AM GMT+5:30 [Modules] Streaming discord_spellcheck@1 to /home/ithihas/.config/discord/0.0.83/modules/pending/discord_spellcheck-1.zip: 58%
2/4/2025, 9:21:59 AM GMT+5:30 [Modules] Streaming discord_spellcheck@1 to /home/ithihas/.config/discord/0.0.83/modules/pending/discord_spellcheck-1.zip: 59%
2/4/2025, 9:21:59 AM GMT+5:30 [Modules] Streaming discord_spellcheck@1 to /home/ithihas/.config/discord/0.0.83/modules/pending/discord_spellcheck-1.zip: 60%
2/4/2025, 9:21:59 AM GMT+5:30 [Modules] Streaming discord_spellcheck@1 to /home/ithihas/.config/discord/0.0.83/modules/pending/discord_spellcheck-1.zip: 61%
2/4/2025, 9:21:59 AM GMT+5:30 [Modules] Streaming discord_spellcheck@1 to /home/ithihas/.config/discord/0.0.83/modules/pending/discord_spellcheck-1.zip: 62%
2/4/2025, 9:21:59 AM GMT+5:30 [Modules] Streaming discord_spellcheck@1 to /home/ithihas/.config/discord/0.0.83/modules/pending/discord_spellcheck-1.zip: 63%
2/4/2025, 9:21:59 AM GMT+5:30 [Modules] Streaming discord_spellcheck@1 to /home/ithihas/.config/discord/0.0.83/modules/pending/discord_spellcheck-1.zip: 64%
2/4/2025, 9:21:59 AM GMT+5:30 [Modules] Streaming discord_spellcheck@1 to /home/ithihas/.config/discord/0.0.83/modules/pending/discord_spellcheck-1.zip: 65%
2/4/2025, 9:21:59 AM GMT+5:30 [Modules] Streaming discord_spellcheck@1 to /home/ithihas/.config/discord/0.0.83/modules/pending/discord_spellcheck-1.zip: 66%
2/4/2025, 9:21:59 AM GMT+5:30 [Modules] Streaming discord_spellcheck@1 to /home/ithihas/.config/discord/0.0.83/modules/pending/discord_spellcheck-1.zip: 67%
2/4/2025, 9:21:59 AM GMT+5:30 [Modules] Streaming discord_spellcheck@1 to /home/ithihas/.config/discord/0.0.83/modules/pending/discord_spellcheck-1.zip: 68%
2/4/2025, 9:21:59 AM GMT+5:30 [Modules] Streaming discord_spellcheck@1 to /home/ithihas/.config/discord/0.0.83/modules/pending/discord_spellcheck-1.zip: 69%
2/4/2025, 9:22:00 AM GMT+5:30 [Modules] Streaming discord_spellcheck@1 to /home/ithihas/.config/discord/0.0.83/modules/pending/discord_spellcheck-1.zip: 70%
2/4/2025, 9:22:00 AM GMT+5:30 [Modules] Streaming discord_spellcheck@1 to /home/ithihas/.config/discord/0.0.83/modules/pending/discord_spellcheck-1.zip: 71%
2/4/2025, 9:22:00 AM GMT+5:30 [Modules] Streaming discord_spellcheck@1 to /home/ithihas/.config/discord/0.0.83/modules/pending/discord_spellcheck-1.zip: 72%
2/4/2025, 9:22:00 AM GMT+5:30 [Modules] Streaming discord_spellcheck@1 to /home/ithihas/.config/discord/0.0.83/modules/pending/discord_spellcheck-1.zip: 73%
2/4/2025, 9:22:00 AM GMT+5:30 [Modules] Streaming discord_spellcheck@1 to /home/ithihas/.config/discord/0.0.83/modules/pending/discord_spellcheck-1.zip: 74%
2/4/2025, 9:22:00 AM GMT+5:30 [Modules] Streaming discord_spellcheck@1 to /home/ithihas/.config/discord/0.0.83/modules/pending/discord_spellcheck-1.zip: 75%
2/4/2025, 9:22:00 AM GMT+5:30 [Modules] Streaming discord_spellcheck@1 to /home/ithihas/.config/discord/0.0.83/modules/pending/discord_spellcheck-1.zip: 76%
2/4/2025, 9:22:00 AM GMT+5:30 [Modules] Streaming discord_spellcheck@1 to /home/ithihas/.config/discord/0.0.83/modules/pending/discord_spellcheck-1.zip: 77%
2/4/2025, 9:22:00 AM GMT+5:30 [Modules] Streaming discord_spellcheck@1 to /home/ithihas/.config/discord/0.0.83/modules/pending/discord_spellcheck-1.zip: 78%
2/4/2025, 9:22:00 AM GMT+5:30 [Modules] Streaming discord_spellcheck@1 to /home/ithihas/.config/discord/0.0.83/modules/pending/discord_spellcheck-1.zip: 79%
2/4/2025, 9:22:00 AM GMT+5:30 [Modules] Streaming discord_spellcheck@1 to /home/ithihas/.config/discord/0.0.83/modules/pending/discord_spellcheck-1.zip: 80%
2/4/2025, 9:22:00 AM GMT+5:30 [Modules] Streaming discord_spellcheck@1 to /home/ithihas/.config/discord/0.0.83/modules/pending/discord_spellcheck-1.zip: 81%
2/4/2025, 9:22:00 AM GMT+5:30 [Modules] Streaming discord_spellcheck@1 to /home/ithihas/.config/discord/0.0.83/modules/pending/discord_spellcheck-1.zip: 82%
2/4/2025, 9:22:00 AM GMT+5:30 [Modules] Streaming discord_spellcheck@1 to /home/ithihas/.config/discord/0.0.83/modules/pending/discord_spellcheck-1.zip: 83%
2/4/2025, 9:22:00 AM GMT+5:30 [Modules] Streaming discord_spellcheck@1 to /home/ithihas/.config/discord/0.0.83/modules/pending/discord_spellcheck-1.zip: 84%
2/4/2025, 9:22:00 AM GMT+5:30 [Modules] Streaming discord_spellcheck@1 to /home/ithihas/.config/discord/0.0.83/modules/pending/discord_spellcheck-1.zip: 85%
2/4/2025, 9:22:00 AM GMT+5:30 [Modules] Streaming discord_spellcheck@1 to /home/ithihas/.config/discord/0.0.83/modules/pending/discord_spellcheck-1.zip: 86%
2/4/2025, 9:22:00 AM GMT+5:30 [Modules] Streaming discord_spellcheck@1 to /home/ithihas/.config/discord/0.0.83/modules/pending/discord_spellcheck-1.zip: 87%
2/4/2025, 9:22:00 AM GMT+5:30 [Modules] Streaming discord_spellcheck@1 to /home/ithihas/.config/discord/0.0.83/modules/pending/discord_spellcheck-1.zip: 88%
2/4/2025, 9:22:00 AM GMT+5:30 [Modules] Streaming discord_spellcheck@1 to /home/ithihas/.config/discord/0.0.83/modules/pending/discord_spellcheck-1.zip: 89%
2/4/2025, 9:22:00 AM GMT+5:30 [Modules] Streaming discord_spellcheck@1 to /home/ithihas/.config/discord/0.0.83/modules/pending/discord_spellcheck-1.zip: 90%
2/4/2025, 9:22:00 AM GMT+5:30 [Modules] Streaming discord_spellcheck@1 to /home/ithihas/.config/discord/0.0.83/modules/pending/discord_spellcheck-1.zip: 92%
2/4/2025, 9:22:00 AM GMT+5:30 [Modules] Streaming discord_spellcheck@1 to /home/ithihas/.config/discord/0.0.83/modules/pending/discord_spellcheck-1.zip: 93%
2/4/2025, 9:22:00 AM GMT+5:30 [Modules] Streaming discord_spellcheck@1 to /home/ithihas/.config/discord/0.0.83/modules/pending/discord_spellcheck-1.zip: 94%
2/4/2025, 9:22:00 AM GMT+5:30 [Modules] Streaming discord_spellcheck@1 to /home/ithihas/.config/discord/0.0.83/modules/pending/discord_spellcheck-1.zip: 95%
2/4/2025, 9:22:00 AM GMT+5:30 [Modules] Streaming discord_spellcheck@1 to /home/ithihas/.config/discord/0.0.83/modules/pending/discord_spellcheck-1.zip: 96%
2/4/2025, 9:22:00 AM GMT+5:30 [Modules] Streaming discord_spellcheck@1 to /home/ithihas/.config/discord/0.0.83/modules/pending/discord_spellcheck-1.zip: 97%
2/4/2025, 9:22:00 AM GMT+5:30 [Modules] Streaming discord_spellcheck@1 to /home/ithihas/.config/discord/0.0.83/modules/pending/discord_spellcheck-1.zip: 98%
2/4/2025, 9:22:00 AM GMT+5:30 [Modules] Streaming discord_spellcheck@1 to /home/ithihas/.config/discord/0.0.83/modules/pending/discord_spellcheck-1.zip: 99%
2/4/2025, 9:22:00 AM GMT+5:30 [Modules] Streaming discord_spellcheck@1 to /home/ithihas/.config/discord/0.0.83/modules/pending/discord_spellcheck-1.zip: 100%
2/4/2025, 9:22:00 AM GMT+5:30 [Modules] Fetching discord_utils@1 from https://discord.com/api/modules/stable/discord_utils/1
2/4/2025, 9:22:00 AM GMT+5:30 [Modules] Streaming discord_utils@1 to /home/ithihas/.config/discord/0.0.83/modules/pending/discord_utils-1.zip
2/4/2025, 9:22:00 AM GMT+5:30 [Modules] Streaming discord_utils@1 to /home/ithihas/.config/discord/0.0.83/modules/pending/discord_utils-1.zip: 1%
2/4/2025, 9:22:00 AM GMT+5:30 [Modules] Streaming discord_utils@1 to /home/ithihas/.config/discord/0.0.83/modules/pending/discord_utils-1.zip: 3%
2/4/2025, 9:22:00 AM GMT+5:30 [Modules] Streaming discord_utils@1 to /home/ithihas/.config/discord/0.0.83/modules/pending/discord_utils-1.zip: 7%
2/4/2025, 9:22:00 AM GMT+5:30 [Modules] Streaming discord_utils@1 to /home/ithihas/.config/discord/0.0.83/modules/pending/discord_utils-1.zip: 10%
2/4/2025, 9:22:00 AM GMT+5:30 [Modules] Streaming discord_utils@1 to /home/ithihas/.config/discord/0.0.83/modules/pending/discord_utils-1.zip: 13%
2/4/2025, 9:22:00 AM GMT+5:30 [Modules] Streaming discord_utils@1 to /home/ithihas/.config/discord/0.0.83/modules/pending/discord_utils-1.zip: 15%
2/4/2025, 9:22:00 AM GMT+5:30 [Modules] Streaming discord_utils@1 to /home/ithihas/.config/discord/0.0.83/modules/pending/discord_utils-1.zip: 17%
2/4/2025, 9:22:00 AM GMT+5:30 [Modules] Streaming discord_utils@1 to /home/ithihas/.config/discord/0.0.83/modules/pending/discord_utils-1.zip: 20%
2/4/2025, 9:22:00 AM GMT+5:30 [Modules] Streaming discord_utils@1 to /home/ithihas/.config/discord/0.0.83/modules/pending/discord_utils-1.zip: 23%
2/4/2025, 9:22:00 AM GMT+5:30 [Modules] Streaming discord_utils@1 to /home/ithihas/.config/discord/0.0.83/modules/pending/discord_utils-1.zip: 26%
2/4/2025, 9:22:01 AM GMT+5:30 [Modules] Streaming discord_utils@1 to /home/ithihas/.config/discord/0.0.83/modules/pending/discord_utils-1.zip: 27%
2/4/2025, 9:22:01 AM GMT+5:30 [Modules] Streaming discord_utils@1 to /home/ithihas/.config/discord/0.0.83/modules/pending/discord_utils-1.zip: 30%
2/4/2025, 9:22:01 AM GMT+5:30 [Modules] Streaming discord_utils@1 to /home/ithihas/.config/discord/0.0.83/modules/pending/discord_utils-1.zip: 32%
2/4/2025, 9:22:01 AM GMT+5:30 [Modules] Streaming discord_utils@1 to /home/ithihas/.config/discord/0.0.83/modules/pending/discord_utils-1.zip: 33%
2/4/2025, 9:22:01 AM GMT+5:30 [Modules] Streaming discord_utils@1 to /home/ithihas/.config/discord/0.0.83/modules/pending/discord_utils-1.zip: 35%
2/4/2025, 9:22:01 AM GMT+5:30 [Modules] Streaming discord_utils@1 to /home/ithihas/.config/discord/0.0.83/modules/pending/discord_utils-1.zip: 36%
2/4/2025, 9:22:01 AM GMT+5:30 [Modules] Streaming discord_utils@1 to /home/ithihas/.config/discord/0.0.83/modules/pending/discord_utils-1.zip: 38%
2/4/2025, 9:22:01 AM GMT+5:30 [Modules] Streaming discord_utils@1 to /home/ithihas/.config/discord/0.0.83/modules/pending/discord_utils-1.zip: 41%
2/4/2025, 9:22:01 AM GMT+5:30 [Modules] Streaming discord_utils@1 to /home/ithihas/.config/discord/0.0.83/modules/pending/discord_utils-1.zip: 45%
2/4/2025, 9:22:01 AM GMT+5:30 [Modules] Streaming discord_utils@1 to /home/ithihas/.config/discord/0.0.83/modules/pending/discord_utils-1.zip: 46%
2/4/2025, 9:22:01 AM GMT+5:30 [Modules] Streaming discord_utils@1 to /home/ithihas/.config/discord/0.0.83/modules/pending/discord_utils-1.zip: 49%
2/4/2025, 9:22:01 AM GMT+5:30 [Modules] Streaming discord_utils@1 to /home/ithihas/.config/discord/0.0.83/modules/pending/discord_utils-1.zip: 51%
2/4/2025, 9:22:01 AM GMT+5:30 [Modules] Streaming discord_utils@1 to /home/ithihas/.config/discord/0.0.83/modules/pending/discord_utils-1.zip: 52%
2/4/2025, 9:22:01 AM GMT+5:30 [Modules] Streaming discord_utils@1 to /home/ithihas/.config/discord/0.0.83/modules/pending/discord_utils-1.zip: 53%
2/4/2025, 9:22:01 AM GMT+5:30 [Modules] Streaming discord_utils@1 to /home/ithihas/.config/discord/0.0.83/modules/pending/discord_utils-1.zip: 54%
2/4/2025, 9:22:01 AM GMT+5:30 [Modules] Streaming discord_utils@1 to /home/ithihas/.config/discord/0.0.83/modules/pending/discord_utils-1.zip: 55%
2/4/2025, 9:22:01 AM GMT+5:30 [Modules] Streaming discord_utils@1 to /home/ithihas/.config/discord/0.0.83/modules/pending/discord_utils-1.zip: 57%
2/4/2025, 9:22:01 AM GMT+5:30 [Modules] Streaming discord_utils@1 to /home/ithihas/.config/discord/0.0.83/modules/pending/discord_utils-1.zip: 59%
2/4/2025, 9:22:01 AM GMT+5:30 [Modules] Streaming discord_utils@1 to /home/ithihas/.config/discord/0.0.83/modules/pending/discord_utils-1.zip: 61%
2/4/2025, 9:22:01 AM GMT+5:30 [Modules] Streaming discord_utils@1 to /home/ithihas/.config/discord/0.0.83/modules/pending/discord_utils-1.zip: 62%
2/4/2025, 9:22:01 AM GMT+5:30 [Modules] Streaming discord_utils@1 to /home/ithihas/.config/discord/0.0.83/modules/pending/discord_utils-1.zip: 69%
2/4/2025, 9:22:01 AM GMT+5:30 [Modules] Streaming discord_utils@1 to /home/ithihas/.config/discord/0.0.83/modules/pending/discord_utils-1.zip: 71%
2/4/2025, 9:22:01 AM GMT+5:30 [Modules] Streaming discord_utils@1 to /home/ithihas/.config/discord/0.0.83/modules/pending/discord_utils-1.zip: 75%
2/4/2025, 9:22:01 AM GMT+5:30 [Modules] Streaming discord_utils@1 to /home/ithihas/.config/discord/0.0.83/modules/pending/discord_utils-1.zip: 76%
2/4/2025, 9:22:01 AM GMT+5:30 [Modules] Streaming discord_utils@1 to /home/ithihas/.config/discord/0.0.83/modules/pending/discord_utils-1.zip: 78%
2/4/2025, 9:22:01 AM GMT+5:30 [Modules] Streaming discord_utils@1 to /home/ithihas/.config/discord/0.0.83/modules/pending/discord_utils-1.zip: 80%
2/4/2025, 9:22:01 AM GMT+5:30 [Modules] Streaming discord_utils@1 to /home/ithihas/.config/discord/0.0.83/modules/pending/discord_utils-1.zip: 82%
2/4/2025, 9:22:01 AM GMT+5:30 [Modules] Streaming discord_utils@1 to /home/ithihas/.config/discord/0.0.83/modules/pending/discord_utils-1.zip: 84%
2/4/2025, 9:22:01 AM GMT+5:30 [Modules] Streaming discord_utils@1 to /home/ithihas/.config/discord/0.0.83/modules/pending/discord_utils-1.zip: 86%
2/4/2025, 9:22:01 AM GMT+5:30 [Modules] Streaming discord_utils@1 to /home/ithihas/.config/discord/0.0.83/modules/pending/discord_utils-1.zip: 88%
2/4/2025, 9:22:01 AM GMT+5:30 [Modules] Streaming discord_utils@1 to /home/ithihas/.config/discord/0.0.83/modules/pending/discord_utils-1.zip: 91%
2/4/2025, 9:22:01 AM GMT+5:30 [Modules] Streaming discord_utils@1 to /home/ithihas/.config/discord/0.0.83/modules/pending/discord_utils-1.zip: 92%
2/4/2025, 9:22:01 AM GMT+5:30 [Modules] Streaming discord_utils@1 to /home/ithihas/.config/discord/0.0.83/modules/pending/discord_utils-1.zip: 93%
2/4/2025, 9:22:01 AM GMT+5:30 [Modules] Streaming discord_utils@1 to /home/ithihas/.config/discord/0.0.83/modules/pending/discord_utils-1.zip: 95%
2/4/2025, 9:22:01 AM GMT+5:30 [Modules] Streaming discord_utils@1 to /home/ithihas/.config/discord/0.0.83/modules/pending/discord_utils-1.zip: 97%
2/4/2025, 9:22:01 AM GMT+5:30 [Modules] Streaming discord_utils@1 to /home/ithihas/.config/discord/0.0.83/modules/pending/discord_utils-1.zip: 98%
2/4/2025, 9:22:01 AM GMT+5:30 [Modules] Streaming discord_utils@1 to /home/ithihas/.config/discord/0.0.83/modules/pending/discord_utils-1.zip: 99%
2/4/2025, 9:22:01 AM GMT+5:30 [Modules] Streaming discord_utils@1 to /home/ithihas/.config/discord/0.0.83/modules/pending/discord_utils-1.zip: 100%
2/4/2025, 9:22:01 AM GMT+5:30 [Modules] Fetching discord_voice@1 from https://discord.com/api/modules/stable/discord_voice/1
2/4/2025, 9:22:01 AM GMT+5:30 [Modules] Streaming discord_voice@1 to /home/ithihas/.config/discord/0.0.83/modules/pending/discord_voice-1.zip
2/4/2025, 9:22:01 AM GMT+5:30 [Modules] Streaming discord_voice@1 to /home/ithihas/.config/discord/0.0.83/modules/pending/discord_voice-1.zip: 1%
2/4/2025, 9:22:01 AM GMT+5:30 [Modules] Streaming discord_voice@1 to /home/ithihas/.config/discord/0.0.83/modules/pending/discord_voice-1.zip: 2%
2/4/2025, 9:22:01 AM GMT+5:30 [Modules] Streaming discord_voice@1 to /home/ithihas/.config/discord/0.0.83/modules/pending/discord_voice-1.zip: 3%
2/4/2025, 9:22:01 AM GMT+5:30 [Modules] Streaming discord_voice@1 to /home/ithihas/.config/discord/0.0.83/modules/pending/discord_voice-1.zip: 4%
2/4/2025, 9:22:01 AM GMT+5:30 [Modules] Streaming discord_voice@1 to /home/ithihas/.config/discord/0.0.83/modules/pending/discord_voice-1.zip: 5%
2/4/2025, 9:22:01 AM GMT+5:30 [Modules] Streaming discord_voice@1 to /home/ithihas/.config/discord/0.0.83/modules/pending/discord_voice-1.zip: 6%
2/4/2025, 9:22:02 AM GMT+5:30 [Modules] Streaming discord_voice@1 to /home/ithihas/.config/discord/0.0.83/modules/pending/discord_voice-1.zip: 7%
2/4/2025, 9:22:02 AM GMT+5:30 [Modules] Streaming discord_voice@1 to /home/ithihas/.config/discord/0.0.83/modules/pending/discord_voice-1.zip: 8%
2/4/2025, 9:22:02 AM GMT+5:30 [Modules] Streaming discord_voice@1 to /home/ithihas/.config/discord/0.0.83/modules/pending/discord_voice-1.zip: 9%
2/4/2025, 9:22:02 AM GMT+5:30 [Modules] Streaming discord_voice@1 to /home/ithihas/.config/discord/0.0.83/modules/pending/discord_voice-1.zip: 10%
2/4/2025, 9:22:02 AM GMT+5:30 [Modules] Streaming discord_voice@1 to /home/ithihas/.config/discord/0.0.83/modules/pending/discord_voice-1.zip: 11%
2/4/2025, 9:22:02 AM GMT+5:30 [Modules] Streaming discord_voice@1 to /home/ithihas/.config/discord/0.0.83/modules/pending/discord_voice-1.zip: 12%
2/4/2025, 9:22:02 AM GMT+5:30 [Modules] Streaming discord_voice@1 to /home/ithihas/.config/discord/0.0.83/modules/pending/discord_voice-1.zip: 13%
2/4/2025, 9:22:02 AM GMT+5:30 [Modules] Streaming discord_voice@1 to /home/ithihas/.config/discord/0.0.83/modules/pending/discord_voice-1.zip: 14%
2/4/2025, 9:22:02 AM GMT+5:30 [Modules] Streaming discord_voice@1 to /home/ithihas/.config/discord/0.0.83/modules/pending/discord_voice-1.zip: 15%
2/4/2025, 9:22:02 AM GMT+5:30 [Modules] Streaming discord_voice@1 to /home/ithihas/.config/discord/0.0.83/modules/pending/discord_voice-1.zip: 16%
2/4/2025, 9:22:02 AM GMT+5:30 [Modules] Streaming discord_voice@1 to /home/ithihas/.config/discord/0.0.83/modules/pending/discord_voice-1.zip: 17%
2/4/2025, 9:22:02 AM GMT+5:30 [Modules] Streaming discord_voice@1 to /home/ithihas/.config/discord/0.0.83/modules/pending/discord_voice-1.zip: 18%
2/4/2025, 9:22:02 AM GMT+5:30 [Modules] Streaming discord_voice@1 to /home/ithihas/.config/discord/0.0.83/modules/pending/discord_voice-1.zip: 19%
2/4/2025, 9:22:02 AM GMT+5:30 [Modules] Streaming discord_voice@1 to /home/ithihas/.config/discord/0.0.83/modules/pending/discord_voice-1.zip: 20%
2/4/2025, 9:22:02 AM GMT+5:30 [Modules] Streaming discord_voice@1 to /home/ithihas/.config/discord/0.0.83/modules/pending/discord_voice-1.zip: 21%
2/4/2025, 9:22:02 AM GMT+5:30 [Modules] Streaming discord_voice@1 to /home/ithihas/.config/discord/0.0.83/modules/pending/discord_voice-1.zip: 22%
2/4/2025, 9:22:02 AM GMT+5:30 [Modules] Streaming discord_voice@1 to /home/ithihas/.config/discord/0.0.83/modules/pending/discord_voice-1.zip: 23%
2/4/2025, 9:22:02 AM GMT+5:30 [Modules] Streaming discord_voice@1 to /home/ithihas/.config/discord/0.0.83/modules/pending/discord_voice-1.zip: 24%
2/4/2025, 9:22:02 AM GMT+5:30 [Modules] Streaming discord_voice@1 to /home/ithihas/.config/discord/0.0.83/modules/pending/discord_voice-1.zip: 25%
2/4/2025, 9:22:02 AM GMT+5:30 [Modules] Streaming discord_voice@1 to /home/ithihas/.config/discord/0.0.83/modules/pending/discord_voice-1.zip: 26%
2/4/2025, 9:22:02 AM GMT+5:30 [Modules] Streaming discord_voice@1 to /home/ithihas/.config/discord/0.0.83/modules/pending/discord_voice-1.zip: 27%
2/4/2025, 9:22:02 AM GMT+5:30 [Modules] Streaming discord_voice@1 to /home/ithihas/.config/discord/0.0.83/modules/pending/discord_voice-1.zip: 28%
2/4/2025, 9:22:02 AM GMT+5:30 [Modules] Streaming discord_voice@1 to /home/ithihas/.config/discord/0.0.83/modules/pending/discord_voice-1.zip: 29%
2/4/2025, 9:22:02 AM GMT+5:30 [Modules] Streaming discord_voice@1 to /home/ithihas/.config/discord/0.0.83/modules/pending/discord_voice-1.zip: 30%
2/4/2025, 9:22:02 AM GMT+5:30 [Modules] Streaming discord_voice@1 to /home/ithihas/.config/discord/0.0.83/modules/pending/discord_voice-1.zip: 31%
2/4/2025, 9:22:02 AM GMT+5:30 [Modules] Streaming discord_voice@1 to /home/ithihas/.config/discord/0.0.83/modules/pending/discord_voice-1.zip: 32%
2/4/2025, 9:22:02 AM GMT+5:30 [Modules] Streaming discord_voice@1 to /home/ithihas/.config/discord/0.0.83/modules/pending/discord_voice-1.zip: 33%
2/4/2025, 9:22:02 AM GMT+5:30 [Modules] Streaming discord_voice@1 to /home/ithihas/.config/discord/0.0.83/modules/pending/discord_voice-1.zip: 34%
2/4/2025, 9:22:02 AM GMT+5:30 [Modules] Streaming discord_voice@1 to /home/ithihas/.config/discord/0.0.83/modules/pending/discord_voice-1.zip: 35%
2/4/2025, 9:22:02 AM GMT+5:30 [Modules] Streaming discord_voice@1 to /home/ithihas/.config/discord/0.0.83/modules/pending/discord_voice-1.zip: 36%
2/4/2025, 9:22:02 AM GMT+5:30 [Modules] Streaming discord_voice@1 to /home/ithihas/.config/discord/0.0.83/modules/pending/discord_voice-1.zip: 37%
2/4/2025, 9:22:02 AM GMT+5:30 [Modules] Streaming discord_voice@1 to /home/ithihas/.config/discord/0.0.83/modules/pending/discord_voice-1.zip: 38%
2/4/2025, 9:22:02 AM GMT+5:30 [Modules] Streaming discord_voice@1 to /home/ithihas/.config/discord/0.0.83/modules/pending/discord_voice-1.zip: 39%
2/4/2025, 9:22:02 AM GMT+5:30 [Modules] Streaming discord_voice@1 to /home/ithihas/.config/discord/0.0.83/modules/pending/discord_voice-1.zip: 40%
2/4/2025, 9:22:02 AM GMT+5:30 [Modules] Streaming discord_voice@1 to /home/ithihas/.config/discord/0.0.83/modules/pending/discord_voice-1.zip: 41%
2/4/2025, 9:22:02 AM GMT+5:30 [Modules] Streaming discord_voice@1 to /home/ithihas/.config/discord/0.0.83/modules/pending/discord_voice-1.zip: 42%
2/4/2025, 9:22:02 AM GMT+5:30 [Modules] Streaming discord_voice@1 to /home/ithihas/.config/discord/0.0.83/modules/pending/discord_voice-1.zip: 43%
2/4/2025, 9:22:02 AM GMT+5:30 [Modules] Streaming discord_voice@1 to /home/ithihas/.config/discord/0.0.83/modules/pending/discord_voice-1.zip: 44%
2/4/2025, 9:22:03 AM GMT+5:30 [Modules] Streaming discord_voice@1 to /home/ithihas/.config/discord/0.0.83/modules/pending/discord_voice-1.zip: 45%
2/4/2025, 9:22:03 AM GMT+5:30 [Modules] Streaming discord_voice@1 to /home/ithihas/.config/discord/0.0.83/modules/pending/discord_voice-1.zip: 46%
2/4/2025, 9:22:03 AM GMT+5:30 [Modules] Streaming discord_voice@1 to /home/ithihas/.config/discord/0.0.83/modules/pending/discord_voice-1.zip: 47%
2/4/2025, 9:22:03 AM GMT+5:30 [Modules] Streaming discord_voice@1 to /home/ithihas/.config/discord/0.0.83/modules/pending/discord_voice-1.zip: 48%
2/4/2025, 9:22:03 AM GMT+5:30 [Modules] Streaming discord_voice@1 to /home/ithihas/.config/discord/0.0.83/modules/pending/discord_voice-1.zip: 49%
2/4/2025, 9:22:03 AM GMT+5:30 [Modules] Streaming discord_voice@1 to /home/ithihas/.config/discord/0.0.83/modules/pending/discord_voice-1.zip: 50%
2/4/2025, 9:22:03 AM GMT+5:30 [Modules] Streaming discord_voice@1 to /home/ithihas/.config/discord/0.0.83/modules/pending/discord_voice-1.zip: 51%
2/4/2025, 9:22:03 AM GMT+5:30 [Modules] Streaming discord_voice@1 to /home/ithihas/.config/discord/0.0.83/modules/pending/discord_voice-1.zip: 52%
2/4/2025, 9:22:03 AM GMT+5:30 [Modules] Streaming discord_voice@1 to /home/ithihas/.config/discord/0.0.83/modules/pending/discord_voice-1.zip: 53%
2/4/2025, 9:22:03 AM GMT+5:30 [Modules] Streaming discord_voice@1 to /home/ithihas/.config/discord/0.0.83/modules/pending/discord_voice-1.zip: 54%
2/4/2025, 9:22:03 AM GMT+5:30 [Modules] Streaming discord_voice@1 to /home/ithihas/.config/discord/0.0.83/modules/pending/discord_voice-1.zip: 55%
2/4/2025, 9:22:03 AM GMT+5:30 [Modules] Streaming discord_voice@1 to /home/ithihas/.config/discord/0.0.83/modules/pending/discord_voice-1.zip: 56%
2/4/2025, 9:22:03 AM GMT+5:30 [Modules] Streaming discord_voice@1 to /home/ithihas/.config/discord/0.0.83/modules/pending/discord_voice-1.zip: 57%
2/4/2025, 9:22:03 AM GMT+5:30 [Modules] Streaming discord_voice@1 to /home/ithihas/.config/discord/0.0.83/modules/pending/discord_voice-1.zip: 58%
2/4/2025, 9:22:03 AM GMT+5:30 [Modules] Streaming discord_voice@1 to /home/ithihas/.config/discord/0.0.83/modules/pending/discord_voice-1.zip: 59%
2/4/2025, 9:22:03 AM GMT+5:30 [Modules] Streaming discord_voice@1 to /home/ithihas/.config/discord/0.0.83/modules/pending/discord_voice-1.zip: 60%
2/4/2025, 9:22:03 AM GMT+5:30 [Modules] Streaming discord_voice@1 to /home/ithihas/.config/discord/0.0.83/modules/pending/discord_voice-1.zip: 61%
2/4/2025, 9:22:03 AM GMT+5:30 [Modules] Streaming discord_voice@1 to /home/ithihas/.config/discord/0.0.83/modules/pending/discord_voice-1.zip: 62%
2/4/2025, 9:22:03 AM GMT+5:30 [Modules] Streaming discord_voice@1 to /home/ithihas/.config/discord/0.0.83/modules/pending/discord_voice-1.zip: 63%
2/4/2025, 9:22:03 AM GMT+5:30 [Modules] Streaming discord_voice@1 to /home/ithihas/.config/discord/0.0.83/modules/pending/discord_voice-1.zip: 64%
2/4/2025, 9:22:03 AM GMT+5:30 [Modules] Streaming discord_voice@1 to /home/ithihas/.config/discord/0.0.83/modules/pending/discord_voice-1.zip: 65%
2/4/2025, 9:22:03 AM GMT+5:30 [Modules] Streaming discord_voice@1 to /home/ithihas/.config/discord/0.0.83/modules/pending/discord_voice-1.zip: 66%
2/4/2025, 9:22:03 AM GMT+5:30 [Modules] Streaming discord_voice@1 to /home/ithihas/.config/discord/0.0.83/modules/pending/discord_voice-1.zip: 67%
2/4/2025, 9:22:03 AM GMT+5:30 [Modules] Streaming discord_voice@1 to /home/ithihas/.config/discord/0.0.83/modules/pending/discord_voice-1.zip: 68%
2/4/2025, 9:22:03 AM GMT+5:30 [Modules] Streaming discord_voice@1 to /home/ithihas/.config/discord/0.0.83/modules/pending/discord_voice-1.zip: 69%
2/4/2025, 9:22:03 AM GMT+5:30 [Modules] Streaming discord_voice@1 to /home/ithihas/.config/discord/0.0.83/modules/pending/discord_voice-1.zip: 70%
2/4/2025, 9:22:03 AM GMT+5:30 [Modules] Streaming discord_voice@1 to /home/ithihas/.config/discord/0.0.83/modules/pending/discord_voice-1.zip: 71%
2/4/2025, 9:22:03 AM GMT+5:30 [Modules] Streaming discord_voice@1 to /home/ithihas/.config/discord/0.0.83/modules/pending/discord_voice-1.zip: 72%
2/4/2025, 9:22:03 AM GMT+5:30 [Modules] Streaming discord_voice@1 to /home/ithihas/.config/discord/0.0.83/modules/pending/discord_voice-1.zip: 73%
2/4/2025, 9:22:03 AM GMT+5:30 [Modules] Streaming discord_voice@1 to /home/ithihas/.config/discord/0.0.83/modules/pending/discord_voice-1.zip: 74%
2/4/2025, 9:22:03 AM GMT+5:30 [Modules] Streaming discord_voice@1 to /home/ithihas/.config/discord/0.0.83/modules/pending/discord_voice-1.zip: 75%
2/4/2025, 9:22:03 AM GMT+5:30 [Modules] Streaming discord_voice@1 to /home/ithihas/.config/discord/0.0.83/modules/pending/discord_voice-1.zip: 76%
2/4/2025, 9:22:03 AM GMT+5:30 [Modules] Streaming discord_voice@1 to /home/ithihas/.config/discord/0.0.83/modules/pending/discord_voice-1.zip: 77%
2/4/2025, 9:22:03 AM GMT+5:30 [Modules] Streaming discord_voice@1 to /home/ithihas/.config/discord/0.0.83/modules/pending/discord_voice-1.zip: 78%
2/4/2025, 9:22:03 AM GMT+5:30 [Modules] Streaming discord_voice@1 to /home/ithihas/.config/discord/0.0.83/modules/pending/discord_voice-1.zip: 79%
2/4/2025, 9:22:03 AM GMT+5:30 [Modules] Streaming discord_voice@1 to /home/ithihas/.config/discord/0.0.83/modules/pending/discord_voice-1.zip: 80%
2/4/2025, 9:22:03 AM GMT+5:30 [Modules] Streaming discord_voice@1 to /home/ithihas/.config/discord/0.0.83/modules/pending/discord_voice-1.zip: 81%
2/4/2025, 9:22:03 AM GMT+5:30 [Modules] Streaming discord_voice@1 to /home/ithihas/.config/discord/0.0.83/modules/pending/discord_voice-1.zip: 82%
2/4/2025, 9:22:04 AM GMT+5:30 [Modules] Streaming discord_voice@1 to /home/ithihas/.config/discord/0.0.83/modules/pending/discord_voice-1.zip: 83%
2/4/2025, 9:22:04 AM GMT+5:30 [Modules] Streaming discord_voice@1 to /home/ithihas/.config/discord/0.0.83/modules/pending/discord_voice-1.zip: 84%
2/4/2025, 9:22:04 AM GMT+5:30 [Modules] Streaming discord_voice@1 to /home/ithihas/.config/discord/0.0.83/modules/pending/discord_voice-1.zip: 85%
2/4/2025, 9:22:04 AM GMT+5:30 [Modules] Streaming discord_voice@1 to /home/ithihas/.config/discord/0.0.83/modules/pending/discord_voice-1.zip: 86%
2/4/2025, 9:22:04 AM GMT+5:30 [Modules] Streaming discord_voice@1 to /home/ithihas/.config/discord/0.0.83/modules/pending/discord_voice-1.zip: 87%
2/4/2025, 9:22:04 AM GMT+5:30 [Modules] Streaming discord_voice@1 to /home/ithihas/.config/discord/0.0.83/modules/pending/discord_voice-1.zip: 88%
2/4/2025, 9:22:04 AM GMT+5:30 [Modules] Streaming discord_voice@1 to /home/ithihas/.config/discord/0.0.83/modules/pending/discord_voice-1.zip: 90%
2/4/2025, 9:22:04 AM GMT+5:30 [Modules] Streaming discord_voice@1 to /home/ithihas/.config/discord/0.0.83/modules/pending/discord_voice-1.zip: 91%
2/4/2025, 9:22:04 AM GMT+5:30 [Modules] Streaming discord_voice@1 to /home/ithihas/.config/discord/0.0.83/modules/pending/discord_voice-1.zip: 92%
2/4/2025, 9:22:04 AM GMT+5:30 [Modules] Streaming discord_voice@1 to /home/ithihas/.config/discord/0.0.83/modules/pending/discord_voice-1.zip: 93%
2/4/2025, 9:22:04 AM GMT+5:30 [Modules] Streaming discord_voice@1 to /home/ithihas/.config/discord/0.0.83/modules/pending/discord_voice-1.zip: 94%
2/4/2025, 9:22:04 AM GMT+5:30 [Modules] Streaming discord_voice@1 to /home/ithihas/.config/discord/0.0.83/modules/pending/discord_voice-1.zip: 95%
2/4/2025, 9:22:04 AM GMT+5:30 [Modules] Streaming discord_voice@1 to /home/ithihas/.config/discord/0.0.83/modules/pending/discord_voice-1.zip: 96%
2/4/2025, 9:22:04 AM GMT+5:30 [Modules] Streaming discord_voice@1 to /home/ithihas/.config/discord/0.0.83/modules/pending/discord_voice-1.zip: 97%
2/4/2025, 9:22:04 AM GMT+5:30 [Modules] Streaming discord_voice@1 to /home/ithihas/.config/discord/0.0.83/modules/pending/discord_voice-1.zip: 98%
2/4/2025, 9:22:04 AM GMT+5:30 [Modules] Streaming discord_voice@1 to /home/ithihas/.config/discord/0.0.83/modules/pending/discord_voice-1.zip: 99%
2/4/2025, 9:22:04 AM GMT+5:30 [Modules] Streaming discord_voice@1 to /home/ithihas/.config/discord/0.0.83/modules/pending/discord_voice-1.zip: 100%
2/4/2025, 9:22:04 AM GMT+5:30 [Modules] Fetching discord_zstd@1 from https://discord.com/api/modules/stable/discord_zstd/1
2/4/2025, 9:22:04 AM GMT+5:30 [Modules] Streaming discord_zstd@1 to /home/ithihas/.config/discord/0.0.83/modules/pending/discord_zstd-1.zip
2/4/2025, 9:22:04 AM GMT+5:30 [Modules] Streaming discord_zstd@1 to /home/ithihas/.config/discord/0.0.83/modules/pending/discord_zstd-1.zip: 17%
2/4/2025, 9:22:04 AM GMT+5:30 [Modules] Streaming discord_zstd@1 to /home/ithihas/.config/discord/0.0.83/modules/pending/discord_zstd-1.zip: 40%
2/4/2025, 9:22:04 AM GMT+5:30 [Modules] Streaming discord_zstd@1 to /home/ithihas/.config/discord/0.0.83/modules/pending/discord_zstd-1.zip: 74%
2/4/2025, 9:22:04 AM GMT+5:30 [Modules] Streaming discord_zstd@1 to /home/ithihas/.config/discord/0.0.83/modules/pending/discord_zstd-1.zip: 100%
2/4/2025, 9:22:05 AM GMT+5:30 [Modules] Finished module downloads. [success: 6] [failure: 0]
2/4/2025, 9:22:05 AM GMT+5:30 [Modules] Installing updates...
2/4/2025, 9:22:05 AM GMT+5:30 [Modules] Installing discord_desktop_core@1 from /home/ithihas/.config/discord/0.0.83/modules/pending/discord_desktop_core-1.zip
2/4/2025, 9:22:05 AM GMT+5:30 [Modules] Installing discord_erlpack@1 from /home/ithihas/.config/discord/0.0.83/modules/pending/discord_erlpack-1.zip
2/4/2025, 9:22:05 AM GMT+5:30 [Modules] Installing discord_spellcheck@1 from /home/ithihas/.config/discord/0.0.83/modules/pending/discord_spellcheck-1.zip
2/4/2025, 9:22:08 AM GMT+5:30 [Modules] Installing discord_utils@1 from /home/ithihas/.config/discord/0.0.83/modules/pending/discord_utils-1.zip
2/4/2025, 9:22:08 AM GMT+5:30 [Modules] Installing discord_voice@1 from /home/ithihas/.config/discord/0.0.83/modules/pending/discord_voice-1.zip
2/4/2025, 9:22:10 AM GMT+5:30 [Modules] Installing discord_zstd@1 from /home/ithihas/.config/discord/0.0.83/modules/pending/discord_zstd-1.zip
2/4/2025, 9:22:10 AM GMT+5:30 [Modules] Finished module installations. [success: 6] [failure: 0]
2/4/2025, 9:22:10 AM GMT+5:30 [Modules] Checking for host updates.
2/4/2025, 9:22:10 AM GMT+5:30 [Modules] Host is up to date.
2/4/2025, 9:22:10 AM GMT+5:30 [Modules] Checking for module updates at https://discord.com/api/modules/stable/versions.json
2/4/2025, 9:22:10 AM GMT+5:30 [Modules] No module updates available.
2/4/2025, 9:22:14 AM GMT+5:30 [Modules] Starting to install discord_krisp...
2/4/2025, 9:22:14 AM GMT+5:30 [Modules] Fetching discord_krisp@1 from https://discord.com/api/modules/stable/discord_krisp/1
2/4/2025, 9:22:14 AM GMT+5:30 [Modules] Streaming discord_krisp@1 to /home/ithihas/.config/discord/0.0.83/modules/pending/discord_krisp-1.zip
2/4/2025, 9:22:14 AM GMT+5:30 [Modules] Starting to install discord_game_utils...
2/4/2025, 9:22:15 AM GMT+5:30 [Modules] Streaming discord_krisp@1 to /home/ithihas/.config/discord/0.0.83/modules/pending/discord_krisp-1.zip: 1%
2/4/2025, 9:22:15 AM GMT+5:30 [Modules] Streaming discord_krisp@1 to /home/ithihas/.config/discord/0.0.83/modules/pending/discord_krisp-1.zip: 2%
2/4/2025, 9:22:15 AM GMT+5:30 [Modules] Streaming discord_krisp@1 to /home/ithihas/.config/discord/0.0.83/modules/pending/discord_krisp-1.zip: 3%
2/4/2025, 9:22:15 AM GMT+5:30 [Modules] Streaming discord_krisp@1 to /home/ithihas/.config/discord/0.0.83/modules/pending/discord_krisp-1.zip: 4%
2/4/2025, 9:22:15 AM GMT+5:30 [Modules] Streaming discord_krisp@1 to /home/ithihas/.config/discord/0.0.83/modules/pending/discord_krisp-1.zip: 5%
2/4/2025, 9:22:15 AM GMT+5:30 [Modules] Streaming discord_krisp@1 to /home/ithihas/.config/discord/0.0.83/modules/pending/discord_krisp-1.zip: 6%
2/4/2025, 9:22:15 AM GMT+5:30 [Modules] Streaming discord_krisp@1 to /home/ithihas/.config/discord/0.0.83/modules/pending/discord_krisp-1.zip: 8%
2/4/2025, 9:22:15 AM GMT+5:30 [Modules] Streaming discord_krisp@1 to /home/ithihas/.config/discord/0.0.83/modules/pending/discord_krisp-1.zip: 9%
2/4/2025, 9:22:15 AM GMT+5:30 [Modules] Streaming discord_krisp@1 to /home/ithihas/.config/discord/0.0.83/modules/pending/discord_krisp-1.zip: 10%
2/4/2025, 9:22:15 AM GMT+5:30 [Modules] Streaming discord_krisp@1 to /home/ithihas/.config/discord/0.0.83/modules/pending/discord_krisp-1.zip: 11%
2/4/2025, 9:22:15 AM GMT+5:30 [Modules] Streaming discord_krisp@1 to /home/ithihas/.config/discord/0.0.83/modules/pending/discord_krisp-1.zip: 12%
2/4/2025, 9:22:15 AM GMT+5:30 [Modules] Streaming discord_krisp@1 to /home/ithihas/.config/discord/0.0.83/modules/pending/discord_krisp-1.zip: 13%
2/4/2025, 9:22:15 AM GMT+5:30 [Modules] Streaming discord_krisp@1 to /home/ithihas/.config/discord/0.0.83/modules/pending/discord_krisp-1.zip: 14%
2/4/2025, 9:22:15 AM GMT+5:30 [Modules] Streaming discord_krisp@1 to /home/ithihas/.config/discord/0.0.83/modules/pending/discord_krisp-1.zip: 15%
2/4/2025, 9:22:16 AM GMT+5:30 [Modules] Streaming discord_krisp@1 to /home/ithihas/.config/discord/0.0.83/modules/pending/discord_krisp-1.zip: 16%
2/4/2025, 9:22:16 AM GMT+5:30 [Modules] Streaming discord_krisp@1 to /home/ithihas/.config/discord/0.0.83/modules/pending/discord_krisp-1.zip: 17%
2/4/2025, 9:22:16 AM GMT+5:30 [Modules] Streaming discord_krisp@1 to /home/ithihas/.config/discord/0.0.83/modules/pending/discord_krisp-1.zip: 18%
2/4/2025, 9:22:16 AM GMT+5:30 [Modules] Streaming discord_krisp@1 to /home/ithihas/.config/discord/0.0.83/modules/pending/discord_krisp-1.zip: 19%
2/4/2025, 9:22:16 AM GMT+5:30 [Modules] Streaming discord_krisp@1 to /home/ithihas/.config/discord/0.0.83/modules/pending/discord_krisp-1.zip: 20%
2/4/2025, 9:22:16 AM GMT+5:30 [Modules] Streaming discord_krisp@1 to /home/ithihas/.config/discord/0.0.83/modules/pending/discord_krisp-1.zip: 21%
2/4/2025, 9:22:16 AM GMT+5:30 [Modules] Streaming discord_krisp@1 to /home/ithihas/.config/discord/0.0.83/modules/pending/discord_krisp-1.zip: 22%
2/4/2025, 9:22:16 AM GMT+5:30 [Modules] Streaming discord_krisp@1 to /home/ithihas/.config/discord/0.0.83/modules/pending/discord_krisp-1.zip: 23%
2/4/2025, 9:22:16 AM GMT+5:30 [Modules] Streaming discord_krisp@1 to /home/ithihas/.config/discord/0.0.83/modules/pending/discord_krisp-1.zip: 24%
2/4/2025, 9:22:16 AM GMT+5:30 [Modules] Streaming discord_krisp@1 to /home/ithihas/.config/discord/0.0.83/modules/pending/discord_krisp-1.zip: 25%
2/4/2025, 9:22:16 AM GMT+5:30 [Modules] Streaming discord_krisp@1 to /home/ithihas/.config/discord/0.0.83/modules/pending/discord_krisp-1.zip: 26%
2/4/2025, 9:22:16 AM GMT+5:30 [Modules] Streaming discord_krisp@1 to /home/ithihas/.config/discord/0.0.83/modules/pending/discord_krisp-1.zip: 27%
2/4/2025, 9:22:16 AM GMT+5:30 [Modules] Streaming discord_krisp@1 to /home/ithihas/.config/discord/0.0.83/modules/pending/discord_krisp-1.zip: 28%
2/4/2025, 9:22:16 AM GMT+5:30 [Modules] Streaming discord_krisp@1 to /home/ithihas/.config/discord/0.0.83/modules/pending/discord_krisp-1.zip: 29%
2/4/2025, 9:22:16 AM GMT+5:30 [Modules] Streaming discord_krisp@1 to /home/ithihas/.config/discord/0.0.83/modules/pending/discord_krisp-1.zip: 30%
2/4/2025, 9:22:16 AM GMT+5:30 [Modules] Streaming discord_krisp@1 to /home/ithihas/.config/discord/0.0.83/modules/pending/discord_krisp-1.zip: 31%
2/4/2025, 9:22:16 AM GMT+5:30 [Modules] Streaming discord_krisp@1 to /home/ithihas/.config/discord/0.0.83/modules/pending/discord_krisp-1.zip: 32%
2/4/2025, 9:22:16 AM GMT+5:30 [Modules] Streaming discord_krisp@1 to /home/ithihas/.config/discord/0.0.83/modules/pending/discord_krisp-1.zip: 33%
2/4/2025, 9:22:16 AM GMT+5:30 [Modules] Streaming discord_krisp@1 to /home/ithihas/.config/discord/0.0.83/modules/pending/discord_krisp-1.zip: 34%
2/4/2025, 9:22:16 AM GMT+5:30 [Modules] Streaming discord_krisp@1 to /home/ithihas/.config/discord/0.0.83/modules/pending/discord_krisp-1.zip: 35%
2/4/2025, 9:22:16 AM GMT+5:30 [Modules] Streaming discord_krisp@1 to /home/ithihas/.config/discord/0.0.83/modules/pending/discord_krisp-1.zip: 36%
2/4/2025, 9:22:16 AM GMT+5:30 [Modules] Streaming discord_krisp@1 to /home/ithihas/.config/discord/0.0.83/modules/pending/discord_krisp-1.zip: 37%
2/4/2025, 9:22:16 AM GMT+5:30 [Modules] Streaming discord_krisp@1 to /home/ithihas/.config/discord/0.0.83/modules/pending/discord_krisp-1.zip: 38%
2/4/2025, 9:22:16 AM GMT+5:30 [Modules] Streaming discord_krisp@1 to /home/ithihas/.config/discord/0.0.83/modules/pending/discord_krisp-1.zip: 39%
2/4/2025, 9:22:16 AM GMT+5:30 [Modules] Streaming discord_krisp@1 to /home/ithihas/.config/discord/0.0.83/modules/pending/discord_krisp-1.zip: 40%
2/4/2025, 9:22:16 AM GMT+5:30 [Modules] Streaming discord_krisp@1 to /home/ithihas/.config/discord/0.0.83/modules/pending/discord_krisp-1.zip: 41%
2/4/2025, 9:22:16 AM GMT+5:30 [Modules] Streaming discord_krisp@1 to /home/ithihas/.config/discord/0.0.83/modules/pending/discord_krisp-1.zip: 42%
2/4/2025, 9:22:16 AM GMT+5:30 [Modules] Streaming discord_krisp@1 to /home/ithihas/.config/discord/0.0.83/modules/pending/discord_krisp-1.zip: 43%
2/4/2025, 9:22:16 AM GMT+5:30 [Modules] Streaming discord_krisp@1 to /home/ithihas/.config/discord/0.0.83/modules/pending/discord_krisp-1.zip: 44%
2/4/2025, 9:22:16 AM GMT+5:30 [Modules] Streaming discord_krisp@1 to /home/ithihas/.config/discord/0.0.83/modules/pending/discord_krisp-1.zip: 45%
2/4/2025, 9:22:16 AM GMT+5:30 [Modules] Streaming discord_krisp@1 to /home/ithihas/.config/discord/0.0.83/modules/pending/discord_krisp-1.zip: 46%
2/4/2025, 9:22:16 AM GMT+5:30 [Modules] Streaming discord_krisp@1 to /home/ithihas/.config/discord/0.0.83/modules/pending/discord_krisp-1.zip: 47%
2/4/2025, 9:22:16 AM GMT+5:30 [Modules] Streaming discord_krisp@1 to /home/ithihas/.config/discord/0.0.83/modules/pending/discord_krisp-1.zip: 48%
2/4/2025, 9:22:17 AM GMT+5:30 [Modules] Streaming discord_krisp@1 to /home/ithihas/.config/discord/0.0.83/modules/pending/discord_krisp-1.zip: 49%
2/4/2025, 9:22:17 AM GMT+5:30 [Modules] Streaming discord_krisp@1 to /home/ithihas/.config/discord/0.0.83/modules/pending/discord_krisp-1.zip: 50%
2/4/2025, 9:22:17 AM GMT+5:30 [Modules] Streaming discord_krisp@1 to /home/ithihas/.config/discord/0.0.83/modules/pending/discord_krisp-1.zip: 51%
2/4/2025, 9:22:17 AM GMT+5:30 [Modules] Streaming discord_krisp@1 to /home/ithihas/.config/discord/0.0.83/modules/pending/discord_krisp-1.zip: 52%
2/4/2025, 9:22:17 AM GMT+5:30 [Modules] Streaming discord_krisp@1 to /home/ithihas/.config/discord/0.0.83/modules/pending/discord_krisp-1.zip: 53%
2/4/2025, 9:22:17 AM GMT+5:30 [Modules] Streaming discord_krisp@1 to /home/ithihas/.config/discord/0.0.83/modules/pending/discord_krisp-1.zip: 54%
2/4/2025, 9:22:17 AM GMT+5:30 [Modules] Streaming discord_krisp@1 to /home/ithihas/.config/discord/0.0.83/modules/pending/discord_krisp-1.zip: 55%
2/4/2025, 9:22:17 AM GMT+5:30 [Modules] Streaming discord_krisp@1 to /home/ithihas/.config/discord/0.0.83/modules/pending/discord_krisp-1.zip: 56%
2/4/2025, 9:22:17 AM GMT+5:30 [Modules] Streaming discord_krisp@1 to /home/ithihas/.config/discord/0.0.83/modules/pending/discord_krisp-1.zip: 57%
2/4/2025, 9:22:17 AM GMT+5:30 [Modules] Streaming discord_krisp@1 to /home/ithihas/.config/discord/0.0.83/modules/pending/discord_krisp-1.zip: 58%
2/4/2025, 9:22:17 AM GMT+5:30 [Modules] Streaming discord_krisp@1 to /home/ithihas/.config/discord/0.0.83/modules/pending/discord_krisp-1.zip: 59%
2/4/2025, 9:22:17 AM GMT+5:30 [Modules] Streaming discord_krisp@1 to /home/ithihas/.config/discord/0.0.83/modules/pending/discord_krisp-1.zip: 60%
2/4/2025, 9:22:17 AM GMT+5:30 [Modules] Streaming discord_krisp@1 to /home/ithihas/.config/discord/0.0.83/modules/pending/discord_krisp-1.zip: 61%
2/4/2025, 9:22:17 AM GMT+5:30 [Modules] Streaming discord_krisp@1 to /home/ithihas/.config/discord/0.0.83/modules/pending/discord_krisp-1.zip: 62%
2/4/2025, 9:22:17 AM GMT+5:30 [Modules] Streaming discord_krisp@1 to /home/ithihas/.config/discord/0.0.83/modules/pending/discord_krisp-1.zip: 63%
2/4/2025, 9:22:17 AM GMT+5:30 [Modules] Streaming discord_krisp@1 to /home/ithihas/.config/discord/0.0.83/modules/pending/discord_krisp-1.zip: 64%
2/4/2025, 9:22:17 AM GMT+5:30 [Modules] Streaming discord_krisp@1 to /home/ithihas/.config/discord/0.0.83/modules/pending/discord_krisp-1.zip: 65%
2/4/2025, 9:22:17 AM GMT+5:30 [Modules] Streaming discord_krisp@1 to /home/ithihas/.config/discord/0.0.83/modules/pending/discord_krisp-1.zip: 66%
2/4/2025, 9:22:17 AM GMT+5:30 [Modules] Streaming discord_krisp@1 to /home/ithihas/.config/discord/0.0.83/modules/pending/discord_krisp-1.zip: 67%
2/4/2025, 9:22:17 AM GMT+5:30 [Modules] Streaming discord_krisp@1 to /home/ithihas/.config/discord/0.0.83/modules/pending/discord_krisp-1.zip: 68%
2/4/2025, 9:22:17 AM GMT+5:30 [Modules] Streaming discord_krisp@1 to /home/ithihas/.config/discord/0.0.83/modules/pending/discord_krisp-1.zip: 69%
2/4/2025, 9:22:17 AM GMT+5:30 [Modules] Streaming discord_krisp@1 to /home/ithihas/.config/discord/0.0.83/modules/pending/discord_krisp-1.zip: 70%
2/4/2025, 9:22:17 AM GMT+5:30 [Modules] Streaming discord_krisp@1 to /home/ithihas/.config/discord/0.0.83/modules/pending/discord_krisp-1.zip: 71%
2/4/2025, 9:22:17 AM GMT+5:30 [Modules] Streaming discord_krisp@1 to /home/ithihas/.config/discord/0.0.83/modules/pending/discord_krisp-1.zip: 72%
2/4/2025, 9:22:17 AM GMT+5:30 [Modules] Streaming discord_krisp@1 to /home/ithihas/.config/discord/0.0.83/modules/pending/discord_krisp-1.zip: 73%
2/4/2025, 9:22:17 AM GMT+5:30 [Modules] Checking for host updates.
2/4/2025, 9:22:17 AM GMT+5:30 [Modules] Streaming discord_krisp@1 to /home/ithihas/.config/discord/0.0.83/modules/pending/discord_krisp-1.zip: 74%
2/4/2025, 9:22:18 AM GMT+5:30 [Modules] Streaming discord_krisp@1 to /home/ithihas/.config/discord/0.0.83/modules/pending/discord_krisp-1.zip: 75%
2/4/2025, 9:22:18 AM GMT+5:30 [Modules] Streaming discord_krisp@1 to /home/ithihas/.config/discord/0.0.83/modules/pending/discord_krisp-1.zip: 76%
2/4/2025, 9:22:18 AM GMT+5:30 [Modules] Starting to install discord_rpc...
2/4/2025, 9:22:18 AM GMT+5:30 [Modules] Streaming discord_krisp@1 to /home/ithihas/.config/discord/0.0.83/modules/pending/discord_krisp-1.zip: 77%
2/4/2025, 9:22:18 AM GMT+5:30 [Modules] Streaming discord_krisp@1 to /home/ithihas/.config/discord/0.0.83/modules/pending/discord_krisp-1.zip: 78%
2/4/2025, 9:22:19 AM GMT+5:30 [Modules] Streaming discord_krisp@1 to /home/ithihas/.config/discord/0.0.83/modules/pending/discord_krisp-1.zip: 79%
2/4/2025, 9:22:19 AM GMT+5:30 [Modules] Streaming discord_krisp@1 to /home/ithihas/.config/discord/0.0.83/modules/pending/discord_krisp-1.zip: 80%
2/4/2025, 9:22:19 AM GMT+5:30 [Modules] Streaming discord_krisp@1 to /home/ithihas/.config/discord/0.0.83/modules/pending/discord_krisp-1.zip: 81%
2/4/2025, 9:22:19 AM GMT+5:30 [Modules] Streaming discord_krisp@1 to /home/ithihas/.config/discord/0.0.83/modules/pending/discord_krisp-1.zip: 82%
2/4/2025, 9:22:19 AM GMT+5:30 [Modules] Host is up to date.
2/4/2025, 9:22:19 AM GMT+5:30 [Modules] Checking for module updates at https://discord.com/api/modules/stable/versions.json
2/4/2025, 9:22:19 AM GMT+5:30 [Modules] Streaming discord_krisp@1 to /home/ithihas/.config/discord/0.0.83/modules/pending/discord_krisp-1.zip: 83%
2/4/2025, 9:22:19 AM GMT+5:30 [Modules] No module updates available.
2/4/2025, 9:22:19 AM GMT+5:30 [Modules] Streaming discord_krisp@1 to /home/ithihas/.config/discord/0.0.83/modules/pending/discord_krisp-1.zip: 84%
2/4/2025, 9:22:19 AM GMT+5:30 [Modules] Streaming discord_krisp@1 to /home/ithihas/.config/discord/0.0.83/modules/pending/discord_krisp-1.zip: 88%
2/4/2025, 9:22:19 AM GMT+5:30 [Modules] Streaming discord_krisp@1 to /home/ithihas/.config/discord/0.0.83/modules/pending/discord_krisp-1.zip: 89%
2/4/2025, 9:22:19 AM GMT+5:30 [Modules] Streaming discord_krisp@1 to /home/ithihas/.config/discord/0.0.83/modules/pending/discord_krisp-1.zip: 90%
2/4/2025, 9:22:19 AM GMT+5:30 [Modules] Streaming discord_krisp@1 to /home/ithihas/.config/discord/0.0.83/modules/pending/discord_krisp-1.zip: 92%
2/4/2025, 9:22:19 AM GMT+5:30 [Modules] Streaming discord_krisp@1 to /home/ithihas/.config/discord/0.0.83/modules/pending/discord_krisp-1.zip: 93%
2/4/2025, 9:22:19 AM GMT+5:30 [Modules] Streaming discord_krisp@1 to /home/ithihas/.config/discord/0.0.83/modules/pending/discord_krisp-1.zip: 94%
2/4/2025, 9:22:19 AM GMT+5:30 [Modules] Streaming discord_krisp@1 to /home/ithihas/.config/discord/0.0.83/modules/pending/discord_krisp-1.zip: 95%
2/4/2025, 9:22:19 AM GMT+5:30 [Modules] Streaming discord_krisp@1 to /home/ithihas/.config/discord/0.0.83/modules/pending/discord_krisp-1.zip: 96%
2/4/2025, 9:22:19 AM GMT+5:30 [Modules] Streaming discord_krisp@1 to /home/ithihas/.config/discord/0.0.83/modules/pending/discord_krisp-1.zip: 97%
2/4/2025, 9:22:19 AM GMT+5:30 [Modules] Streaming discord_krisp@1 to /home/ithihas/.config/discord/0.0.83/modules/pending/discord_krisp-1.zip: 98%
2/4/2025, 9:22:19 AM GMT+5:30 [Modules] Streaming discord_krisp@1 to /home/ithihas/.config/discord/0.0.83/modules/pending/discord_krisp-1.zip: 99%
2/4/2025, 9:22:19 AM GMT+5:30 [Modules] Streaming discord_krisp@1 to /home/ithihas/.config/discord/0.0.83/modules/pending/discord_krisp-1.zip: 100%
2/4/2025, 9:22:19 AM GMT+5:30 [Modules] Fetching discord_game_utils@1 from https://discord.com/api/modules/stable/discord_game_utils/1
2/4/2025, 9:22:19 AM GMT+5:30 [Modules] Streaming discord_game_utils@1 to /home/ithihas/.config/discord/0.0.83/modules/pending/discord_game_utils-1.zip
2/4/2025, 9:22:19 AM GMT+5:30 [Modules] Installing discord_krisp@1 from /home/ithihas/.config/discord/0.0.83/modules/pending/discord_krisp-1.zip
2/4/2025, 9:22:19 AM GMT+5:30 [Modules] Streaming discord_game_utils@1 to /home/ithihas/.config/discord/0.0.83/modules/pending/discord_game_utils-1.zip: 1%
2/4/2025, 9:22:19 AM GMT+5:30 [Modules] Streaming discord_game_utils@1 to /home/ithihas/.config/discord/0.0.83/modules/pending/discord_game_utils-1.zip: 2%
2/4/2025, 9:22:19 AM GMT+5:30 [Modules] Streaming discord_game_utils@1 to /home/ithihas/.config/discord/0.0.83/modules/pending/discord_game_utils-1.zip: 5%
2/4/2025, 9:22:19 AM GMT+5:30 [Modules] Streaming discord_game_utils@1 to /home/ithihas/.config/discord/0.0.83/modules/pending/discord_game_utils-1.zip: 6%
2/4/2025, 9:22:19 AM GMT+5:30 [Modules] Streaming discord_game_utils@1 to /home/ithihas/.config/discord/0.0.83/modules/pending/discord_game_utils-1.zip: 8%
2/4/2025, 9:22:19 AM GMT+5:30 [Modules] Streaming discord_game_utils@1 to /home/ithihas/.config/discord/0.0.83/modules/pending/discord_game_utils-1.zip: 9%
2/4/2025, 9:22:19 AM GMT+5:30 [Modules] Streaming discord_game_utils@1 to /home/ithihas/.config/discord/0.0.83/modules/pending/discord_game_utils-1.zip: 11%
2/4/2025, 9:22:19 AM GMT+5:30 [Modules] Streaming discord_game_utils@1 to /home/ithihas/.config/discord/0.0.83/modules/pending/discord_game_utils-1.zip: 14%
2/4/2025, 9:22:19 AM GMT+5:30 [Modules] Streaming discord_game_utils@1 to /home/ithihas/.config/discord/0.0.83/modules/pending/discord_game_utils-1.zip: 16%
2/4/2025, 9:22:19 AM GMT+5:30 [Modules] Streaming discord_game_utils@1 to /home/ithihas/.config/discord/0.0.83/modules/pending/discord_game_utils-1.zip: 17%
2/4/2025, 9:22:19 AM GMT+5:30 [Modules] Streaming discord_game_utils@1 to /home/ithihas/.config/discord/0.0.83/modules/pending/discord_game_utils-1.zip: 20%
2/4/2025, 9:22:19 AM GMT+5:30 [Modules] Streaming discord_game_utils@1 to /home/ithihas/.config/discord/0.0.83/modules/pending/discord_game_utils-1.zip: 21%
2/4/2025, 9:22:19 AM GMT+5:30 [Modules] Streaming discord_game_utils@1 to /home/ithihas/.config/discord/0.0.83/modules/pending/discord_game_utils-1.zip: 22%
2/4/2025, 9:22:19 AM GMT+5:30 [Modules] Streaming discord_game_utils@1 to /home/ithihas/.config/discord/0.0.83/modules/pending/discord_game_utils-1.zip: 24%
2/4/2025, 9:22:20 AM GMT+5:30 [Modules] Streaming discord_game_utils@1 to /home/ithihas/.config/discord/0.0.83/modules/pending/discord_game_utils-1.zip: 25%
2/4/2025, 9:22:20 AM GMT+5:30 [Modules] Streaming discord_game_utils@1 to /home/ithihas/.config/discord/0.0.83/modules/pending/discord_game_utils-1.zip: 27%
2/4/2025, 9:22:20 AM GMT+5:30 [Modules] Streaming discord_game_utils@1 to /home/ithihas/.config/discord/0.0.83/modules/pending/discord_game_utils-1.zip: 30%
2/4/2025, 9:22:20 AM GMT+5:30 [Modules] Streaming discord_game_utils@1 to /home/ithihas/.config/discord/0.0.83/modules/pending/discord_game_utils-1.zip: 32%
2/4/2025, 9:22:20 AM GMT+5:30 [Modules] Streaming discord_game_utils@1 to /home/ithihas/.config/discord/0.0.83/modules/pending/discord_game_utils-1.zip: 33%
2/4/2025, 9:22:20 AM GMT+5:30 [Modules] Streaming discord_game_utils@1 to /home/ithihas/.config/discord/0.0.83/modules/pending/discord_game_utils-1.zip: 34%
2/4/2025, 9:22:20 AM GMT+5:30 [Modules] Streaming discord_game_utils@1 to /home/ithihas/.config/discord/0.0.83/modules/pending/discord_game_utils-1.zip: 37%
2/4/2025, 9:22:20 AM GMT+5:30 [Modules] Streaming discord_game_utils@1 to /home/ithihas/.config/discord/0.0.83/modules/pending/discord_game_utils-1.zip: 40%
2/4/2025, 9:22:20 AM GMT+5:30 [Modules] Streaming discord_game_utils@1 to /home/ithihas/.config/discord/0.0.83/modules/pending/discord_game_utils-1.zip: 43%
2/4/2025, 9:22:20 AM GMT+5:30 [Modules] Streaming discord_game_utils@1 to /home/ithihas/.config/discord/0.0.83/modules/pending/discord_game_utils-1.zip: 44%
2/4/2025, 9:22:20 AM GMT+5:30 [Modules] Streaming discord_game_utils@1 to /home/ithihas/.config/discord/0.0.83/modules/pending/discord_game_utils-1.zip: 46%
2/4/2025, 9:22:20 AM GMT+5:30 [Modules] Streaming discord_game_utils@1 to /home/ithihas/.config/discord/0.0.83/modules/pending/discord_game_utils-1.zip: 47%
2/4/2025, 9:22:20 AM GMT+5:30 [Modules] Streaming discord_game_utils@1 to /home/ithihas/.config/discord/0.0.83/modules/pending/discord_game_utils-1.zip: 49%
2/4/2025, 9:22:20 AM GMT+5:30 [Modules] Streaming discord_game_utils@1 to /home/ithihas/.config/discord/0.0.83/modules/pending/discord_game_utils-1.zip: 50%
2/4/2025, 9:22:20 AM GMT+5:30 [Modules] Streaming discord_game_utils@1 to /home/ithihas/.config/discord/0.0.83/modules/pending/discord_game_utils-1.zip: 51%
2/4/2025, 9:22:20 AM GMT+5:30 [Modules] Streaming discord_game_utils@1 to /home/ithihas/.config/discord/0.0.83/modules/pending/discord_game_utils-1.zip: 52%
2/4/2025, 9:22:20 AM GMT+5:30 [Modules] Streaming discord_game_utils@1 to /home/ithihas/.config/discord/0.0.83/modules/pending/discord_game_utils-1.zip: 53%
2/4/2025, 9:22:20 AM GMT+5:30 [Modules] Streaming discord_game_utils@1 to /home/ithihas/.config/discord/0.0.83/modules/pending/discord_game_utils-1.zip: 55%
2/4/2025, 9:22:20 AM GMT+5:30 [Modules] Streaming discord_game_utils@1 to /home/ithihas/.config/discord/0.0.83/modules/pending/discord_game_utils-1.zip: 58%
2/4/2025, 9:22:20 AM GMT+5:30 [Modules] Streaming discord_game_utils@1 to /home/ithihas/.config/discord/0.0.83/modules/pending/discord_game_utils-1.zip: 60%
2/4/2025, 9:22:20 AM GMT+5:30 [Modules] Streaming discord_game_utils@1 to /home/ithihas/.config/discord/0.0.83/modules/pending/discord_game_utils-1.zip: 61%
2/4/2025, 9:22:20 AM GMT+5:30 [Modules] Streaming discord_game_utils@1 to /home/ithihas/.config/discord/0.0.83/modules/pending/discord_game_utils-1.zip: 64%
2/4/2025, 9:22:20 AM GMT+5:30 [Modules] Streaming discord_game_utils@1 to /home/ithihas/.config/discord/0.0.83/modules/pending/discord_game_utils-1.zip: 65%
2/4/2025, 9:22:20 AM GMT+5:30 [Modules] Streaming discord_game_utils@1 to /home/ithihas/.config/discord/0.0.83/modules/pending/discord_game_utils-1.zip: 67%
2/4/2025, 9:22:20 AM GMT+5:30 [Modules] Streaming discord_game_utils@1 to /home/ithihas/.config/discord/0.0.83/modules/pending/discord_game_utils-1.zip: 68%
2/4/2025, 9:22:20 AM GMT+5:30 [Modules] Streaming discord_game_utils@1 to /home/ithihas/.config/discord/0.0.83/modules/pending/discord_game_utils-1.zip: 69%
2/4/2025, 9:22:20 AM GMT+5:30 [Modules] Streaming discord_game_utils@1 to /home/ithihas/.config/discord/0.0.83/modules/pending/discord_game_utils-1.zip: 70%
2/4/2025, 9:22:20 AM GMT+5:30 [Modules] Streaming discord_game_utils@1 to /home/ithihas/.config/discord/0.0.83/modules/pending/discord_game_utils-1.zip: 71%
2/4/2025, 9:22:20 AM GMT+5:30 [Modules] Streaming discord_game_utils@1 to /home/ithihas/.config/discord/0.0.83/modules/pending/discord_game_utils-1.zip: 72%
2/4/2025, 9:22:20 AM GMT+5:30 [Modules] Streaming discord_game_utils@1 to /home/ithihas/.config/discord/0.0.83/modules/pending/discord_game_utils-1.zip: 73%
2/4/2025, 9:22:20 AM GMT+5:30 [Modules] Streaming discord_game_utils@1 to /home/ithihas/.config/discord/0.0.83/modules/pending/discord_game_utils-1.zip: 74%
2/4/2025, 9:22:20 AM GMT+5:30 [Modules] Streaming discord_game_utils@1 to /home/ithihas/.config/discord/0.0.83/modules/pending/discord_game_utils-1.zip: 75%
2/4/2025, 9:22:20 AM GMT+5:30 [Modules] Streaming discord_game_utils@1 to /home/ithihas/.config/discord/0.0.83/modules/pending/discord_game_utils-1.zip: 76%
2/4/2025, 9:22:20 AM GMT+5:30 [Modules] Streaming discord_game_utils@1 to /home/ithihas/.config/discord/0.0.83/modules/pending/discord_game_utils-1.zip: 77%
2/4/2025, 9:22:20 AM GMT+5:30 [Modules] Streaming discord_game_utils@1 to /home/ithihas/.config/discord/0.0.83/modules/pending/discord_game_utils-1.zip: 78%
2/4/2025, 9:22:20 AM GMT+5:30 [Modules] Streaming discord_game_utils@1 to /home/ithihas/.config/discord/0.0.83/modules/pending/discord_game_utils-1.zip: 81%
2/4/2025, 9:22:20 AM GMT+5:30 [Modules] Streaming discord_game_utils@1 to /home/ithihas/.config/discord/0.0.83/modules/pending/discord_game_utils-1.zip: 82%
2/4/2025, 9:22:20 AM GMT+5:30 [Modules] Streaming discord_game_utils@1 to /home/ithihas/.config/discord/0.0.83/modules/pending/discord_game_utils-1.zip: 84%
2/4/2025, 9:22:20 AM GMT+5:30 [Modules] Streaming discord_game_utils@1 to /home/ithihas/.config/discord/0.0.83/modules/pending/discord_game_utils-1.zip: 85%
2/4/2025, 9:22:20 AM GMT+5:30 [Modules] Streaming discord_game_utils@1 to /home/ithihas/.config/discord/0.0.83/modules/pending/discord_game_utils-1.zip: 86%
2/4/2025, 9:22:20 AM GMT+5:30 [Modules] Streaming discord_game_utils@1 to /home/ithihas/.config/discord/0.0.83/modules/pending/discord_game_utils-1.zip: 87%
2/4/2025, 9:22:20 AM GMT+5:30 [Modules] Streaming discord_game_utils@1 to /home/ithihas/.config/discord/0.0.83/modules/pending/discord_game_utils-1.zip: 88%
2/4/2025, 9:22:20 AM GMT+5:30 [Modules] Streaming discord_game_utils@1 to /home/ithihas/.config/discord/0.0.83/modules/pending/discord_game_utils-1.zip: 90%
2/4/2025, 9:22:20 AM GMT+5:30 [Modules] Streaming discord_game_utils@1 to /home/ithihas/.config/discord/0.0.83/modules/pending/discord_game_utils-1.zip: 91%
2/4/2025, 9:22:20 AM GMT+5:30 [Modules] Streaming discord_game_utils@1 to /home/ithihas/.config/discord/0.0.83/modules/pending/discord_game_utils-1.zip: 92%
2/4/2025, 9:22:20 AM GMT+5:30 [Modules] Streaming discord_game_utils@1 to /home/ithihas/.config/discord/0.0.83/modules/pending/discord_game_utils-1.zip: 93%
2/4/2025, 9:22:20 AM GMT+5:30 [Modules] Streaming discord_game_utils@1 to /home/ithihas/.config/discord/0.0.83/modules/pending/discord_game_utils-1.zip: 95%
2/4/2025, 9:22:20 AM GMT+5:30 [Modules] Streaming discord_game_utils@1 to /home/ithihas/.config/discord/0.0.83/modules/pending/discord_game_utils-1.zip: 96%
2/4/2025, 9:22:20 AM GMT+5:30 [Modules] Streaming discord_game_utils@1 to /home/ithihas/.config/discord/0.0.83/modules/pending/discord_game_utils-1.zip: 98%
2/4/2025, 9:22:20 AM GMT+5:30 [Modules] Streaming discord_game_utils@1 to /home/ithihas/.config/discord/0.0.83/modules/pending/discord_game_utils-1.zip: 100%
2/4/2025, 9:22:20 AM GMT+5:30 [Modules] Fetching discord_rpc@1 from https://discord.com/api/modules/stable/discord_rpc/1
2/4/2025, 9:22:20 AM GMT+5:30 [Modules] Streaming discord_rpc@1 to /home/ithihas/.config/discord/0.0.83/modules/pending/discord_rpc-1.zip
2/4/2025, 9:22:20 AM GMT+5:30 [Modules] Streaming discord_rpc@1 to /home/ithihas/.config/discord/0.0.83/modules/pending/discord_rpc-1.zip: 38%
2/4/2025, 9:22:20 AM GMT+5:30 [Modules] Streaming discord_rpc@1 to /home/ithihas/.config/discord/0.0.83/modules/pending/discord_rpc-1.zip: 77%
2/4/2025, 9:22:20 AM GMT+5:30 [Modules] Streaming discord_rpc@1 to /home/ithihas/.config/discord/0.0.83/modules/pending/discord_rpc-1.zip: 100%
2/4/2025, 9:22:20 AM GMT+5:30 [Modules] Finished module downloads. [success: 3] [failure: 0]
2/4/2025, 9:22:21 AM GMT+5:30 [Modules] Installing discord_game_utils@1 from /home/ithihas/.config/discord/0.0.83/modules/pending/discord_game_utils-1.zip
2/4/2025, 9:22:21 AM GMT+5:30 [Modules] Installing discord_rpc@1 from /home/ithihas/.config/discord/0.0.83/modules/pending/discord_rpc-1.zip
2/4/2025, 9:22:21 AM GMT+5:30 [Modules] Finished module installations. [success: 3] [failure: 0]
2/4/2025, 9:23:17 AM GMT+5:30 [Modules] Modules initializing
2/4/2025, 9:23:18 AM GMT+5:30 [Modules] Distribution: remote
2/4/2025, 9:23:18 AM GMT+5:30 [Modules] Host updates: enabled
2/4/2025, 9:23:18 AM GMT+5:30 [Modules] Module updates: enabled
2/4/2025, 9:23:18 AM GMT+5:30 [Modules] Module install path: /home/ithihas/.config/discord/0.0.83/modules
2/4/2025, 9:23:18 AM GMT+5:30 [Modules] Module installed file path: /home/ithihas/.config/discord/0.0.83/modules/installed.json
2/4/2025, 9:23:18 AM GMT+5:30 [Modules] Module download path: /home/ithihas/.config/discord/0.0.83/modules/pending
2/4/2025, 9:23:18 AM GMT+5:30 [Modules] No updates to install
2/4/2025, 9:23:18 AM GMT+5:30 [Modules] Checking for host updates.
2/4/2025, 9:23:19 AM GMT+5:30 [Modules] Host is up to date.
2/4/2025, 9:23:19 AM GMT+5:30 [Modules] Checking for module updates at https://discord.com/api/modules/stable/versions.json
2/4/2025, 9:23:19 AM GMT+5:30 [Modules] No module updates available.
2/4/2025, 9:23:24 AM GMT+5:30 [Modules] Checking for host updates.
2/4/2025, 9:23:27 AM GMT+5:30 [Modules] Host is up to date.
2/4/2025, 9:23:27 AM GMT+5:30 [Modules] Checking for module updates at https://discord.com/api/modules/stable/versions.json
2/4/2025, 9:23:27 AM GMT+5:30 [Modules] No module updates available.
2/4/2025, 10:23:24 AM GMT+5:30 [Modules] Checking for host updates.
2/4/2025, 10:23:25 AM GMT+5:30 [Modules] Host is up to date.
2/4/2025, 10:23:25 AM GMT+5:30 [Modules] Checking for module updates at https://discord.com/api/modules/stable/versions.json
2/4/2025, 10:23:25 AM GMT+5:30 [Modules] No module updates available.
2/4/2025, 11:23:24 AM GMT+5:30 [Modules] Checking for host updates.
2/4/2025, 11:23:25 AM GMT+5:30 [Modules] Host is up to date.
2/4/2025, 11:23:25 AM GMT+5:30 [Modules] Checking for module updates at https://discord.com/api/modules/stable/versions.json
2/4/2025, 11:23:25 AM GMT+5:30 [Modules] No module updates available.
2/5/2025, 11:01:57 AM GMT+5:30 [Modules] Modules initializing
2/5/2025, 11:01:57 AM GMT+5:30 [Modules] Distribution: remote
2/5/2025, 11:01:57 AM GMT+5:30 [Modules] Host updates: enabled
2/5/2025, 11:01:57 AM GMT+5:30 [Modules] Module updates: enabled
2/5/2025, 11:01:57 AM GMT+5:30 [Modules] Module install path: /home/ithihas/.config/discord/0.0.83/modules
2/5/2025, 11:01:57 AM GMT+5:30 [Modules] Module installed file path: /home/ithihas/.config/discord/0.0.83/modules/installed.json
2/5/2025, 11:01:57 AM GMT+5:30 [Modules] Module download path: /home/ithihas/.config/discord/0.0.83/modules/pending
2/5/2025, 11:01:57 AM GMT+5:30 [Modules] No updates to install
2/5/2025, 11:01:57 AM GMT+5:30 [Modules] Checking for host updates.
2/5/2025, 11:01:58 AM GMT+5:30 [Modules] Host update is available. Manual update required!
2/5/2025, 4:00:30 PM GMT+5:30 [Modules] Modules initializing
2/5/2025, 4:00:30 PM GMT+5:30 [Modules] Distribution: remote
2/5/2025, 4:00:30 PM GMT+5:30 [Modules] Host updates: enabled
2/5/2025, 4:00:30 PM GMT+5:30 [Modules] Module updates: enabled
2/5/2025, 4:00:30 PM GMT+5:30 [Modules] Module install path: /home/ithihas/.config/discord/0.0.84/modules
2/5/2025, 4:00:30 PM GMT+5:30 [Modules] Module installed file path: /home/ithihas/.config/discord/0.0.84/modules/installed.json
2/5/2025, 4:00:30 PM GMT+5:30 [Modules] Module download path: /home/ithihas/.config/discord/0.0.84/modules/pending
2/5/2025, 4:00:31 PM GMT+5:30 [Modules] Bootstrapping...
2/5/2025, 4:00:31 PM GMT+5:30 [Modules] Installing discord_desktop_core@0 from /opt/discord/resources/bootstrap/discord_desktop_core.zip
2/5/2025, 4:00:31 PM GMT+5:30 [Modules] Failed installing discord_desktop_core@0: Error: ENOENT: no such file or directory, open '/opt/discord/resources/bootstrap/discord_desktop_core.zip'
2/5/2025, 4:00:31 PM GMT+5:30 [Modules] Installing discord_erlpack@0 from /opt/discord/resources/bootstrap/discord_erlpack.zip
2/5/2025, 4:00:31 PM GMT+5:30 [Modules] Failed installing discord_erlpack@0: Error: ENOENT: no such file or directory, open '/opt/discord/resources/bootstrap/discord_erlpack.zip'
2/5/2025, 4:00:31 PM GMT+5:30 [Modules] Installing discord_spellcheck@0 from /opt/discord/resources/bootstrap/discord_spellcheck.zip
2/5/2025, 4:00:31 PM GMT+5:30 [Modules] Failed installing discord_spellcheck@0: Error: ENOENT: no such file or directory, open '/opt/discord/resources/bootstrap/discord_spellcheck.zip'
2/5/2025, 4:00:31 PM GMT+5:30 [Modules] Installing discord_utils@0 from /opt/discord/resources/bootstrap/discord_utils.zip
2/5/2025, 4:00:31 PM GMT+5:30 [Modules] Failed installing discord_utils@0: Error: ENOENT: no such file or directory, open '/opt/discord/resources/bootstrap/discord_utils.zip'
2/5/2025, 4:00:31 PM GMT+5:30 [Modules] Installing discord_voice@0 from /opt/discord/resources/bootstrap/discord_voice.zip
2/5/2025, 4:00:31 PM GMT+5:30 [Modules] Failed installing discord_voice@0: Error: ENOENT: no such file or directory, open '/opt/discord/resources/bootstrap/discord_voice.zip'
2/5/2025, 4:00:31 PM GMT+5:30 [Modules] Installing discord_zstd@0 from /opt/discord/resources/bootstrap/discord_zstd.zip
2/5/2025, 4:00:31 PM GMT+5:30 [Modules] Failed installing discord_zstd@0: Error: ENOENT: no such file or directory, open '/opt/discord/resources/bootstrap/discord_zstd.zip'
2/5/2025, 4:00:31 PM GMT+5:30 [Modules] Finished module installations. [success: 0] [failure: 6]
2/5/2025, 4:00:31 PM GMT+5:30 [Modules] Checking for host updates.
2/5/2025, 4:00:32 PM GMT+5:30 [Modules] Host is up to date.
2/5/2025, 4:00:32 PM GMT+5:30 [Modules] Checking for module updates at https://discord.com/api/modules/stable/versions.json
2/5/2025, 4:00:32 PM GMT+5:30 [Modules] Module update available: discord_desktop_core@1 [installed: 0]
2/5/2025, 4:00:32 PM GMT+5:30 [Modules] Module update available: discord_erlpack@1 [installed: 0]
2/5/2025, 4:00:32 PM GMT+5:30 [Modules] Module update available: discord_spellcheck@1 [installed: 0]
2/5/2025, 4:00:32 PM GMT+5:30 [Modules] Module update available: discord_utils@1 [installed: 0]
2/5/2025, 4:00:32 PM GMT+5:30 [Modules] Module update available: discord_voice@1 [installed: 0]
2/5/2025, 4:00:32 PM GMT+5:30 [Modules] Module update available: discord_zstd@1 [installed: 0]
2/5/2025, 4:00:32 PM GMT+5:30 [Modules] Fetching discord_desktop_core@1 from https://discord.com/api/modules/stable/discord_desktop_core/1
2/5/2025, 4:00:32 PM GMT+5:30 [Modules] Streaming discord_desktop_core@1 to /home/ithihas/.config/discord/0.0.84/modules/pending/discord_desktop_core-1.zip
2/5/2025, 4:00:32 PM GMT+5:30 [Modules] Streaming discord_desktop_core@1 to /home/ithihas/.config/discord/0.0.84/modules/pending/discord_desktop_core-1.zip: 1%
2/5/2025, 4:00:32 PM GMT+5:30 [Modules] Streaming discord_desktop_core@1 to /home/ithihas/.config/discord/0.0.84/modules/pending/discord_desktop_core-1.zip: 3%
2/5/2025, 4:00:32 PM GMT+5:30 [Modules] Streaming discord_desktop_core@1 to /home/ithihas/.config/discord/0.0.84/modules/pending/discord_desktop_core-1.zip: 4%
2/5/2025, 4:00:32 PM GMT+5:30 [Modules] Streaming discord_desktop_core@1 to /home/ithihas/.config/discord/0.0.84/modules/pending/discord_desktop_core-1.zip: 6%
2/5/2025, 4:00:32 PM GMT+5:30 [Modules] Streaming discord_desktop_core@1 to /home/ithihas/.config/discord/0.0.84/modules/pending/discord_desktop_core-1.zip: 7%
2/5/2025, 4:00:32 PM GMT+5:30 [Modules] Streaming discord_desktop_core@1 to /home/ithihas/.config/discord/0.0.84/modules/pending/discord_desktop_core-1.zip: 10%
2/5/2025, 4:00:32 PM GMT+5:30 [Modules] Streaming discord_desktop_core@1 to /home/ithihas/.config/discord/0.0.84/modules/pending/discord_desktop_core-1.zip: 14%
2/5/2025, 4:00:32 PM GMT+5:30 [Modules] Streaming discord_desktop_core@1 to /home/ithihas/.config/discord/0.0.84/modules/pending/discord_desktop_core-1.zip: 17%
2/5/2025, 4:00:32 PM GMT+5:30 [Modules] Streaming discord_desktop_core@1 to /home/ithihas/.config/discord/0.0.84/modules/pending/discord_desktop_core-1.zip: 19%
2/5/2025, 4:00:32 PM GMT+5:30 [Modules] Streaming discord_desktop_core@1 to /home/ithihas/.config/discord/0.0.84/modules/pending/discord_desktop_core-1.zip: 21%
2/5/2025, 4:00:32 PM GMT+5:30 [Modules] Streaming discord_desktop_core@1 to /home/ithihas/.config/discord/0.0.84/modules/pending/discord_desktop_core-1.zip: 22%
2/5/2025, 4:00:32 PM GMT+5:30 [Modules] Streaming discord_desktop_core@1 to /home/ithihas/.config/discord/0.0.84/modules/pending/discord_desktop_core-1.zip: 23%
2/5/2025, 4:00:32 PM GMT+5:30 [Modules] Streaming discord_desktop_core@1 to /home/ithihas/.config/discord/0.0.84/modules/pending/discord_desktop_core-1.zip: 24%
2/5/2025, 4:00:32 PM GMT+5:30 [Modules] Streaming discord_desktop_core@1 to /home/ithihas/.config/discord/0.0.84/modules/pending/discord_desktop_core-1.zip: 26%
2/5/2025, 4:00:32 PM GMT+5:30 [Modules] Streaming discord_desktop_core@1 to /home/ithihas/.config/discord/0.0.84/modules/pending/discord_desktop_core-1.zip: 27%
2/5/2025, 4:00:32 PM GMT+5:30 [Modules] Streaming discord_desktop_core@1 to /home/ithihas/.config/discord/0.0.84/modules/pending/discord_desktop_core-1.zip: 30%
2/5/2025, 4:00:32 PM GMT+5:30 [Modules] Streaming discord_desktop_core@1 to /home/ithihas/.config/discord/0.0.84/modules/pending/discord_desktop_core-1.zip: 31%
2/5/2025, 4:00:32 PM GMT+5:30 [Modules] Streaming discord_desktop_core@1 to /home/ithihas/.config/discord/0.0.84/modules/pending/discord_desktop_core-1.zip: 32%
2/5/2025, 4:00:32 PM GMT+5:30 [Modules] Streaming discord_desktop_core@1 to /home/ithihas/.config/discord/0.0.84/modules/pending/discord_desktop_core-1.zip: 33%
2/5/2025, 4:00:32 PM GMT+5:30 [Modules] Streaming discord_desktop_core@1 to /home/ithihas/.config/discord/0.0.84/modules/pending/discord_desktop_core-1.zip: 34%
2/5/2025, 4:00:32 PM GMT+5:30 [Modules] Streaming discord_desktop_core@1 to /home/ithihas/.config/discord/0.0.84/modules/pending/discord_desktop_core-1.zip: 35%
2/5/2025, 4:00:32 PM GMT+5:30 [Modules] Streaming discord_desktop_core@1 to /home/ithihas/.config/discord/0.0.84/modules/pending/discord_desktop_core-1.zip: 36%
2/5/2025, 4:00:32 PM GMT+5:30 [Modules] Streaming discord_desktop_core@1 to /home/ithihas/.config/discord/0.0.84/modules/pending/discord_desktop_core-1.zip: 37%
2/5/2025, 4:00:32 PM GMT+5:30 [Modules] Streaming discord_desktop_core@1 to /home/ithihas/.config/discord/0.0.84/modules/pending/discord_desktop_core-1.zip: 38%
2/5/2025, 4:00:32 PM GMT+5:30 [Modules] Streaming discord_desktop_core@1 to /home/ithihas/.config/discord/0.0.84/modules/pending/discord_desktop_core-1.zip: 39%
2/5/2025, 4:00:32 PM GMT+5:30 [Modules] Streaming discord_desktop_core@1 to /home/ithihas/.config/discord/0.0.84/modules/pending/discord_desktop_core-1.zip: 40%
2/5/2025, 4:00:32 PM GMT+5:30 [Modules] Streaming discord_desktop_core@1 to /home/ithihas/.config/discord/0.0.84/modules/pending/discord_desktop_core-1.zip: 41%
2/5/2025, 4:00:32 PM GMT+5:30 [Modules] Streaming discord_desktop_core@1 to /home/ithihas/.config/discord/0.0.84/modules/pending/discord_desktop_core-1.zip: 42%
2/5/2025, 4:00:32 PM GMT+5:30 [Modules] Streaming discord_desktop_core@1 to /home/ithihas/.config/discord/0.0.84/modules/pending/discord_desktop_core-1.zip: 43%
2/5/2025, 4:00:32 PM GMT+5:30 [Modules] Streaming discord_desktop_core@1 to /home/ithihas/.config/discord/0.0.84/modules/pending/discord_desktop_core-1.zip: 44%
2/5/2025, 4:00:32 PM GMT+5:30 [Modules] Streaming discord_desktop_core@1 to /home/ithihas/.config/discord/0.0.84/modules/pending/discord_desktop_core-1.zip: 45%
2/5/2025, 4:00:32 PM GMT+5:30 [Modules] Streaming discord_desktop_core@1 to /home/ithihas/.config/discord/0.0.84/modules/pending/discord_desktop_core-1.zip: 46%
2/5/2025, 4:00:32 PM GMT+5:30 [Modules] Streaming discord_desktop_core@1 to /home/ithihas/.config/discord/0.0.84/modules/pending/discord_desktop_core-1.zip: 47%
2/5/2025, 4:00:32 PM GMT+5:30 [Modules] Streaming discord_desktop_core@1 to /home/ithihas/.config/discord/0.0.84/modules/pending/discord_desktop_core-1.zip: 48%
2/5/2025, 4:00:32 PM GMT+5:30 [Modules] Streaming discord_desktop_core@1 to /home/ithihas/.config/discord/0.0.84/modules/pending/discord_desktop_core-1.zip: 49%
2/5/2025, 4:00:32 PM GMT+5:30 [Modules] Streaming discord_desktop_core@1 to /home/ithihas/.config/discord/0.0.84/modules/pending/discord_desktop_core-1.zip: 51%
2/5/2025, 4:00:32 PM GMT+5:30 [Modules] Streaming discord_desktop_core@1 to /home/ithihas/.config/discord/0.0.84/modules/pending/discord_desktop_core-1.zip: 54%
2/5/2025, 4:00:32 PM GMT+5:30 [Modules] Streaming discord_desktop_core@1 to /home/ithihas/.config/discord/0.0.84/modules/pending/discord_desktop_core-1.zip: 55%
2/5/2025, 4:00:32 PM GMT+5:30 [Modules] Streaming discord_desktop_core@1 to /home/ithihas/.config/discord/0.0.84/modules/pending/discord_desktop_core-1.zip: 57%
2/5/2025, 4:00:32 PM GMT+5:30 [Modules] Streaming discord_desktop_core@1 to /home/ithihas/.config/discord/0.0.84/modules/pending/discord_desktop_core-1.zip: 58%
2/5/2025, 4:00:32 PM GMT+5:30 [Modules] Streaming discord_desktop_core@1 to /home/ithihas/.config/discord/0.0.84/modules/pending/discord_desktop_core-1.zip: 59%
2/5/2025, 4:00:32 PM GMT+5:30 [Modules] Streaming discord_desktop_core@1 to /home/ithihas/.config/discord/0.0.84/modules/pending/discord_desktop_core-1.zip: 60%
2/5/2025, 4:00:32 PM GMT+5:30 [Modules] Streaming discord_desktop_core@1 to /home/ithihas/.config/discord/0.0.84/modules/pending/discord_desktop_core-1.zip: 63%
2/5/2025, 4:00:32 PM GMT+5:30 [Modules] Streaming discord_desktop_core@1 to /home/ithihas/.config/discord/0.0.84/modules/pending/discord_desktop_core-1.zip: 65%
2/5/2025, 4:00:32 PM GMT+5:30 [Modules] Streaming discord_desktop_core@1 to /home/ithihas/.config/discord/0.0.84/modules/pending/discord_desktop_core-1.zip: 66%
2/5/2025, 4:00:32 PM GMT+5:30 [Modules] Streaming discord_desktop_core@1 to /home/ithihas/.config/discord/0.0.84/modules/pending/discord_desktop_core-1.zip: 67%
2/5/2025, 4:00:32 PM GMT+5:30 [Modules] Streaming discord_desktop_core@1 to /home/ithihas/.config/discord/0.0.84/modules/pending/discord_desktop_core-1.zip: 68%
2/5/2025, 4:00:32 PM GMT+5:30 [Modules] Streaming discord_desktop_core@1 to /home/ithihas/.config/discord/0.0.84/modules/pending/discord_desktop_core-1.zip: 73%
2/5/2025, 4:00:32 PM GMT+5:30 [Modules] Streaming discord_desktop_core@1 to /home/ithihas/.config/discord/0.0.84/modules/pending/discord_desktop_core-1.zip: 74%
2/5/2025, 4:00:32 PM GMT+5:30 [Modules] Streaming discord_desktop_core@1 to /home/ithihas/.config/discord/0.0.84/modules/pending/discord_desktop_core-1.zip: 76%
2/5/2025, 4:00:32 PM GMT+5:30 [Modules] Streaming discord_desktop_core@1 to /home/ithihas/.config/discord/0.0.84/modules/pending/discord_desktop_core-1.zip: 77%
2/5/2025, 4:00:32 PM GMT+5:30 [Modules] Streaming discord_desktop_core@1 to /home/ithihas/.config/discord/0.0.84/modules/pending/discord_desktop_core-1.zip: 78%
2/5/2025, 4:00:32 PM GMT+5:30 [Modules] Streaming discord_desktop_core@1 to /home/ithihas/.config/discord/0.0.84/modules/pending/discord_desktop_core-1.zip: 79%
2/5/2025, 4:00:32 PM GMT+5:30 [Modules] Streaming discord_desktop_core@1 to /home/ithihas/.config/discord/0.0.84/modules/pending/discord_desktop_core-1.zip: 81%
2/5/2025, 4:00:32 PM GMT+5:30 [Modules] Streaming discord_desktop_core@1 to /home/ithihas/.config/discord/0.0.84/modules/pending/discord_desktop_core-1.zip: 82%
2/5/2025, 4:00:32 PM GMT+5:30 [Modules] Streaming discord_desktop_core@1 to /home/ithihas/.config/discord/0.0.84/modules/pending/discord_desktop_core-1.zip: 85%
2/5/2025, 4:00:32 PM GMT+5:30 [Modules] Streaming discord_desktop_core@1 to /home/ithihas/.config/discord/0.0.84/modules/pending/discord_desktop_core-1.zip: 86%
2/5/2025, 4:00:32 PM GMT+5:30 [Modules] Streaming discord_desktop_core@1 to /home/ithihas/.config/discord/0.0.84/modules/pending/discord_desktop_core-1.zip: 87%
2/5/2025, 4:00:32 PM GMT+5:30 [Modules] Streaming discord_desktop_core@1 to /home/ithihas/.config/discord/0.0.84/modules/pending/discord_desktop_core-1.zip: 88%
2/5/2025, 4:00:32 PM GMT+5:30 [Modules] Streaming discord_desktop_core@1 to /home/ithihas/.config/discord/0.0.84/modules/pending/discord_desktop_core-1.zip: 89%
2/5/2025, 4:00:32 PM GMT+5:30 [Modules] Streaming discord_desktop_core@1 to /home/ithihas/.config/discord/0.0.84/modules/pending/discord_desktop_core-1.zip: 90%
2/5/2025, 4:00:32 PM GMT+5:30 [Modules] Streaming discord_desktop_core@1 to /home/ithihas/.config/discord/0.0.84/modules/pending/discord_desktop_core-1.zip: 91%
2/5/2025, 4:00:32 PM GMT+5:30 [Modules] Streaming discord_desktop_core@1 to /home/ithihas/.config/discord/0.0.84/modules/pending/discord_desktop_core-1.zip: 92%
2/5/2025, 4:00:32 PM GMT+5:30 [Modules] Streaming discord_desktop_core@1 to /home/ithihas/.config/discord/0.0.84/modules/pending/discord_desktop_core-1.zip: 93%
2/5/2025, 4:00:32 PM GMT+5:30 [Modules] Streaming discord_desktop_core@1 to /home/ithihas/.config/discord/0.0.84/modules/pending/discord_desktop_core-1.zip: 95%
2/5/2025, 4:00:32 PM GMT+5:30 [Modules] Streaming discord_desktop_core@1 to /home/ithihas/.config/discord/0.0.84/modules/pending/discord_desktop_core-1.zip: 96%
2/5/2025, 4:00:32 PM GMT+5:30 [Modules] Streaming discord_desktop_core@1 to /home/ithihas/.config/discord/0.0.84/modules/pending/discord_desktop_core-1.zip: 97%
2/5/2025, 4:00:32 PM GMT+5:30 [Modules] Streaming discord_desktop_core@1 to /home/ithihas/.config/discord/0.0.84/modules/pending/discord_desktop_core-1.zip: 98%
2/5/2025, 4:00:32 PM GMT+5:30 [Modules] Streaming discord_desktop_core@1 to /home/ithihas/.config/discord/0.0.84/modules/pending/discord_desktop_core-1.zip: 100%
2/5/2025, 4:00:32 PM GMT+5:30 [Modules] Fetching discord_erlpack@1 from https://discord.com/api/modules/stable/discord_erlpack/1
2/5/2025, 4:00:32 PM GMT+5:30 [Modules] Streaming discord_erlpack@1 to /home/ithihas/.config/discord/0.0.84/modules/pending/discord_erlpack-1.zip
2/5/2025, 4:00:33 PM GMT+5:30 [Modules] Streaming discord_erlpack@1 to /home/ithihas/.config/discord/0.0.84/modules/pending/discord_erlpack-1.zip: 1%
2/5/2025, 4:00:33 PM GMT+5:30 [Modules] Streaming discord_erlpack@1 to /home/ithihas/.config/discord/0.0.84/modules/pending/discord_erlpack-1.zip: 2%
2/5/2025, 4:00:33 PM GMT+5:30 [Modules] Streaming discord_erlpack@1 to /home/ithihas/.config/discord/0.0.84/modules/pending/discord_erlpack-1.zip: 3%
2/5/2025, 4:00:33 PM GMT+5:30 [Modules] Streaming discord_erlpack@1 to /home/ithihas/.config/discord/0.0.84/modules/pending/discord_erlpack-1.zip: 4%
2/5/2025, 4:00:33 PM GMT+5:30 [Modules] Streaming discord_erlpack@1 to /home/ithihas/.config/discord/0.0.84/modules/pending/discord_erlpack-1.zip: 5%
2/5/2025, 4:00:33 PM GMT+5:30 [Modules] Streaming discord_erlpack@1 to /home/ithihas/.config/discord/0.0.84/modules/pending/discord_erlpack-1.zip: 6%
2/5/2025, 4:00:33 PM GMT+5:30 [Modules] Streaming discord_erlpack@1 to /home/ithihas/.config/discord/0.0.84/modules/pending/discord_erlpack-1.zip: 7%
2/5/2025, 4:00:33 PM GMT+5:30 [Modules] Streaming discord_erlpack@1 to /home/ithihas/.config/discord/0.0.84/modules/pending/discord_erlpack-1.zip: 8%
2/5/2025, 4:00:33 PM GMT+5:30 [Modules] Streaming discord_erlpack@1 to /home/ithihas/.config/discord/0.0.84/modules/pending/discord_erlpack-1.zip: 9%
2/5/2025, 4:00:33 PM GMT+5:30 [Modules] Streaming discord_erlpack@1 to /home/ithihas/.config/discord/0.0.84/modules/pending/discord_erlpack-1.zip: 10%
2/5/2025, 4:00:33 PM GMT+5:30 [Modules] Streaming discord_erlpack@1 to /home/ithihas/.config/discord/0.0.84/modules/pending/discord_erlpack-1.zip: 12%
2/5/2025, 4:00:33 PM GMT+5:30 [Modules] Streaming discord_erlpack@1 to /home/ithihas/.config/discord/0.0.84/modules/pending/discord_erlpack-1.zip: 13%
2/5/2025, 4:00:33 PM GMT+5:30 [Modules] Streaming discord_erlpack@1 to /home/ithihas/.config/discord/0.0.84/modules/pending/discord_erlpack-1.zip: 14%
2/5/2025, 4:00:33 PM GMT+5:30 [Modules] Streaming discord_erlpack@1 to /home/ithihas/.config/discord/0.0.84/modules/pending/discord_erlpack-1.zip: 15%
2/5/2025, 4:00:33 PM GMT+5:30 [Modules] Streaming discord_erlpack@1 to /home/ithihas/.config/discord/0.0.84/modules/pending/discord_erlpack-1.zip: 19%
2/5/2025, 4:00:33 PM GMT+5:30 [Modules] Streaming discord_erlpack@1 to /home/ithihas/.config/discord/0.0.84/modules/pending/discord_erlpack-1.zip: 22%
2/5/2025, 4:00:33 PM GMT+5:30 [Modules] Streaming discord_erlpack@1 to /home/ithihas/.config/discord/0.0.84/modules/pending/discord_erlpack-1.zip: 24%
2/5/2025, 4:00:33 PM GMT+5:30 [Modules] Streaming discord_erlpack@1 to /home/ithihas/.config/discord/0.0.84/modules/pending/discord_erlpack-1.zip: 26%
2/5/2025, 4:00:33 PM GMT+5:30 [Modules] Streaming discord_erlpack@1 to /home/ithihas/.config/discord/0.0.84/modules/pending/discord_erlpack-1.zip: 28%
2/5/2025, 4:00:33 PM GMT+5:30 [Modules] Streaming discord_erlpack@1 to /home/ithihas/.config/discord/0.0.84/modules/pending/discord_erlpack-1.zip: 29%
2/5/2025, 4:00:33 PM GMT+5:30 [Modules] Streaming discord_erlpack@1 to /home/ithihas/.config/discord/0.0.84/modules/pending/discord_erlpack-1.zip: 30%
2/5/2025, 4:00:33 PM GMT+5:30 [Modules] Streaming discord_erlpack@1 to /home/ithihas/.config/discord/0.0.84/modules/pending/discord_erlpack-1.zip: 31%
2/5/2025, 4:00:33 PM GMT+5:30 [Modules] Streaming discord_erlpack@1 to /home/ithihas/.config/discord/0.0.84/modules/pending/discord_erlpack-1.zip: 32%
2/5/2025, 4:00:33 PM GMT+5:30 [Modules] Streaming discord_erlpack@1 to /home/ithihas/.config/discord/0.0.84/modules/pending/discord_erlpack-1.zip: 33%
2/5/2025, 4:00:33 PM GMT+5:30 [Modules] Streaming discord_erlpack@1 to /home/ithihas/.config/discord/0.0.84/modules/pending/discord_erlpack-1.zip: 35%
2/5/2025, 4:00:33 PM GMT+5:30 [Modules] Streaming discord_erlpack@1 to /home/ithihas/.config/discord/0.0.84/modules/pending/discord_erlpack-1.zip: 36%
2/5/2025, 4:00:33 PM GMT+5:30 [Modules] Streaming discord_erlpack@1 to /home/ithihas/.config/discord/0.0.84/modules/pending/discord_erlpack-1.zip: 37%
2/5/2025, 4:00:33 PM GMT+5:30 [Modules] Streaming discord_erlpack@1 to /home/ithihas/.config/discord/0.0.84/modules/pending/discord_erlpack-1.zip: 38%
2/5/2025, 4:00:33 PM GMT+5:30 [Modules] Streaming discord_erlpack@1 to /home/ithihas/.config/discord/0.0.84/modules/pending/discord_erlpack-1.zip: 39%
2/5/2025, 4:00:33 PM GMT+5:30 [Modules] Streaming discord_erlpack@1 to /home/ithihas/.config/discord/0.0.84/modules/pending/discord_erlpack-1.zip: 41%
2/5/2025, 4:00:33 PM GMT+5:30 [Modules] Streaming discord_erlpack@1 to /home/ithihas/.config/discord/0.0.84/modules/pending/discord_erlpack-1.zip: 44%
2/5/2025, 4:00:33 PM GMT+5:30 [Modules] Streaming discord_erlpack@1 to /home/ithihas/.config/discord/0.0.84/modules/pending/discord_erlpack-1.zip: 46%
2/5/2025, 4:00:33 PM GMT+5:30 [Modules] Streaming discord_erlpack@1 to /home/ithihas/.config/discord/0.0.84/modules/pending/discord_erlpack-1.zip: 48%
2/5/2025, 4:00:33 PM GMT+5:30 [Modules] Streaming discord_erlpack@1 to /home/ithihas/.config/discord/0.0.84/modules/pending/discord_erlpack-1.zip: 52%
2/5/2025, 4:00:33 PM GMT+5:30 [Modules] Streaming discord_erlpack@1 to /home/ithihas/.config/discord/0.0.84/modules/pending/discord_erlpack-1.zip: 53%
2/5/2025, 4:00:33 PM GMT+5:30 [Modules] Streaming discord_erlpack@1 to /home/ithihas/.config/discord/0.0.84/modules/pending/discord_erlpack-1.zip: 55%
2/5/2025, 4:00:33 PM GMT+5:30 [Modules] Streaming discord_erlpack@1 to /home/ithihas/.config/discord/0.0.84/modules/pending/discord_erlpack-1.zip: 56%
2/5/2025, 4:00:33 PM GMT+5:30 [Modules] Streaming discord_erlpack@1 to /home/ithihas/.config/discord/0.0.84/modules/pending/discord_erlpack-1.zip: 57%
2/5/2025, 4:00:33 PM GMT+5:30 [Modules] Streaming discord_erlpack@1 to /home/ithihas/.config/discord/0.0.84/modules/pending/discord_erlpack-1.zip: 58%
2/5/2025, 4:00:33 PM GMT+5:30 [Modules] Streaming discord_erlpack@1 to /home/ithihas/.config/discord/0.0.84/modules/pending/discord_erlpack-1.zip: 59%
2/5/2025, 4:00:33 PM GMT+5:30 [Modules] Streaming discord_erlpack@1 to /home/ithihas/.config/discord/0.0.84/modules/pending/discord_erlpack-1.zip: 61%
2/5/2025, 4:00:33 PM GMT+5:30 [Modules] Streaming discord_erlpack@1 to /home/ithihas/.config/discord/0.0.84/modules/pending/discord_erlpack-1.zip: 64%
2/5/2025, 4:00:33 PM GMT+5:30 [Modules] Streaming discord_erlpack@1 to /home/ithihas/.config/discord/0.0.84/modules/pending/discord_erlpack-1.zip: 65%
2/5/2025, 4:00:33 PM GMT+5:30 [Modules] Streaming discord_erlpack@1 to /home/ithihas/.config/discord/0.0.84/modules/pending/discord_erlpack-1.zip: 66%
2/5/2025, 4:00:33 PM GMT+5:30 [Modules] Streaming discord_erlpack@1 to /home/ithihas/.config/discord/0.0.84/modules/pending/discord_erlpack-1.zip: 67%
2/5/2025, 4:00:33 PM GMT+5:30 [Modules] Streaming discord_erlpack@1 to /home/ithihas/.config/discord/0.0.84/modules/pending/discord_erlpack-1.zip: 68%
2/5/2025, 4:00:33 PM GMT+5:30 [Modules] Streaming discord_erlpack@1 to /home/ithihas/.config/discord/0.0.84/modules/pending/discord_erlpack-1.zip: 71%
2/5/2025, 4:00:33 PM GMT+5:30 [Modules] Streaming discord_erlpack@1 to /home/ithihas/.config/discord/0.0.84/modules/pending/discord_erlpack-1.zip: 74%
2/5/2025, 4:00:33 PM GMT+5:30 [Modules] Streaming discord_erlpack@1 to /home/ithihas/.config/discord/0.0.84/modules/pending/discord_erlpack-1.zip: 77%
2/5/2025, 4:00:33 PM GMT+5:30 [Modules] Streaming discord_erlpack@1 to /home/ithihas/.config/discord/0.0.84/modules/pending/discord_erlpack-1.zip: 78%
2/5/2025, 4:00:33 PM GMT+5:30 [Modules] Streaming discord_erlpack@1 to /home/ithihas/.config/discord/0.0.84/modules/pending/discord_erlpack-1.zip: 80%
2/5/2025, 4:00:33 PM GMT+5:30 [Modules] Streaming discord_erlpack@1 to /home/ithihas/.config/discord/0.0.84/modules/pending/discord_erlpack-1.zip: 81%
2/5/2025, 4:00:33 PM GMT+5:30 [Modules] Streaming discord_erlpack@1 to /home/ithihas/.config/discord/0.0.84/modules/pending/discord_erlpack-1.zip: 83%
2/5/2025, 4:00:33 PM GMT+5:30 [Modules] Streaming discord_erlpack@1 to /home/ithihas/.config/discord/0.0.84/modules/pending/discord_erlpack-1.zip: 85%
2/5/2025, 4:00:33 PM GMT+5:30 [Modules] Streaming discord_erlpack@1 to /home/ithihas/.config/discord/0.0.84/modules/pending/discord_erlpack-1.zip: 86%
2/5/2025, 4:00:33 PM GMT+5:30 [Modules] Streaming discord_erlpack@1 to /home/ithihas/.config/discord/0.0.84/modules/pending/discord_erlpack-1.zip: 87%
2/5/2025, 4:00:33 PM GMT+5:30 [Modules] Streaming discord_erlpack@1 to /home/ithihas/.config/discord/0.0.84/modules/pending/discord_erlpack-1.zip: 89%
2/5/2025, 4:00:33 PM GMT+5:30 [Modules] Streaming discord_erlpack@1 to /home/ithihas/.config/discord/0.0.84/modules/pending/discord_erlpack-1.zip: 92%
2/5/2025, 4:00:33 PM GMT+5:30 [Modules] Streaming discord_erlpack@1 to /home/ithihas/.config/discord/0.0.84/modules/pending/discord_erlpack-1.zip: 95%
2/5/2025, 4:00:33 PM GMT+5:30 [Modules] Streaming discord_erlpack@1 to /home/ithihas/.config/discord/0.0.84/modules/pending/discord_erlpack-1.zip: 96%
2/5/2025, 4:00:33 PM GMT+5:30 [Modules] Streaming discord_erlpack@1 to /home/ithihas/.config/discord/0.0.84/modules/pending/discord_erlpack-1.zip: 97%
2/5/2025, 4:00:33 PM GMT+5:30 [Modules] Streaming discord_erlpack@1 to /home/ithihas/.config/discord/0.0.84/modules/pending/discord_erlpack-1.zip: 98%
2/5/2025, 4:00:33 PM GMT+5:30 [Modules] Streaming discord_erlpack@1 to /home/ithihas/.config/discord/0.0.84/modules/pending/discord_erlpack-1.zip: 99%
2/5/2025, 4:00:33 PM GMT+5:30 [Modules] Streaming discord_erlpack@1 to /home/ithihas/.config/discord/0.0.84/modules/pending/discord_erlpack-1.zip: 100%
2/5/2025, 4:00:33 PM GMT+5:30 [Modules] Fetching discord_spellcheck@1 from https://discord.com/api/modules/stable/discord_spellcheck/1
2/5/2025, 4:00:33 PM GMT+5:30 [Modules] Streaming discord_spellcheck@1 to /home/ithihas/.config/discord/0.0.84/modules/pending/discord_spellcheck-1.zip
2/5/2025, 4:00:34 PM GMT+5:30 [Modules] Streaming discord_spellcheck@1 to /home/ithihas/.config/discord/0.0.84/modules/pending/discord_spellcheck-1.zip: 1%
2/5/2025, 4:00:34 PM GMT+5:30 [Modules] Streaming discord_spellcheck@1 to /home/ithihas/.config/discord/0.0.84/modules/pending/discord_spellcheck-1.zip: 2%
2/5/2025, 4:00:34 PM GMT+5:30 [Modules] Streaming discord_spellcheck@1 to /home/ithihas/.config/discord/0.0.84/modules/pending/discord_spellcheck-1.zip: 3%
2/5/2025, 4:00:34 PM GMT+5:30 [Modules] Streaming discord_spellcheck@1 to /home/ithihas/.config/discord/0.0.84/modules/pending/discord_spellcheck-1.zip: 4%
2/5/2025, 4:00:34 PM GMT+5:30 [Modules] Streaming discord_spellcheck@1 to /home/ithihas/.config/discord/0.0.84/modules/pending/discord_spellcheck-1.zip: 5%
2/5/2025, 4:00:34 PM GMT+5:30 [Modules] Streaming discord_spellcheck@1 to /home/ithihas/.config/discord/0.0.84/modules/pending/discord_spellcheck-1.zip: 6%
2/5/2025, 4:00:34 PM GMT+5:30 [Modules] Streaming discord_spellcheck@1 to /home/ithihas/.config/discord/0.0.84/modules/pending/discord_spellcheck-1.zip: 7%
2/5/2025, 4:00:34 PM GMT+5:30 [Modules] Streaming discord_spellcheck@1 to /home/ithihas/.config/discord/0.0.84/modules/pending/discord_spellcheck-1.zip: 8%
2/5/2025, 4:00:34 PM GMT+5:30 [Modules] Streaming discord_spellcheck@1 to /home/ithihas/.config/discord/0.0.84/modules/pending/discord_spellcheck-1.zip: 9%
2/5/2025, 4:00:34 PM GMT+5:30 [Modules] Streaming discord_spellcheck@1 to /home/ithihas/.config/discord/0.0.84/modules/pending/discord_spellcheck-1.zip: 10%
2/5/2025, 4:00:34 PM GMT+5:30 [Modules] Streaming discord_spellcheck@1 to /home/ithihas/.config/discord/0.0.84/modules/pending/discord_spellcheck-1.zip: 11%
2/5/2025, 4:00:34 PM GMT+5:30 [Modules] Streaming discord_spellcheck@1 to /home/ithihas/.config/discord/0.0.84/modules/pending/discord_spellcheck-1.zip: 12%
2/5/2025, 4:00:34 PM GMT+5:30 [Modules] Streaming discord_spellcheck@1 to /home/ithihas/.config/discord/0.0.84/modules/pending/discord_spellcheck-1.zip: 13%
2/5/2025, 4:00:34 PM GMT+5:30 [Modules] Streaming discord_spellcheck@1 to /home/ithihas/.config/discord/0.0.84/modules/pending/discord_spellcheck-1.zip: 14%
2/5/2025, 4:00:34 PM GMT+5:30 [Modules] Streaming discord_spellcheck@1 to /home/ithihas/.config/discord/0.0.84/modules/pending/discord_spellcheck-1.zip: 15%
2/5/2025, 4:00:34 PM GMT+5:30 [Modules] Streaming discord_spellcheck@1 to /home/ithihas/.config/discord/0.0.84/modules/pending/discord_spellcheck-1.zip: 16%
2/5/2025, 4:00:34 PM GMT+5:30 [Modules] Streaming discord_spellcheck@1 to /home/ithihas/.config/discord/0.0.84/modules/pending/discord_spellcheck-1.zip: 17%
2/5/2025, 4:00:34 PM GMT+5:30 [Modules] Streaming discord_spellcheck@1 to /home/ithihas/.config/discord/0.0.84/modules/pending/discord_spellcheck-1.zip: 18%
2/5/2025, 4:00:34 PM GMT+5:30 [Modules] Streaming discord_spellcheck@1 to /home/ithihas/.config/discord/0.0.84/modules/pending/discord_spellcheck-1.zip: 19%
2/5/2025, 4:00:34 PM GMT+5:30 [Modules] Streaming discord_spellcheck@1 to /home/ithihas/.config/discord/0.0.84/modules/pending/discord_spellcheck-1.zip: 20%
2/5/2025, 4:00:34 PM GMT+5:30 [Modules] Streaming discord_spellcheck@1 to /home/ithihas/.config/discord/0.0.84/modules/pending/discord_spellcheck-1.zip: 21%
2/5/2025, 4:00:34 PM GMT+5:30 [Modules] Streaming discord_spellcheck@1 to /home/ithihas/.config/discord/0.0.84/modules/pending/discord_spellcheck-1.zip: 22%
2/5/2025, 4:00:34 PM GMT+5:30 [Modules] Streaming discord_spellcheck@1 to /home/ithihas/.config/discord/0.0.84/modules/pending/discord_spellcheck-1.zip: 23%
2/5/2025, 4:00:34 PM GMT+5:30 [Modules] Streaming discord_spellcheck@1 to /home/ithihas/.config/discord/0.0.84/modules/pending/discord_spellcheck-1.zip: 24%
2/5/2025, 4:00:34 PM GMT+5:30 [Modules] Streaming discord_spellcheck@1 to /home/ithihas/.config/discord/0.0.84/modules/pending/discord_spellcheck-1.zip: 25%
2/5/2025, 4:00:34 PM GMT+5:30 [Modules] Streaming discord_spellcheck@1 to /home/ithihas/.config/discord/0.0.84/modules/pending/discord_spellcheck-1.zip: 26%
2/5/2025, 4:00:34 PM GMT+5:30 [Modules] Streaming discord_spellcheck@1 to /home/ithihas/.config/discord/0.0.84/modules/pending/discord_spellcheck-1.zip: 27%
2/5/2025, 4:00:34 PM GMT+5:30 [Modules] Streaming discord_spellcheck@1 to /home/ithihas/.config/discord/0.0.84/modules/pending/discord_spellcheck-1.zip: 28%
2/5/2025, 4:00:34 PM GMT+5:30 [Modules] Streaming discord_spellcheck@1 to /home/ithihas/.config/discord/0.0.84/modules/pending/discord_spellcheck-1.zip: 29%
2/5/2025, 4:00:34 PM GMT+5:30 [Modules] Streaming discord_spellcheck@1 to /home/ithihas/.config/discord/0.0.84/modules/pending/discord_spellcheck-1.zip: 30%
2/5/2025, 4:00:34 PM GMT+5:30 [Modules] Streaming discord_spellcheck@1 to /home/ithihas/.config/discord/0.0.84/modules/pending/discord_spellcheck-1.zip: 32%
2/5/2025, 4:00:34 PM GMT+5:30 [Modules] Streaming discord_spellcheck@1 to /home/ithihas/.config/discord/0.0.84/modules/pending/discord_spellcheck-1.zip: 34%
2/5/2025, 4:00:34 PM GMT+5:30 [Modules] Streaming discord_spellcheck@1 to /home/ithihas/.config/discord/0.0.84/modules/pending/discord_spellcheck-1.zip: 36%
2/5/2025, 4:00:34 PM GMT+5:30 [Modules] Streaming discord_spellcheck@1 to /home/ithihas/.config/discord/0.0.84/modules/pending/discord_spellcheck-1.zip: 37%
2/5/2025, 4:00:34 PM GMT+5:30 [Modules] Streaming discord_spellcheck@1 to /home/ithihas/.config/discord/0.0.84/modules/pending/discord_spellcheck-1.zip: 38%
2/5/2025, 4:00:34 PM GMT+5:30 [Modules] Streaming discord_spellcheck@1 to /home/ithihas/.config/discord/0.0.84/modules/pending/discord_spellcheck-1.zip: 39%
2/5/2025, 4:00:34 PM GMT+5:30 [Modules] Streaming discord_spellcheck@1 to /home/ithihas/.config/discord/0.0.84/modules/pending/discord_spellcheck-1.zip: 41%
2/5/2025, 4:00:34 PM GMT+5:30 [Modules] Streaming discord_spellcheck@1 to /home/ithihas/.config/discord/0.0.84/modules/pending/discord_spellcheck-1.zip: 42%
2/5/2025, 4:00:34 PM GMT+5:30 [Modules] Streaming discord_spellcheck@1 to /home/ithihas/.config/discord/0.0.84/modules/pending/discord_spellcheck-1.zip: 43%
2/5/2025, 4:00:34 PM GMT+5:30 [Modules] Streaming discord_spellcheck@1 to /home/ithihas/.config/discord/0.0.84/modules/pending/discord_spellcheck-1.zip: 44%
2/5/2025, 4:00:34 PM GMT+5:30 [Modules] Streaming discord_spellcheck@1 to /home/ithihas/.config/discord/0.0.84/modules/pending/discord_spellcheck-1.zip: 45%
2/5/2025, 4:00:34 PM GMT+5:30 [Modules] Streaming discord_spellcheck@1 to /home/ithihas/.config/discord/0.0.84/modules/pending/discord_spellcheck-1.zip: 46%
2/5/2025, 4:00:34 PM GMT+5:30 [Modules] Streaming discord_spellcheck@1 to /home/ithihas/.config/discord/0.0.84/modules/pending/discord_spellcheck-1.zip: 47%
2/5/2025, 4:00:34 PM GMT+5:30 [Modules] Streaming discord_spellcheck@1 to /home/ithihas/.config/discord/0.0.84/modules/pending/discord_spellcheck-1.zip: 48%
2/5/2025, 4:00:34 PM GMT+5:30 [Modules] Streaming discord_spellcheck@1 to /home/ithihas/.config/discord/0.0.84/modules/pending/discord_spellcheck-1.zip: 49%
2/5/2025, 4:00:34 PM GMT+5:30 [Modules] Streaming discord_spellcheck@1 to /home/ithihas/.config/discord/0.0.84/modules/pending/discord_spellcheck-1.zip: 50%
2/5/2025, 4:00:34 PM GMT+5:30 [Modules] Streaming discord_spellcheck@1 to /home/ithihas/.config/discord/0.0.84/modules/pending/discord_spellcheck-1.zip: 51%
2/5/2025, 4:00:34 PM GMT+5:30 [Modules] Streaming discord_spellcheck@1 to /home/ithihas/.config/discord/0.0.84/modules/pending/discord_spellcheck-1.zip: 52%
2/5/2025, 4:00:34 PM GMT+5:30 [Modules] Streaming discord_spellcheck@1 to /home/ithihas/.config/discord/0.0.84/modules/pending/discord_spellcheck-1.zip: 53%
2/5/2025, 4:00:34 PM GMT+5:30 [Modules] Streaming discord_spellcheck@1 to /home/ithihas/.config/discord/0.0.84/modules/pending/discord_spellcheck-1.zip: 54%
2/5/2025, 4:00:34 PM GMT+5:30 [Modules] Streaming discord_spellcheck@1 to /home/ithihas/.config/discord/0.0.84/modules/pending/discord_spellcheck-1.zip: 55%
2/5/2025, 4:00:35 PM GMT+5:30 [Modules] Streaming discord_spellcheck@1 to /home/ithihas/.config/discord/0.0.84/modules/pending/discord_spellcheck-1.zip: 56%
2/5/2025, 4:00:35 PM GMT+5:30 [Modules] Streaming discord_spellcheck@1 to /home/ithihas/.config/discord/0.0.84/modules/pending/discord_spellcheck-1.zip: 57%
2/5/2025, 4:00:35 PM GMT+5:30 [Modules] Streaming discord_spellcheck@1 to /home/ithihas/.config/discord/0.0.84/modules/pending/discord_spellcheck-1.zip: 59%
2/5/2025, 4:00:35 PM GMT+5:30 [Modules] Streaming discord_spellcheck@1 to /home/ithihas/.config/discord/0.0.84/modules/pending/discord_spellcheck-1.zip: 60%
2/5/2025, 4:00:35 PM GMT+5:30 [Modules] Streaming discord_spellcheck@1 to /home/ithihas/.config/discord/0.0.84/modules/pending/discord_spellcheck-1.zip: 61%
2/5/2025, 4:00:35 PM GMT+5:30 [Modules] Streaming discord_spellcheck@1 to /home/ithihas/.config/discord/0.0.84/modules/pending/discord_spellcheck-1.zip: 62%
2/5/2025, 4:00:35 PM GMT+5:30 [Modules] Streaming discord_spellcheck@1 to /home/ithihas/.config/discord/0.0.84/modules/pending/discord_spellcheck-1.zip: 63%
2/5/2025, 4:00:35 PM GMT+5:30 [Modules] Streaming discord_spellcheck@1 to /home/ithihas/.config/discord/0.0.84/modules/pending/discord_spellcheck-1.zip: 64%
2/5/2025, 4:00:35 PM GMT+5:30 [Modules] Streaming discord_spellcheck@1 to /home/ithihas/.config/discord/0.0.84/modules/pending/discord_spellcheck-1.zip: 65%
2/5/2025, 4:00:35 PM GMT+5:30 [Modules] Streaming discord_spellcheck@1 to /home/ithihas/.config/discord/0.0.84/modules/pending/discord_spellcheck-1.zip: 66%
2/5/2025, 4:00:35 PM GMT+5:30 [Modules] Streaming discord_spellcheck@1 to /home/ithihas/.config/discord/0.0.84/modules/pending/discord_spellcheck-1.zip: 67%
2/5/2025, 4:00:35 PM GMT+5:30 [Modules] Streaming discord_spellcheck@1 to /home/ithihas/.config/discord/0.0.84/modules/pending/discord_spellcheck-1.zip: 68%
2/5/2025, 4:00:35 PM GMT+5:30 [Modules] Streaming discord_spellcheck@1 to /home/ithihas/.config/discord/0.0.84/modules/pending/discord_spellcheck-1.zip: 69%
2/5/2025, 4:00:35 PM GMT+5:30 [Modules] Streaming discord_spellcheck@1 to /home/ithihas/.config/discord/0.0.84/modules/pending/discord_spellcheck-1.zip: 70%
2/5/2025, 4:00:35 PM GMT+5:30 [Modules] Streaming discord_spellcheck@1 to /home/ithihas/.config/discord/0.0.84/modules/pending/discord_spellcheck-1.zip: 71%
2/5/2025, 4:00:35 PM GMT+5:30 [Modules] Streaming discord_spellcheck@1 to /home/ithihas/.config/discord/0.0.84/modules/pending/discord_spellcheck-1.zip: 72%
2/5/2025, 4:00:35 PM GMT+5:30 [Modules] Streaming discord_spellcheck@1 to /home/ithihas/.config/discord/0.0.84/modules/pending/discord_spellcheck-1.zip: 73%
2/5/2025, 4:00:35 PM GMT+5:30 [Modules] Streaming discord_spellcheck@1 to /home/ithihas/.config/discord/0.0.84/modules/pending/discord_spellcheck-1.zip: 74%
2/5/2025, 4:00:35 PM GMT+5:30 [Modules] Streaming discord_spellcheck@1 to /home/ithihas/.config/discord/0.0.84/modules/pending/discord_spellcheck-1.zip: 75%
2/5/2025, 4:00:35 PM GMT+5:30 [Modules] Streaming discord_spellcheck@1 to /home/ithihas/.config/discord/0.0.84/modules/pending/discord_spellcheck-1.zip: 76%
2/5/2025, 4:00:35 PM GMT+5:30 [Modules] Streaming discord_spellcheck@1 to /home/ithihas/.config/discord/0.0.84/modules/pending/discord_spellcheck-1.zip: 77%
2/5/2025, 4:00:35 PM GMT+5:30 [Modules] Streaming discord_spellcheck@1 to /home/ithihas/.config/discord/0.0.84/modules/pending/discord_spellcheck-1.zip: 78%
2/5/2025, 4:00:35 PM GMT+5:30 [Modules] Streaming discord_spellcheck@1 to /home/ithihas/.config/discord/0.0.84/modules/pending/discord_spellcheck-1.zip: 79%
2/5/2025, 4:00:35 PM GMT+5:30 [Modules] Streaming discord_spellcheck@1 to /home/ithihas/.config/discord/0.0.84/modules/pending/discord_spellcheck-1.zip: 80%
2/5/2025, 4:00:35 PM GMT+5:30 [Modules] Streaming discord_spellcheck@1 to /home/ithihas/.config/discord/0.0.84/modules/pending/discord_spellcheck-1.zip: 81%
2/5/2025, 4:00:35 PM GMT+5:30 [Modules] Streaming discord_spellcheck@1 to /home/ithihas/.config/discord/0.0.84/modules/pending/discord_spellcheck-1.zip: 82%
2/5/2025, 4:00:35 PM GMT+5:30 [Modules] Streaming discord_spellcheck@1 to /home/ithihas/.config/discord/0.0.84/modules/pending/discord_spellcheck-1.zip: 83%
2/5/2025, 4:00:35 PM GMT+5:30 [Modules] Streaming discord_spellcheck@1 to /home/ithihas/.config/discord/0.0.84/modules/pending/discord_spellcheck-1.zip: 84%
2/5/2025, 4:00:35 PM GMT+5:30 [Modules] Streaming discord_spellcheck@1 to /home/ithihas/.config/discord/0.0.84/modules/pending/discord_spellcheck-1.zip: 85%
2/5/2025, 4:00:35 PM GMT+5:30 [Modules] Streaming discord_spellcheck@1 to /home/ithihas/.config/discord/0.0.84/modules/pending/discord_spellcheck-1.zip: 86%
2/5/2025, 4:00:35 PM GMT+5:30 [Modules] Streaming discord_spellcheck@1 to /home/ithihas/.config/discord/0.0.84/modules/pending/discord_spellcheck-1.zip: 87%
2/5/2025, 4:00:35 PM GMT+5:30 [Modules] Streaming discord_spellcheck@1 to /home/ithihas/.config/discord/0.0.84/modules/pending/discord_spellcheck-1.zip: 88%
2/5/2025, 4:00:35 PM GMT+5:30 [Modules] Streaming discord_spellcheck@1 to /home/ithihas/.config/discord/0.0.84/modules/pending/discord_spellcheck-1.zip: 89%
2/5/2025, 4:00:35 PM GMT+5:30 [Modules] Streaming discord_spellcheck@1 to /home/ithihas/.config/discord/0.0.84/modules/pending/discord_spellcheck-1.zip: 90%
2/5/2025, 4:00:35 PM GMT+5:30 [Modules] Streaming discord_spellcheck@1 to /home/ithihas/.config/discord/0.0.84/modules/pending/discord_spellcheck-1.zip: 91%
2/5/2025, 4:00:35 PM GMT+5:30 [Modules] Streaming discord_spellcheck@1 to /home/ithihas/.config/discord/0.0.84/modules/pending/discord_spellcheck-1.zip: 92%
2/5/2025, 4:00:35 PM GMT+5:30 [Modules] Streaming discord_spellcheck@1 to /home/ithihas/.config/discord/0.0.84/modules/pending/discord_spellcheck-1.zip: 93%
2/5/2025, 4:00:35 PM GMT+5:30 [Modules] Streaming discord_spellcheck@1 to /home/ithihas/.config/discord/0.0.84/modules/pending/discord_spellcheck-1.zip: 94%
2/5/2025, 4:00:35 PM GMT+5:30 [Modules] Streaming discord_spellcheck@1 to /home/ithihas/.config/discord/0.0.84/modules/pending/discord_spellcheck-1.zip: 95%
2/5/2025, 4:00:35 PM GMT+5:30 [Modules] Streaming discord_spellcheck@1 to /home/ithihas/.config/discord/0.0.84/modules/pending/discord_spellcheck-1.zip: 96%
2/5/2025, 4:00:35 PM GMT+5:30 [Modules] Streaming discord_spellcheck@1 to /home/ithihas/.config/discord/0.0.84/modules/pending/discord_spellcheck-1.zip: 97%
2/5/2025, 4:00:35 PM GMT+5:30 [Modules] Streaming discord_spellcheck@1 to /home/ithihas/.config/discord/0.0.84/modules/pending/discord_spellcheck-1.zip: 98%
2/5/2025, 4:00:35 PM GMT+5:30 [Modules] Streaming discord_spellcheck@1 to /home/ithihas/.config/discord/0.0.84/modules/pending/discord_spellcheck-1.zip: 99%
2/5/2025, 4:00:35 PM GMT+5:30 [Modules] Streaming discord_spellcheck@1 to /home/ithihas/.config/discord/0.0.84/modules/pending/discord_spellcheck-1.zip: 100%
2/5/2025, 4:00:35 PM GMT+5:30 [Modules] Fetching discord_utils@1 from https://discord.com/api/modules/stable/discord_utils/1
2/5/2025, 4:00:35 PM GMT+5:30 [Modules] Streaming discord_utils@1 to /home/ithihas/.config/discord/0.0.84/modules/pending/discord_utils-1.zip
2/5/2025, 4:00:36 PM GMT+5:30 [Modules] Streaming discord_utils@1 to /home/ithihas/.config/discord/0.0.84/modules/pending/discord_utils-1.zip: 1%
2/5/2025, 4:00:36 PM GMT+5:30 [Modules] Streaming discord_utils@1 to /home/ithihas/.config/discord/0.0.84/modules/pending/discord_utils-1.zip: 2%
2/5/2025, 4:00:36 PM GMT+5:30 [Modules] Streaming discord_utils@1 to /home/ithihas/.config/discord/0.0.84/modules/pending/discord_utils-1.zip: 4%
2/5/2025, 4:00:36 PM GMT+5:30 [Modules] Streaming discord_utils@1 to /home/ithihas/.config/discord/0.0.84/modules/pending/discord_utils-1.zip: 6%
2/5/2025, 4:00:36 PM GMT+5:30 [Modules] Streaming discord_utils@1 to /home/ithihas/.config/discord/0.0.84/modules/pending/discord_utils-1.zip: 8%
2/5/2025, 4:00:36 PM GMT+5:30 [Modules] Streaming discord_utils@1 to /home/ithihas/.config/discord/0.0.84/modules/pending/discord_utils-1.zip: 9%
2/5/2025, 4:00:36 PM GMT+5:30 [Modules] Streaming discord_utils@1 to /home/ithihas/.config/discord/0.0.84/modules/pending/discord_utils-1.zip: 10%
2/5/2025, 4:00:36 PM GMT+5:30 [Modules] Streaming discord_utils@1 to /home/ithihas/.config/discord/0.0.84/modules/pending/discord_utils-1.zip: 11%
2/5/2025, 4:00:36 PM GMT+5:30 [Modules] Streaming discord_utils@1 to /home/ithihas/.config/discord/0.0.84/modules/pending/discord_utils-1.zip: 12%
2/5/2025, 4:00:36 PM GMT+5:30 [Modules] Streaming discord_utils@1 to /home/ithihas/.config/discord/0.0.84/modules/pending/discord_utils-1.zip: 13%
2/5/2025, 4:00:36 PM GMT+5:30 [Modules] Streaming discord_utils@1 to /home/ithihas/.config/discord/0.0.84/modules/pending/discord_utils-1.zip: 14%
2/5/2025, 4:00:36 PM GMT+5:30 [Modules] Streaming discord_utils@1 to /home/ithihas/.config/discord/0.0.84/modules/pending/discord_utils-1.zip: 15%
2/5/2025, 4:00:36 PM GMT+5:30 [Modules] Streaming discord_utils@1 to /home/ithihas/.config/discord/0.0.84/modules/pending/discord_utils-1.zip: 16%
2/5/2025, 4:00:36 PM GMT+5:30 [Modules] Streaming discord_utils@1 to /home/ithihas/.config/discord/0.0.84/modules/pending/discord_utils-1.zip: 17%
2/5/2025, 4:00:36 PM GMT+5:30 [Modules] Streaming discord_utils@1 to /home/ithihas/.config/discord/0.0.84/modules/pending/discord_utils-1.zip: 19%
2/5/2025, 4:00:36 PM GMT+5:30 [Modules] Streaming discord_utils@1 to /home/ithihas/.config/discord/0.0.84/modules/pending/discord_utils-1.zip: 20%
2/5/2025, 4:00:36 PM GMT+5:30 [Modules] Streaming discord_utils@1 to /home/ithihas/.config/discord/0.0.84/modules/pending/discord_utils-1.zip: 21%
2/5/2025, 4:00:36 PM GMT+5:30 [Modules] Streaming discord_utils@1 to /home/ithihas/.config/discord/0.0.84/modules/pending/discord_utils-1.zip: 22%
2/5/2025, 4:00:36 PM GMT+5:30 [Modules] Streaming discord_utils@1 to /home/ithihas/.config/discord/0.0.84/modules/pending/discord_utils-1.zip: 23%
2/5/2025, 4:00:36 PM GMT+5:30 [Modules] Streaming discord_utils@1 to /home/ithihas/.config/discord/0.0.84/modules/pending/discord_utils-1.zip: 24%
2/5/2025, 4:00:36 PM GMT+5:30 [Modules] Streaming discord_utils@1 to /home/ithihas/.config/discord/0.0.84/modules/pending/discord_utils-1.zip: 26%
2/5/2025, 4:00:36 PM GMT+5:30 [Modules] Streaming discord_utils@1 to /home/ithihas/.config/discord/0.0.84/modules/pending/discord_utils-1.zip: 27%
2/5/2025, 4:00:36 PM GMT+5:30 [Modules] Streaming discord_utils@1 to /home/ithihas/.config/discord/0.0.84/modules/pending/discord_utils-1.zip: 28%
2/5/2025, 4:00:36 PM GMT+5:30 [Modules] Streaming discord_utils@1 to /home/ithihas/.config/discord/0.0.84/modules/pending/discord_utils-1.zip: 29%
2/5/2025, 4:00:36 PM GMT+5:30 [Modules] Streaming discord_utils@1 to /home/ithihas/.config/discord/0.0.84/modules/pending/discord_utils-1.zip: 30%
2/5/2025, 4:00:36 PM GMT+5:30 [Modules] Streaming discord_utils@1 to /home/ithihas/.config/discord/0.0.84/modules/pending/discord_utils-1.zip: 32%
2/5/2025, 4:00:36 PM GMT+5:30 [Modules] Streaming discord_utils@1 to /home/ithihas/.config/discord/0.0.84/modules/pending/discord_utils-1.zip: 35%
2/5/2025, 4:00:36 PM GMT+5:30 [Modules] Streaming discord_utils@1 to /home/ithihas/.config/discord/0.0.84/modules/pending/discord_utils-1.zip: 38%
2/5/2025, 4:00:36 PM GMT+5:30 [Modules] Streaming discord_utils@1 to /home/ithihas/.config/discord/0.0.84/modules/pending/discord_utils-1.zip: 41%
2/5/2025, 4:00:36 PM GMT+5:30 [Modules] Streaming discord_utils@1 to /home/ithihas/.config/discord/0.0.84/modules/pending/discord_utils-1.zip: 45%
2/5/2025, 4:00:36 PM GMT+5:30 [Modules] Streaming discord_utils@1 to /home/ithihas/.config/discord/0.0.84/modules/pending/discord_utils-1.zip: 46%
2/5/2025, 4:00:36 PM GMT+5:30 [Modules] Streaming discord_utils@1 to /home/ithihas/.config/discord/0.0.84/modules/pending/discord_utils-1.zip: 48%
2/5/2025, 4:00:36 PM GMT+5:30 [Modules] Streaming discord_utils@1 to /home/ithihas/.config/discord/0.0.84/modules/pending/discord_utils-1.zip: 49%
2/5/2025, 4:00:36 PM GMT+5:30 [Modules] Streaming discord_utils@1 to /home/ithihas/.config/discord/0.0.84/modules/pending/discord_utils-1.zip: 51%
2/5/2025, 4:00:36 PM GMT+5:30 [Modules] Streaming discord_utils@1 to /home/ithihas/.config/discord/0.0.84/modules/pending/discord_utils-1.zip: 52%
2/5/2025, 4:00:36 PM GMT+5:30 [Modules] Streaming discord_utils@1 to /home/ithihas/.config/discord/0.0.84/modules/pending/discord_utils-1.zip: 53%
2/5/2025, 4:00:36 PM GMT+5:30 [Modules] Streaming discord_utils@1 to /home/ithihas/.config/discord/0.0.84/modules/pending/discord_utils-1.zip: 56%
2/5/2025, 4:00:36 PM GMT+5:30 [Modules] Streaming discord_utils@1 to /home/ithihas/.config/discord/0.0.84/modules/pending/discord_utils-1.zip: 58%
2/5/2025, 4:00:36 PM GMT+5:30 [Modules] Streaming discord_utils@1 to /home/ithihas/.config/discord/0.0.84/modules/pending/discord_utils-1.zip: 60%
2/5/2025, 4:00:36 PM GMT+5:30 [Modules] Streaming discord_utils@1 to /home/ithihas/.config/discord/0.0.84/modules/pending/discord_utils-1.zip: 63%
2/5/2025, 4:00:36 PM GMT+5:30 [Modules] Streaming discord_utils@1 to /home/ithihas/.config/discord/0.0.84/modules/pending/discord_utils-1.zip: 66%
2/5/2025, 4:00:36 PM GMT+5:30 [Modules] Streaming discord_utils@1 to /home/ithihas/.config/discord/0.0.84/modules/pending/discord_utils-1.zip: 68%
2/5/2025, 4:00:36 PM GMT+5:30 [Modules] Streaming discord_utils@1 to /home/ithihas/.config/discord/0.0.84/modules/pending/discord_utils-1.zip: 73%
2/5/2025, 4:00:36 PM GMT+5:30 [Modules] Streaming discord_utils@1 to /home/ithihas/.config/discord/0.0.84/modules/pending/discord_utils-1.zip: 74%
2/5/2025, 4:00:36 PM GMT+5:30 [Modules] Streaming discord_utils@1 to /home/ithihas/.config/discord/0.0.84/modules/pending/discord_utils-1.zip: 76%
2/5/2025, 4:00:36 PM GMT+5:30 [Modules] Streaming discord_utils@1 to /home/ithihas/.config/discord/0.0.84/modules/pending/discord_utils-1.zip: 78%
2/5/2025, 4:00:36 PM GMT+5:30 [Modules] Streaming discord_utils@1 to /home/ithihas/.config/discord/0.0.84/modules/pending/discord_utils-1.zip: 79%
2/5/2025, 4:00:36 PM GMT+5:30 [Modules] Streaming discord_utils@1 to /home/ithihas/.config/discord/0.0.84/modules/pending/discord_utils-1.zip: 82%
2/5/2025, 4:00:36 PM GMT+5:30 [Modules] Streaming discord_utils@1 to /home/ithihas/.config/discord/0.0.84/modules/pending/discord_utils-1.zip: 84%
2/5/2025, 4:00:36 PM GMT+5:30 [Modules] Streaming discord_utils@1 to /home/ithihas/.config/discord/0.0.84/modules/pending/discord_utils-1.zip: 89%
2/5/2025, 4:00:36 PM GMT+5:30 [Modules] Streaming discord_utils@1 to /home/ithihas/.config/discord/0.0.84/modules/pending/discord_utils-1.zip: 91%
2/5/2025, 4:00:36 PM GMT+5:30 [Modules] Streaming discord_utils@1 to /home/ithihas/.config/discord/0.0.84/modules/pending/discord_utils-1.zip: 92%
2/5/2025, 4:00:36 PM GMT+5:30 [Modules] Streaming discord_utils@1 to /home/ithihas/.config/discord/0.0.84/modules/pending/discord_utils-1.zip: 93%
2/5/2025, 4:00:36 PM GMT+5:30 [Modules] Streaming discord_utils@1 to /home/ithihas/.config/discord/0.0.84/modules/pending/discord_utils-1.zip: 94%
2/5/2025, 4:00:36 PM GMT+5:30 [Modules] Streaming discord_utils@1 to /home/ithihas/.config/discord/0.0.84/modules/pending/discord_utils-1.zip: 95%
2/5/2025, 4:00:36 PM GMT+5:30 [Modules] Streaming discord_utils@1 to /home/ithihas/.config/discord/0.0.84/modules/pending/discord_utils-1.zip: 96%
2/5/2025, 4:00:36 PM GMT+5:30 [Modules] Streaming discord_utils@1 to /home/ithihas/.config/discord/0.0.84/modules/pending/discord_utils-1.zip: 97%
2/5/2025, 4:00:36 PM GMT+5:30 [Modules] Streaming discord_utils@1 to /home/ithihas/.config/discord/0.0.84/modules/pending/discord_utils-1.zip: 98%
2/5/2025, 4:00:36 PM GMT+5:30 [Modules] Streaming discord_utils@1 to /home/ithihas/.config/discord/0.0.84/modules/pending/discord_utils-1.zip: 99%
2/5/2025, 4:00:36 PM GMT+5:30 [Modules] Streaming discord_utils@1 to /home/ithihas/.config/discord/0.0.84/modules/pending/discord_utils-1.zip: 100%
2/5/2025, 4:00:36 PM GMT+5:30 [Modules] Fetching discord_voice@1 from https://discord.com/api/modules/stable/discord_voice/1
2/5/2025, 4:00:36 PM GMT+5:30 [Modules] Streaming discord_voice@1 to /home/ithihas/.config/discord/0.0.84/modules/pending/discord_voice-1.zip
2/5/2025, 4:00:37 PM GMT+5:30 [Modules] Streaming discord_voice@1 to /home/ithihas/.config/discord/0.0.84/modules/pending/discord_voice-1.zip: 1%
2/5/2025, 4:00:37 PM GMT+5:30 [Modules] Streaming discord_voice@1 to /home/ithihas/.config/discord/0.0.84/modules/pending/discord_voice-1.zip: 2%
2/5/2025, 4:00:37 PM GMT+5:30 [Modules] Streaming discord_voice@1 to /home/ithihas/.config/discord/0.0.84/modules/pending/discord_voice-1.zip: 3%
2/5/2025, 4:00:37 PM GMT+5:30 [Modules] Streaming discord_voice@1 to /home/ithihas/.config/discord/0.0.84/modules/pending/discord_voice-1.zip: 4%
2/5/2025, 4:00:37 PM GMT+5:30 [Modules] Streaming discord_voice@1 to /home/ithihas/.config/discord/0.0.84/modules/pending/discord_voice-1.zip: 5%
2/5/2025, 4:00:37 PM GMT+5:30 [Modules] Streaming discord_voice@1 to /home/ithihas/.config/discord/0.0.84/modules/pending/discord_voice-1.zip: 6%
2/5/2025, 4:00:37 PM GMT+5:30 [Modules] Streaming discord_voice@1 to /home/ithihas/.config/discord/0.0.84/modules/pending/discord_voice-1.zip: 7%
2/5/2025, 4:00:37 PM GMT+5:30 [Modules] Streaming discord_voice@1 to /home/ithihas/.config/discord/0.0.84/modules/pending/discord_voice-1.zip: 8%
2/5/2025, 4:00:37 PM GMT+5:30 [Modules] Streaming discord_voice@1 to /home/ithihas/.config/discord/0.0.84/modules/pending/discord_voice-1.zip: 9%
2/5/2025, 4:00:37 PM GMT+5:30 [Modules] Streaming discord_voice@1 to /home/ithihas/.config/discord/0.0.84/modules/pending/discord_voice-1.zip: 10%
2/5/2025, 4:00:37 PM GMT+5:30 [Modules] Streaming discord_voice@1 to /home/ithihas/.config/discord/0.0.84/modules/pending/discord_voice-1.zip: 11%
2/5/2025, 4:00:37 PM GMT+5:30 [Modules] Streaming discord_voice@1 to /home/ithihas/.config/discord/0.0.84/modules/pending/discord_voice-1.zip: 12%
2/5/2025, 4:00:37 PM GMT+5:30 [Modules] Streaming discord_voice@1 to /home/ithihas/.config/discord/0.0.84/modules/pending/discord_voice-1.zip: 13%
2/5/2025, 4:00:37 PM GMT+5:30 [Modules] Streaming discord_voice@1 to /home/ithihas/.config/discord/0.0.84/modules/pending/discord_voice-1.zip: 14%
2/5/2025, 4:00:37 PM GMT+5:30 [Modules] Streaming discord_voice@1 to /home/ithihas/.config/discord/0.0.84/modules/pending/discord_voice-1.zip: 15%
2/5/2025, 4:00:37 PM GMT+5:30 [Modules] Streaming discord_voice@1 to /home/ithihas/.config/discord/0.0.84/modules/pending/discord_voice-1.zip: 16%
2/5/2025, 4:00:37 PM GMT+5:30 [Modules] Streaming discord_voice@1 to /home/ithihas/.config/discord/0.0.84/modules/pending/discord_voice-1.zip: 17%
2/5/2025, 4:00:37 PM GMT+5:30 [Modules] Streaming discord_voice@1 to /home/ithihas/.config/discord/0.0.84/modules/pending/discord_voice-1.zip: 18%
2/5/2025, 4:00:37 PM GMT+5:30 [Modules] Streaming discord_voice@1 to /home/ithihas/.config/discord/0.0.84/modules/pending/discord_voice-1.zip: 19%
2/5/2025, 4:00:37 PM GMT+5:30 [Modules] Streaming discord_voice@1 to /home/ithihas/.config/discord/0.0.84/modules/pending/discord_voice-1.zip: 20%
2/5/2025, 4:00:37 PM GMT+5:30 [Modules] Streaming discord_voice@1 to /home/ithihas/.config/discord/0.0.84/modules/pending/discord_voice-1.zip: 21%
2/5/2025, 4:00:37 PM GMT+5:30 [Modules] Streaming discord_voice@1 to /home/ithihas/.config/discord/0.0.84/modules/pending/discord_voice-1.zip: 22%
2/5/2025, 4:00:37 PM GMT+5:30 [Modules] Streaming discord_voice@1 to /home/ithihas/.config/discord/0.0.84/modules/pending/discord_voice-1.zip: 23%
2/5/2025, 4:00:37 PM GMT+5:30 [Modules] Streaming discord_voice@1 to /home/ithihas/.config/discord/0.0.84/modules/pending/discord_voice-1.zip: 24%
2/5/2025, 4:00:37 PM GMT+5:30 [Modules] Streaming discord_voice@1 to /home/ithihas/.config/discord/0.0.84/modules/pending/discord_voice-1.zip: 25%
2/5/2025, 4:00:37 PM GMT+5:30 [Modules] Streaming discord_voice@1 to /home/ithihas/.config/discord/0.0.84/modules/pending/discord_voice-1.zip: 26%
2/5/2025, 4:00:37 PM GMT+5:30 [Modules] Streaming discord_voice@1 to /home/ithihas/.config/discord/0.0.84/modules/pending/discord_voice-1.zip: 27%
2/5/2025, 4:00:37 PM GMT+5:30 [Modules] Streaming discord_voice@1 to /home/ithihas/.config/discord/0.0.84/modules/pending/discord_voice-1.zip: 28%
2/5/2025, 4:00:37 PM GMT+5:30 [Modules] Streaming discord_voice@1 to /home/ithihas/.config/discord/0.0.84/modules/pending/discord_voice-1.zip: 29%
2/5/2025, 4:00:38 PM GMT+5:30 [Modules] Streaming discord_voice@1 to /home/ithihas/.config/discord/0.0.84/modules/pending/discord_voice-1.zip: 30%
2/5/2025, 4:00:38 PM GMT+5:30 [Modules] Streaming discord_voice@1 to /home/ithihas/.config/discord/0.0.84/modules/pending/discord_voice-1.zip: 31%
2/5/2025, 4:00:38 PM GMT+5:30 [Modules] Streaming discord_voice@1 to /home/ithihas/.config/discord/0.0.84/modules/pending/discord_voice-1.zip: 32%
2/5/2025, 4:00:38 PM GMT+5:30 [Modules] Streaming discord_voice@1 to /home/ithihas/.config/discord/0.0.84/modules/pending/discord_voice-1.zip: 33%
2/5/2025, 4:00:38 PM GMT+5:30 [Modules] Streaming discord_voice@1 to /home/ithihas/.config/discord/0.0.84/modules/pending/discord_voice-1.zip: 34%
2/5/2025, 4:00:38 PM GMT+5:30 [Modules] Streaming discord_voice@1 to /home/ithihas/.config/discord/0.0.84/modules/pending/discord_voice-1.zip: 35%
2/5/2025, 4:00:38 PM GMT+5:30 [Modules] Streaming discord_voice@1 to /home/ithihas/.config/discord/0.0.84/modules/pending/discord_voice-1.zip: 36%
2/5/2025, 4:00:38 PM GMT+5:30 [Modules] Streaming discord_voice@1 to /home/ithihas/.config/discord/0.0.84/modules/pending/discord_voice-1.zip: 37%
2/5/2025, 4:00:38 PM GMT+5:30 [Modules] Streaming discord_voice@1 to /home/ithihas/.config/discord/0.0.84/modules/pending/discord_voice-1.zip: 38%
2/5/2025, 4:00:38 PM GMT+5:30 [Modules] Streaming discord_voice@1 to /home/ithihas/.config/discord/0.0.84/modules/pending/discord_voice-1.zip: 39%
2/5/2025, 4:00:38 PM GMT+5:30 [Modules] Streaming discord_voice@1 to /home/ithihas/.config/discord/0.0.84/modules/pending/discord_voice-1.zip: 40%
2/5/2025, 4:00:38 PM GMT+5:30 [Modules] Streaming discord_voice@1 to /home/ithihas/.config/discord/0.0.84/modules/pending/discord_voice-1.zip: 41%
2/5/2025, 4:00:38 PM GMT+5:30 [Modules] Streaming discord_voice@1 to /home/ithihas/.config/discord/0.0.84/modules/pending/discord_voice-1.zip: 42%
2/5/2025, 4:00:38 PM GMT+5:30 [Modules] Streaming discord_voice@1 to /home/ithihas/.config/discord/0.0.84/modules/pending/discord_voice-1.zip: 43%
2/5/2025, 4:00:38 PM GMT+5:30 [Modules] Streaming discord_voice@1 to /home/ithihas/.config/discord/0.0.84/modules/pending/discord_voice-1.zip: 44%
2/5/2025, 4:00:38 PM GMT+5:30 [Modules] Streaming discord_voice@1 to /home/ithihas/.config/discord/0.0.84/modules/pending/discord_voice-1.zip: 45%
2/5/2025, 4:00:38 PM GMT+5:30 [Modules] Streaming discord_voice@1 to /home/ithihas/.config/discord/0.0.84/modules/pending/discord_voice-1.zip: 46%
2/5/2025, 4:00:38 PM GMT+5:30 [Modules] Streaming discord_voice@1 to /home/ithihas/.config/discord/0.0.84/modules/pending/discord_voice-1.zip: 47%
2/5/2025, 4:00:38 PM GMT+5:30 [Modules] Streaming discord_voice@1 to /home/ithihas/.config/discord/0.0.84/modules/pending/discord_voice-1.zip: 48%
2/5/2025, 4:00:38 PM GMT+5:30 [Modules] Streaming discord_voice@1 to /home/ithihas/.config/discord/0.0.84/modules/pending/discord_voice-1.zip: 49%
2/5/2025, 4:00:38 PM GMT+5:30 [Modules] Streaming discord_voice@1 to /home/ithihas/.config/discord/0.0.84/modules/pending/discord_voice-1.zip: 50%
2/5/2025, 4:00:38 PM GMT+5:30 [Modules] Streaming discord_voice@1 to /home/ithihas/.config/discord/0.0.84/modules/pending/discord_voice-1.zip: 51%
2/5/2025, 4:00:38 PM GMT+5:30 [Modules] Streaming discord_voice@1 to /home/ithihas/.config/discord/0.0.84/modules/pending/discord_voice-1.zip: 52%
2/5/2025, 4:00:38 PM GMT+5:30 [Modules] Streaming discord_voice@1 to /home/ithihas/.config/discord/0.0.84/modules/pending/discord_voice-1.zip: 53%
2/5/2025, 4:00:38 PM GMT+5:30 [Modules] Streaming discord_voice@1 to /home/ithihas/.config/discord/0.0.84/modules/pending/discord_voice-1.zip: 54%
2/5/2025, 4:00:38 PM GMT+5:30 [Modules] Streaming discord_voice@1 to /home/ithihas/.config/discord/0.0.84/modules/pending/discord_voice-1.zip: 55%
2/5/2025, 4:00:38 PM GMT+5:30 [Modules] Streaming discord_voice@1 to /home/ithihas/.config/discord/0.0.84/modules/pending/discord_voice-1.zip: 56%
2/5/2025, 4:00:39 PM GMT+5:30 [Modules] Streaming discord_voice@1 to /home/ithihas/.config/discord/0.0.84/modules/pending/discord_voice-1.zip: 57%
2/5/2025, 4:00:39 PM GMT+5:30 [Modules] Streaming discord_voice@1 to /home/ithihas/.config/discord/0.0.84/modules/pending/discord_voice-1.zip: 58%
2/5/2025, 4:00:39 PM GMT+5:30 [Modules] Streaming discord_voice@1 to /home/ithihas/.config/discord/0.0.84/modules/pending/discord_voice-1.zip: 59%
2/5/2025, 4:00:39 PM GMT+5:30 [Modules] Streaming discord_voice@1 to /home/ithihas/.config/discord/0.0.84/modules/pending/discord_voice-1.zip: 60%
2/5/2025, 4:00:39 PM GMT+5:30 [Modules] Streaming discord_voice@1 to /home/ithihas/.config/discord/0.0.84/modules/pending/discord_voice-1.zip: 61%
2/5/2025, 4:00:39 PM GMT+5:30 [Modules] Streaming discord_voice@1 to /home/ithihas/.config/discord/0.0.84/modules/pending/discord_voice-1.zip: 62%
2/5/2025, 4:00:39 PM GMT+5:30 [Modules] Streaming discord_voice@1 to /home/ithihas/.config/discord/0.0.84/modules/pending/discord_voice-1.zip: 63%
2/5/2025, 4:00:39 PM GMT+5:30 [Modules] Streaming discord_voice@1 to /home/ithihas/.config/discord/0.0.84/modules/pending/discord_voice-1.zip: 64%
2/5/2025, 4:00:39 PM GMT+5:30 [Modules] Streaming discord_voice@1 to /home/ithihas/.config/discord/0.0.84/modules/pending/discord_voice-1.zip: 65%
2/5/2025, 4:00:39 PM GMT+5:30 [Modules] Streaming discord_voice@1 to /home/ithihas/.config/discord/0.0.84/modules/pending/discord_voice-1.zip: 66%
2/5/2025, 4:00:39 PM GMT+5:30 [Modules] Streaming discord_voice@1 to /home/ithihas/.config/discord/0.0.84/modules/pending/discord_voice-1.zip: 67%
2/5/2025, 4:00:39 PM GMT+5:30 [Modules] Streaming discord_voice@1 to /home/ithihas/.config/discord/0.0.84/modules/pending/discord_voice-1.zip: 68%
2/5/2025, 4:00:39 PM GMT+5:30 [Modules] Streaming discord_voice@1 to /home/ithihas/.config/discord/0.0.84/modules/pending/discord_voice-1.zip: 69%
2/5/2025, 4:00:39 PM GMT+5:30 [Modules] Streaming discord_voice@1 to /home/ithihas/.config/discord/0.0.84/modules/pending/discord_voice-1.zip: 70%
2/5/2025, 4:00:39 PM GMT+5:30 [Modules] Streaming discord_voice@1 to /home/ithihas/.config/discord/0.0.84/modules/pending/discord_voice-1.zip: 71%
2/5/2025, 4:00:39 PM GMT+5:30 [Modules] Streaming discord_voice@1 to /home/ithihas/.config/discord/0.0.84/modules/pending/discord_voice-1.zip: 72%
2/5/2025, 4:00:39 PM GMT+5:30 [Modules] Streaming discord_voice@1 to /home/ithihas/.config/discord/0.0.84/modules/pending/discord_voice-1.zip: 73%
2/5/2025, 4:00:39 PM GMT+5:30 [Modules] Streaming discord_voice@1 to /home/ithihas/.config/discord/0.0.84/modules/pending/discord_voice-1.zip: 74%
2/5/2025, 4:00:39 PM GMT+5:30 [Modules] Streaming discord_voice@1 to /home/ithihas/.config/discord/0.0.84/modules/pending/discord_voice-1.zip: 75%
2/5/2025, 4:00:39 PM GMT+5:30 [Modules] Streaming discord_voice@1 to /home/ithihas/.config/discord/0.0.84/modules/pending/discord_voice-1.zip: 76%
2/5/2025, 4:00:39 PM GMT+5:30 [Modules] Streaming discord_voice@1 to /home/ithihas/.config/discord/0.0.84/modules/pending/discord_voice-1.zip: 77%
2/5/2025, 4:00:39 PM GMT+5:30 [Modules] Streaming discord_voice@1 to /home/ithihas/.config/discord/0.0.84/modules/pending/discord_voice-1.zip: 78%
2/5/2025, 4:00:39 PM GMT+5:30 [Modules] Streaming discord_voice@1 to /home/ithihas/.config/discord/0.0.84/modules/pending/discord_voice-1.zip: 79%
2/5/2025, 4:00:39 PM GMT+5:30 [Modules] Streaming discord_voice@1 to /home/ithihas/.config/discord/0.0.84/modules/pending/discord_voice-1.zip: 80%
2/5/2025, 4:00:39 PM GMT+5:30 [Modules] Streaming discord_voice@1 to /home/ithihas/.config/discord/0.0.84/modules/pending/discord_voice-1.zip: 81%
2/5/2025, 4:00:40 PM GMT+5:30 [Modules] Streaming discord_voice@1 to /home/ithihas/.config/discord/0.0.84/modules/pending/discord_voice-1.zip: 82%
2/5/2025, 4:00:40 PM GMT+5:30 [Modules] Streaming discord_voice@1 to /home/ithihas/.config/discord/0.0.84/modules/pending/discord_voice-1.zip: 83%
2/5/2025, 4:00:40 PM GMT+5:30 [Modules] Streaming discord_voice@1 to /home/ithihas/.config/discord/0.0.84/modules/pending/discord_voice-1.zip: 84%
2/5/2025, 4:00:40 PM GMT+5:30 [Modules] Streaming discord_voice@1 to /home/ithihas/.config/discord/0.0.84/modules/pending/discord_voice-1.zip: 85%
2/5/2025, 4:00:40 PM GMT+5:30 [Modules] Streaming discord_voice@1 to /home/ithihas/.config/discord/0.0.84/modules/pending/discord_voice-1.zip: 86%
2/5/2025, 4:00:40 PM GMT+5:30 [Modules] Streaming discord_voice@1 to /home/ithihas/.config/discord/0.0.84/modules/pending/discord_voice-1.zip: 87%
2/5/2025, 4:00:40 PM GMT+5:30 [Modules] Streaming discord_voice@1 to /home/ithihas/.config/discord/0.0.84/modules/pending/discord_voice-1.zip: 88%
2/5/2025, 4:00:40 PM GMT+5:30 [Modules] Streaming discord_voice@1 to /home/ithihas/.config/discord/0.0.84/modules/pending/discord_voice-1.zip: 89%
2/5/2025, 4:00:40 PM GMT+5:30 [Modules] Streaming discord_voice@1 to /home/ithihas/.config/discord/0.0.84/modules/pending/discord_voice-1.zip: 90%
2/5/2025, 4:00:40 PM GMT+5:30 [Modules] Streaming discord_voice@1 to /home/ithihas/.config/discord/0.0.84/modules/pending/discord_voice-1.zip: 91%
2/5/2025, 4:00:40 PM GMT+5:30 [Modules] Streaming discord_voice@1 to /home/ithihas/.config/discord/0.0.84/modules/pending/discord_voice-1.zip: 92%
2/5/2025, 4:00:40 PM GMT+5:30 [Modules] Streaming discord_voice@1 to /home/ithihas/.config/discord/0.0.84/modules/pending/discord_voice-1.zip: 93%
2/5/2025, 4:00:40 PM GMT+5:30 [Modules] Streaming discord_voice@1 to /home/ithihas/.config/discord/0.0.84/modules/pending/discord_voice-1.zip: 94%
2/5/2025, 4:00:40 PM GMT+5:30 [Modules] Streaming discord_voice@1 to /home/ithihas/.config/discord/0.0.84/modules/pending/discord_voice-1.zip: 95%
2/5/2025, 4:00:40 PM GMT+5:30 [Modules] Streaming discord_voice@1 to /home/ithihas/.config/discord/0.0.84/modules/pending/discord_voice-1.zip: 96%
2/5/2025, 4:00:40 PM GMT+5:30 [Modules] Streaming discord_voice@1 to /home/ithihas/.config/discord/0.0.84/modules/pending/discord_voice-1.zip: 97%
2/5/2025, 4:00:40 PM GMT+5:30 [Modules] Streaming discord_voice@1 to /home/ithihas/.config/discord/0.0.84/modules/pending/discord_voice-1.zip: 98%
2/5/2025, 4:00:40 PM GMT+5:30 [Modules] Streaming discord_voice@1 to /home/ithihas/.config/discord/0.0.84/modules/pending/discord_voice-1.zip: 99%
2/5/2025, 4:00:40 PM GMT+5:30 [Modules] Streaming discord_voice@1 to /home/ithihas/.config/discord/0.0.84/modules/pending/discord_voice-1.zip: 100%
2/5/2025, 4:00:40 PM GMT+5:30 [Modules] Fetching discord_zstd@1 from https://discord.com/api/modules/stable/discord_zstd/1
2/5/2025, 4:00:40 PM GMT+5:30 [Modules] Streaming discord_zstd@1 to /home/ithihas/.config/discord/0.0.84/modules/pending/discord_zstd-1.zip
2/5/2025, 4:00:41 PM GMT+5:30 [Modules] Streaming discord_zstd@1 to /home/ithihas/.config/discord/0.0.84/modules/pending/discord_zstd-1.zip: 8%
2/5/2025, 4:00:41 PM GMT+5:30 [Modules] Streaming discord_zstd@1 to /home/ithihas/.config/discord/0.0.84/modules/pending/discord_zstd-1.zip: 12%
2/5/2025, 4:00:41 PM GMT+5:30 [Modules] Streaming discord_zstd@1 to /home/ithihas/.config/discord/0.0.84/modules/pending/discord_zstd-1.zip: 21%
2/5/2025, 4:00:41 PM GMT+5:30 [Modules] Streaming discord_zstd@1 to /home/ithihas/.config/discord/0.0.84/modules/pending/discord_zstd-1.zip: 25%
2/5/2025, 4:00:41 PM GMT+5:30 [Modules] Streaming discord_zstd@1 to /home/ithihas/.config/discord/0.0.84/modules/pending/discord_zstd-1.zip: 29%
2/5/2025, 4:00:41 PM GMT+5:30 [Modules] Streaming discord_zstd@1 to /home/ithihas/.config/discord/0.0.84/modules/pending/discord_zstd-1.zip: 34%
2/5/2025, 4:00:41 PM GMT+5:30 [Modules] Streaming discord_zstd@1 to /home/ithihas/.config/discord/0.0.84/modules/pending/discord_zstd-1.zip: 38%
2/5/2025, 4:00:41 PM GMT+5:30 [Modules] Streaming discord_zstd@1 to /home/ithihas/.config/discord/0.0.84/modules/pending/discord_zstd-1.zip: 46%
2/5/2025, 4:00:41 PM GMT+5:30 [Modules] Streaming discord_zstd@1 to /home/ithihas/.config/discord/0.0.84/modules/pending/discord_zstd-1.zip: 51%
2/5/2025, 4:00:41 PM GMT+5:30 [Modules] Streaming discord_zstd@1 to /home/ithihas/.config/discord/0.0.84/modules/pending/discord_zstd-1.zip: 59%
2/5/2025, 4:00:41 PM GMT+5:30 [Modules] Streaming discord_zstd@1 to /home/ithihas/.config/discord/0.0.84/modules/pending/discord_zstd-1.zip: 63%
2/5/2025, 4:00:41 PM GMT+5:30 [Modules] Streaming discord_zstd@1 to /home/ithihas/.config/discord/0.0.84/modules/pending/discord_zstd-1.zip: 68%
2/5/2025, 4:00:41 PM GMT+5:30 [Modules] Streaming discord_zstd@1 to /home/ithihas/.config/discord/0.0.84/modules/pending/discord_zstd-1.zip: 72%
2/5/2025, 4:00:41 PM GMT+5:30 [Modules] Streaming discord_zstd@1 to /home/ithihas/.config/discord/0.0.84/modules/pending/discord_zstd-1.zip: 76%
2/5/2025, 4:00:41 PM GMT+5:30 [Modules] Streaming discord_zstd@1 to /home/ithihas/.config/discord/0.0.84/modules/pending/discord_zstd-1.zip: 80%
2/5/2025, 4:00:41 PM GMT+5:30 [Modules] Streaming discord_zstd@1 to /home/ithihas/.config/discord/0.0.84/modules/pending/discord_zstd-1.zip: 85%
2/5/2025, 4:00:41 PM GMT+5:30 [Modules] Streaming discord_zstd@1 to /home/ithihas/.config/discord/0.0.84/modules/pending/discord_zstd-1.zip: 89%
2/5/2025, 4:00:41 PM GMT+5:30 [Modules] Streaming discord_zstd@1 to /home/ithihas/.config/discord/0.0.84/modules/pending/discord_zstd-1.zip: 93%
2/5/2025, 4:00:41 PM GMT+5:30 [Modules] Streaming discord_zstd@1 to /home/ithihas/.config/discord/0.0.84/modules/pending/discord_zstd-1.zip: 100%
2/5/2025, 4:00:41 PM GMT+5:30 [Modules] Finished module downloads. [success: 6] [failure: 0]
2/5/2025, 4:00:41 PM GMT+5:30 [Modules] Installing updates...
2/5/2025, 4:00:41 PM GMT+5:30 [Modules] Installing discord_desktop_core@1 from /home/ithihas/.config/discord/0.0.84/modules/pending/discord_desktop_core-1.zip
2/5/2025, 4:00:41 PM GMT+5:30 [Modules] Installing discord_erlpack@1 from /home/ithihas/.config/discord/0.0.84/modules/pending/discord_erlpack-1.zip
2/5/2025, 4:00:41 PM GMT+5:30 [Modules] Installing discord_spellcheck@1 from /home/ithihas/.config/discord/0.0.84/modules/pending/discord_spellcheck-1.zip
2/5/2025, 4:00:43 PM GMT+5:30 [Modules] Installing discord_utils@1 from /home/ithihas/.config/discord/0.0.84/modules/pending/discord_utils-1.zip
2/5/2025, 4:00:43 PM GMT+5:30 [Modules] Installing discord_voice@1 from /home/ithihas/.config/discord/0.0.84/modules/pending/discord_voice-1.zip
2/5/2025, 4:00:44 PM GMT+5:30 [Modules] Installing discord_zstd@1 from /home/ithihas/.config/discord/0.0.84/modules/pending/discord_zstd-1.zip
2/5/2025, 4:00:44 PM GMT+5:30 [Modules] Finished module installations. [success: 6] [failure: 0]
2/5/2025, 4:00:44 PM GMT+5:30 [Modules] Checking for host updates.
2/5/2025, 4:00:45 PM GMT+5:30 [Modules] Host is up to date.
2/5/2025, 4:00:45 PM GMT+5:30 [Modules] Checking for module updates at https://discord.com/api/modules/stable/versions.json
2/5/2025, 4:00:45 PM GMT+5:30 [Modules] No module updates available.
2/5/2025, 4:00:48 PM GMT+5:30 [Modules] Starting to install discord_krisp...
2/5/2025, 4:00:48 PM GMT+5:30 [Modules] Fetching discord_krisp@1 from https://discord.com/api/modules/stable/discord_krisp/1
2/5/2025, 4:00:48 PM GMT+5:30 [Modules] Streaming discord_krisp@1 to /home/ithihas/.config/discord/0.0.84/modules/pending/discord_krisp-1.zip
2/5/2025, 4:00:48 PM GMT+5:30 [Modules] Starting to install discord_game_utils...
2/5/2025, 4:00:48 PM GMT+5:30 [Modules] Streaming discord_krisp@1 to /home/ithihas/.config/discord/0.0.84/modules/pending/discord_krisp-1.zip: 1%
2/5/2025, 4:00:48 PM GMT+5:30 [Modules] Streaming discord_krisp@1 to /home/ithihas/.config/discord/0.0.84/modules/pending/discord_krisp-1.zip: 2%
2/5/2025, 4:00:48 PM GMT+5:30 [Modules] Streaming discord_krisp@1 to /home/ithihas/.config/discord/0.0.84/modules/pending/discord_krisp-1.zip: 3%
2/5/2025, 4:00:48 PM GMT+5:30 [Modules] Streaming discord_krisp@1 to /home/ithihas/.config/discord/0.0.84/modules/pending/discord_krisp-1.zip: 4%
2/5/2025, 4:00:48 PM GMT+5:30 [Modules] Streaming discord_krisp@1 to /home/ithihas/.config/discord/0.0.84/modules/pending/discord_krisp-1.zip: 5%
2/5/2025, 4:00:48 PM GMT+5:30 [Modules] Streaming discord_krisp@1 to /home/ithihas/.config/discord/0.0.84/modules/pending/discord_krisp-1.zip: 6%
2/5/2025, 4:00:48 PM GMT+5:30 [Modules] Streaming discord_krisp@1 to /home/ithihas/.config/discord/0.0.84/modules/pending/discord_krisp-1.zip: 7%
2/5/2025, 4:00:48 PM GMT+5:30 [Modules] Streaming discord_krisp@1 to /home/ithihas/.config/discord/0.0.84/modules/pending/discord_krisp-1.zip: 8%
2/5/2025, 4:00:49 PM GMT+5:30 [Modules] Streaming discord_krisp@1 to /home/ithihas/.config/discord/0.0.84/modules/pending/discord_krisp-1.zip: 9%
2/5/2025, 4:00:49 PM GMT+5:30 [Modules] Streaming discord_krisp@1 to /home/ithihas/.config/discord/0.0.84/modules/pending/discord_krisp-1.zip: 10%
2/5/2025, 4:00:49 PM GMT+5:30 [Modules] Streaming discord_krisp@1 to /home/ithihas/.config/discord/0.0.84/modules/pending/discord_krisp-1.zip: 11%
2/5/2025, 4:00:49 PM GMT+5:30 [Modules] Streaming discord_krisp@1 to /home/ithihas/.config/discord/0.0.84/modules/pending/discord_krisp-1.zip: 12%
2/5/2025, 4:00:49 PM GMT+5:30 [Modules] Streaming discord_krisp@1 to /home/ithihas/.config/discord/0.0.84/modules/pending/discord_krisp-1.zip: 13%
2/5/2025, 4:00:49 PM GMT+5:30 [Modules] Streaming discord_krisp@1 to /home/ithihas/.config/discord/0.0.84/modules/pending/discord_krisp-1.zip: 14%
2/5/2025, 4:00:49 PM GMT+5:30 [Modules] Streaming discord_krisp@1 to /home/ithihas/.config/discord/0.0.84/modules/pending/discord_krisp-1.zip: 15%
2/5/2025, 4:00:49 PM GMT+5:30 [Modules] Streaming discord_krisp@1 to /home/ithihas/.config/discord/0.0.84/modules/pending/discord_krisp-1.zip: 16%
2/5/2025, 4:00:49 PM GMT+5:30 [Modules] Streaming discord_krisp@1 to /home/ithihas/.config/discord/0.0.84/modules/pending/discord_krisp-1.zip: 17%
2/5/2025, 4:00:49 PM GMT+5:30 [Modules] Streaming discord_krisp@1 to /home/ithihas/.config/discord/0.0.84/modules/pending/discord_krisp-1.zip: 18%
2/5/2025, 4:00:49 PM GMT+5:30 [Modules] Streaming discord_krisp@1 to /home/ithihas/.config/discord/0.0.84/modules/pending/discord_krisp-1.zip: 19%
2/5/2025, 4:00:49 PM GMT+5:30 [Modules] Streaming discord_krisp@1 to /home/ithihas/.config/discord/0.0.84/modules/pending/discord_krisp-1.zip: 20%
2/5/2025, 4:00:49 PM GMT+5:30 [Modules] Streaming discord_krisp@1 to /home/ithihas/.config/discord/0.0.84/modules/pending/discord_krisp-1.zip: 21%
2/5/2025, 4:00:49 PM GMT+5:30 [Modules] Streaming discord_krisp@1 to /home/ithihas/.config/discord/0.0.84/modules/pending/discord_krisp-1.zip: 22%
2/5/2025, 4:00:49 PM GMT+5:30 [Modules] Streaming discord_krisp@1 to /home/ithihas/.config/discord/0.0.84/modules/pending/discord_krisp-1.zip: 23%
2/5/2025, 4:00:49 PM GMT+5:30 [Modules] Streaming discord_krisp@1 to /home/ithihas/.config/discord/0.0.84/modules/pending/discord_krisp-1.zip: 24%
2/5/2025, 4:00:49 PM GMT+5:30 [Modules] Streaming discord_krisp@1 to /home/ithihas/.config/discord/0.0.84/modules/pending/discord_krisp-1.zip: 25%
2/5/2025, 4:00:49 PM GMT+5:30 [Modules] Streaming discord_krisp@1 to /home/ithihas/.config/discord/0.0.84/modules/pending/discord_krisp-1.zip: 26%
2/5/2025, 4:00:49 PM GMT+5:30 [Modules] Streaming discord_krisp@1 to /home/ithihas/.config/discord/0.0.84/modules/pending/discord_krisp-1.zip: 27%
2/5/2025, 4:00:49 PM GMT+5:30 [Modules] Streaming discord_krisp@1 to /home/ithihas/.config/discord/0.0.84/modules/pending/discord_krisp-1.zip: 28%
2/5/2025, 4:00:49 PM GMT+5:30 [Modules] Streaming discord_krisp@1 to /home/ithihas/.config/discord/0.0.84/modules/pending/discord_krisp-1.zip: 29%
2/5/2025, 4:00:49 PM GMT+5:30 [Modules] Streaming discord_krisp@1 to /home/ithihas/.config/discord/0.0.84/modules/pending/discord_krisp-1.zip: 30%
2/5/2025, 4:00:49 PM GMT+5:30 [Modules] Streaming discord_krisp@1 to /home/ithihas/.config/discord/0.0.84/modules/pending/discord_krisp-1.zip: 31%
2/5/2025, 4:00:49 PM GMT+5:30 [Modules] Streaming discord_krisp@1 to /home/ithihas/.config/discord/0.0.84/modules/pending/discord_krisp-1.zip: 32%
2/5/2025, 4:00:49 PM GMT+5:30 [Modules] Streaming discord_krisp@1 to /home/ithihas/.config/discord/0.0.84/modules/pending/discord_krisp-1.zip: 33%
2/5/2025, 4:00:49 PM GMT+5:30 [Modules] Streaming discord_krisp@1 to /home/ithihas/.config/discord/0.0.84/modules/pending/discord_krisp-1.zip: 34%
2/5/2025, 4:00:49 PM GMT+5:30 [Modules] Streaming discord_krisp@1 to /home/ithihas/.config/discord/0.0.84/modules/pending/discord_krisp-1.zip: 35%
2/5/2025, 4:00:49 PM GMT+5:30 [Modules] Streaming discord_krisp@1 to /home/ithihas/.config/discord/0.0.84/modules/pending/discord_krisp-1.zip: 36%
2/5/2025, 4:00:49 PM GMT+5:30 [Modules] Streaming discord_krisp@1 to /home/ithihas/.config/discord/0.0.84/modules/pending/discord_krisp-1.zip: 37%
2/5/2025, 4:00:49 PM GMT+5:30 [Modules] Streaming discord_krisp@1 to /home/ithihas/.config/discord/0.0.84/modules/pending/discord_krisp-1.zip: 38%
2/5/2025, 4:00:49 PM GMT+5:30 [Modules] Streaming discord_krisp@1 to /home/ithihas/.config/discord/0.0.84/modules/pending/discord_krisp-1.zip: 39%
2/5/2025, 4:00:50 PM GMT+5:30 [Modules] Streaming discord_krisp@1 to /home/ithihas/.config/discord/0.0.84/modules/pending/discord_krisp-1.zip: 40%
2/5/2025, 4:00:50 PM GMT+5:30 [Modules] Streaming discord_krisp@1 to /home/ithihas/.config/discord/0.0.84/modules/pending/discord_krisp-1.zip: 41%
2/5/2025, 4:00:50 PM GMT+5:30 [Modules] Streaming discord_krisp@1 to /home/ithihas/.config/discord/0.0.84/modules/pending/discord_krisp-1.zip: 42%
2/5/2025, 4:00:50 PM GMT+5:30 [Modules] Streaming discord_krisp@1 to /home/ithihas/.config/discord/0.0.84/modules/pending/discord_krisp-1.zip: 43%
2/5/2025, 4:00:50 PM GMT+5:30 [Modules] Streaming discord_krisp@1 to /home/ithihas/.config/discord/0.0.84/modules/pending/discord_krisp-1.zip: 44%
2/5/2025, 4:00:50 PM GMT+5:30 [Modules] Streaming discord_krisp@1 to /home/ithihas/.config/discord/0.0.84/modules/pending/discord_krisp-1.zip: 45%
2/5/2025, 4:00:50 PM GMT+5:30 [Modules] Streaming discord_krisp@1 to /home/ithihas/.config/discord/0.0.84/modules/pending/discord_krisp-1.zip: 46%
2/5/2025, 4:00:50 PM GMT+5:30 [Modules] Streaming discord_krisp@1 to /home/ithihas/.config/discord/0.0.84/modules/pending/discord_krisp-1.zip: 47%
2/5/2025, 4:00:50 PM GMT+5:30 [Modules] Checking for host updates.
2/5/2025, 4:00:50 PM GMT+5:30 [Modules] Streaming discord_krisp@1 to /home/ithihas/.config/discord/0.0.84/modules/pending/discord_krisp-1.zip: 48%
2/5/2025, 4:00:50 PM GMT+5:30 [Modules] Streaming discord_krisp@1 to /home/ithihas/.config/discord/0.0.84/modules/pending/discord_krisp-1.zip: 49%
2/5/2025, 4:00:50 PM GMT+5:30 [Modules] Streaming discord_krisp@1 to /home/ithihas/.config/discord/0.0.84/modules/pending/discord_krisp-1.zip: 50%
2/5/2025, 4:00:50 PM GMT+5:30 [Modules] Streaming discord_krisp@1 to /home/ithihas/.config/discord/0.0.84/modules/pending/discord_krisp-1.zip: 51%
2/5/2025, 4:00:50 PM GMT+5:30 [Modules] Streaming discord_krisp@1 to /home/ithihas/.config/discord/0.0.84/modules/pending/discord_krisp-1.zip: 52%
2/5/2025, 4:00:50 PM GMT+5:30 [Modules] Streaming discord_krisp@1 to /home/ithihas/.config/discord/0.0.84/modules/pending/discord_krisp-1.zip: 53%
2/5/2025, 4:00:50 PM GMT+5:30 [Modules] Streaming discord_krisp@1 to /home/ithihas/.config/discord/0.0.84/modules/pending/discord_krisp-1.zip: 54%
2/5/2025, 4:00:50 PM GMT+5:30 [Modules] Streaming discord_krisp@1 to /home/ithihas/.config/discord/0.0.84/modules/pending/discord_krisp-1.zip: 55%
2/5/2025, 4:00:50 PM GMT+5:30 [Modules] Starting to install discord_rpc...
2/5/2025, 4:00:50 PM GMT+5:30 [Modules] Streaming discord_krisp@1 to /home/ithihas/.config/discord/0.0.84/modules/pending/discord_krisp-1.zip: 56%
2/5/2025, 4:00:50 PM GMT+5:30 [Modules] Streaming discord_krisp@1 to /home/ithihas/.config/discord/0.0.84/modules/pending/discord_krisp-1.zip: 57%
2/5/2025, 4:00:50 PM GMT+5:30 [Modules] Streaming discord_krisp@1 to /home/ithihas/.config/discord/0.0.84/modules/pending/discord_krisp-1.zip: 58%
2/5/2025, 4:00:50 PM GMT+5:30 [Modules] Streaming discord_krisp@1 to /home/ithihas/.config/discord/0.0.84/modules/pending/discord_krisp-1.zip: 59%
2/5/2025, 4:00:50 PM GMT+5:30 [Modules] Streaming discord_krisp@1 to /home/ithihas/.config/discord/0.0.84/modules/pending/discord_krisp-1.zip: 60%
2/5/2025, 4:00:50 PM GMT+5:30 [Modules] Streaming discord_krisp@1 to /home/ithihas/.config/discord/0.0.84/modules/pending/discord_krisp-1.zip: 61%
2/5/2025, 4:00:50 PM GMT+5:30 [Modules] Streaming discord_krisp@1 to /home/ithihas/.config/discord/0.0.84/modules/pending/discord_krisp-1.zip: 62%
2/5/2025, 4:00:50 PM GMT+5:30 [Modules] Host is up to date.
2/5/2025, 4:00:50 PM GMT+5:30 [Modules] Checking for module updates at https://discord.com/api/modules/stable/versions.json
2/5/2025, 4:00:50 PM GMT+5:30 [Modules] Streaming discord_krisp@1 to /home/ithihas/.config/discord/0.0.84/modules/pending/discord_krisp-1.zip: 63%
2/5/2025, 4:00:50 PM GMT+5:30 [Modules] No module updates available.
2/5/2025, 4:00:50 PM GMT+5:30 [Modules] Streaming discord_krisp@1 to /home/ithihas/.config/discord/0.0.84/modules/pending/discord_krisp-1.zip: 64%
2/5/2025, 4:00:50 PM GMT+5:30 [Modules] Streaming discord_krisp@1 to /home/ithihas/.config/discord/0.0.84/modules/pending/discord_krisp-1.zip: 65%
2/5/2025, 4:00:50 PM GMT+5:30 [Modules] Streaming discord_krisp@1 to /home/ithihas/.config/discord/0.0.84/modules/pending/discord_krisp-1.zip: 66%
2/5/2025, 4:00:50 PM GMT+5:30 [Modules] Streaming discord_krisp@1 to /home/ithihas/.config/discord/0.0.84/modules/pending/discord_krisp-1.zip: 67%
2/5/2025, 4:00:50 PM GMT+5:30 [Modules] Streaming discord_krisp@1 to /home/ithihas/.config/discord/0.0.84/modules/pending/discord_krisp-1.zip: 68%
2/5/2025, 4:00:50 PM GMT+5:30 [Modules] Streaming discord_krisp@1 to /home/ithihas/.config/discord/0.0.84/modules/pending/discord_krisp-1.zip: 69%
2/5/2025, 4:00:50 PM GMT+5:30 [Modules] Streaming discord_krisp@1 to /home/ithihas/.config/discord/0.0.84/modules/pending/discord_krisp-1.zip: 71%
2/5/2025, 4:00:50 PM GMT+5:30 [Modules] Streaming discord_krisp@1 to /home/ithihas/.config/discord/0.0.84/modules/pending/discord_krisp-1.zip: 72%
2/5/2025, 4:00:50 PM GMT+5:30 [Modules] Streaming discord_krisp@1 to /home/ithihas/.config/discord/0.0.84/modules/pending/discord_krisp-1.zip: 73%
2/5/2025, 4:00:50 PM GMT+5:30 [Modules] Streaming discord_krisp@1 to /home/ithihas/.config/discord/0.0.84/modules/pending/discord_krisp-1.zip: 74%
2/5/2025, 4:00:50 PM GMT+5:30 [Modules] Streaming discord_krisp@1 to /home/ithihas/.config/discord/0.0.84/modules/pending/discord_krisp-1.zip: 75%
2/5/2025, 4:00:51 PM GMT+5:30 [Modules] Streaming discord_krisp@1 to /home/ithihas/.config/discord/0.0.84/modules/pending/discord_krisp-1.zip: 76%
2/5/2025, 4:00:51 PM GMT+5:30 [Modules] Streaming discord_krisp@1 to /home/ithihas/.config/discord/0.0.84/modules/pending/discord_krisp-1.zip: 77%
2/5/2025, 4:00:51 PM GMT+5:30 [Modules] Streaming discord_krisp@1 to /home/ithihas/.config/discord/0.0.84/modules/pending/discord_krisp-1.zip: 78%
2/5/2025, 4:00:51 PM GMT+5:30 [Modules] Streaming discord_krisp@1 to /home/ithihas/.config/discord/0.0.84/modules/pending/discord_krisp-1.zip: 79%
2/5/2025, 4:00:51 PM GMT+5:30 [Modules] Streaming discord_krisp@1 to /home/ithihas/.config/discord/0.0.84/modules/pending/discord_krisp-1.zip: 80%
2/5/2025, 4:00:51 PM GMT+5:30 [Modules] Streaming discord_krisp@1 to /home/ithihas/.config/discord/0.0.84/modules/pending/discord_krisp-1.zip: 81%
2/5/2025, 4:00:51 PM GMT+5:30 [Modules] Streaming discord_krisp@1 to /home/ithihas/.config/discord/0.0.84/modules/pending/discord_krisp-1.zip: 82%
2/5/2025, 4:00:51 PM GMT+5:30 [Modules] Streaming discord_krisp@1 to /home/ithihas/.config/discord/0.0.84/modules/pending/discord_krisp-1.zip: 83%
2/5/2025, 4:00:51 PM GMT+5:30 [Modules] Streaming discord_krisp@1 to /home/ithihas/.config/discord/0.0.84/modules/pending/discord_krisp-1.zip: 84%
2/5/2025, 4:00:51 PM GMT+5:30 [Modules] Streaming discord_krisp@1 to /home/ithihas/.config/discord/0.0.84/modules/pending/discord_krisp-1.zip: 85%
2/5/2025, 4:00:51 PM GMT+5:30 [Modules] Streaming discord_krisp@1 to /home/ithihas/.config/discord/0.0.84/modules/pending/discord_krisp-1.zip: 86%
2/5/2025, 4:00:51 PM GMT+5:30 [Modules] Streaming discord_krisp@1 to /home/ithihas/.config/discord/0.0.84/modules/pending/discord_krisp-1.zip: 87%
2/5/2025, 4:00:51 PM GMT+5:30 [Modules] Streaming discord_krisp@1 to /home/ithihas/.config/discord/0.0.84/modules/pending/discord_krisp-1.zip: 88%
2/5/2025, 4:00:51 PM GMT+5:30 [Modules] Streaming discord_krisp@1 to /home/ithihas/.config/discord/0.0.84/modules/pending/discord_krisp-1.zip: 89%
2/5/2025, 4:00:51 PM GMT+5:30 [Modules] Streaming discord_krisp@1 to /home/ithihas/.config/discord/0.0.84/modules/pending/discord_krisp-1.zip: 90%
2/5/2025, 4:00:51 PM GMT+5:30 [Modules] Streaming discord_krisp@1 to /home/ithihas/.config/discord/0.0.84/modules/pending/discord_krisp-1.zip: 91%
2/5/2025, 4:00:51 PM GMT+5:30 [Modules] Streaming discord_krisp@1 to /home/ithihas/.config/discord/0.0.84/modules/pending/discord_krisp-1.zip: 92%
2/5/2025, 4:00:51 PM GMT+5:30 [Modules] Streaming discord_krisp@1 to /home/ithihas/.config/discord/0.0.84/modules/pending/discord_krisp-1.zip: 93%
2/5/2025, 4:00:51 PM GMT+5:30 [Modules] Streaming discord_krisp@1 to /home/ithihas/.config/discord/0.0.84/modules/pending/discord_krisp-1.zip: 94%
2/5/2025, 4:00:51 PM GMT+5:30 [Modules] Streaming discord_krisp@1 to /home/ithihas/.config/discord/0.0.84/modules/pending/discord_krisp-1.zip: 95%
2/5/2025, 4:00:51 PM GMT+5:30 [Modules] Streaming discord_krisp@1 to /home/ithihas/.config/discord/0.0.84/modules/pending/discord_krisp-1.zip: 96%
2/5/2025, 4:00:51 PM GMT+5:30 [Modules] Streaming discord_krisp@1 to /home/ithihas/.config/discord/0.0.84/modules/pending/discord_krisp-1.zip: 97%
2/5/2025, 4:00:51 PM GMT+5:30 [Modules] Streaming discord_krisp@1 to /home/ithihas/.config/discord/0.0.84/modules/pending/discord_krisp-1.zip: 98%
2/5/2025, 4:00:51 PM GMT+5:30 [Modules] Streaming discord_krisp@1 to /home/ithihas/.config/discord/0.0.84/modules/pending/discord_krisp-1.zip: 99%
2/5/2025, 4:00:51 PM GMT+5:30 [Modules] Streaming discord_krisp@1 to /home/ithihas/.config/discord/0.0.84/modules/pending/discord_krisp-1.zip: 100%
2/5/2025, 4:00:51 PM GMT+5:30 [Modules] Fetching discord_game_utils@1 from https://discord.com/api/modules/stable/discord_game_utils/1
2/5/2025, 4:00:51 PM GMT+5:30 [Modules] Streaming discord_game_utils@1 to /home/ithihas/.config/discord/0.0.84/modules/pending/discord_game_utils-1.zip
2/5/2025, 4:00:51 PM GMT+5:30 [Modules] Installing discord_krisp@1 from /home/ithihas/.config/discord/0.0.84/modules/pending/discord_krisp-1.zip
2/5/2025, 4:00:52 PM GMT+5:30 [Modules] Streaming discord_game_utils@1 to /home/ithihas/.config/discord/0.0.84/modules/pending/discord_game_utils-1.zip: 1%
2/5/2025, 4:00:52 PM GMT+5:30 [Modules] Streaming discord_game_utils@1 to /home/ithihas/.config/discord/0.0.84/modules/pending/discord_game_utils-1.zip: 2%
2/5/2025, 4:00:52 PM GMT+5:30 [Modules] Streaming discord_game_utils@1 to /home/ithihas/.config/discord/0.0.84/modules/pending/discord_game_utils-1.zip: 3%
2/5/2025, 4:00:52 PM GMT+5:30 [Modules] Streaming discord_game_utils@1 to /home/ithihas/.config/discord/0.0.84/modules/pending/discord_game_utils-1.zip: 4%
2/5/2025, 4:00:52 PM GMT+5:30 [Modules] Streaming discord_game_utils@1 to /home/ithihas/.config/discord/0.0.84/modules/pending/discord_game_utils-1.zip: 5%
2/5/2025, 4:00:52 PM GMT+5:30 [Modules] Streaming discord_game_utils@1 to /home/ithihas/.config/discord/0.0.84/modules/pending/discord_game_utils-1.zip: 6%
2/5/2025, 4:00:52 PM GMT+5:30 [Modules] Streaming discord_game_utils@1 to /home/ithihas/.config/discord/0.0.84/modules/pending/discord_game_utils-1.zip: 8%
2/5/2025, 4:00:52 PM GMT+5:30 [Modules] Streaming discord_game_utils@1 to /home/ithihas/.config/discord/0.0.84/modules/pending/discord_game_utils-1.zip: 9%
2/5/2025, 4:00:52 PM GMT+5:30 [Modules] Streaming discord_game_utils@1 to /home/ithihas/.config/discord/0.0.84/modules/pending/discord_game_utils-1.zip: 10%
2/5/2025, 4:00:52 PM GMT+5:30 [Modules] Streaming discord_game_utils@1 to /home/ithihas/.config/discord/0.0.84/modules/pending/discord_game_utils-1.zip: 11%
2/5/2025, 4:00:52 PM GMT+5:30 [Modules] Streaming discord_game_utils@1 to /home/ithihas/.config/discord/0.0.84/modules/pending/discord_game_utils-1.zip: 13%
2/5/2025, 4:00:52 PM GMT+5:30 [Modules] Streaming discord_game_utils@1 to /home/ithihas/.config/discord/0.0.84/modules/pending/discord_game_utils-1.zip: 14%
2/5/2025, 4:00:52 PM GMT+5:30 [Modules] Streaming discord_game_utils@1 to /home/ithihas/.config/discord/0.0.84/modules/pending/discord_game_utils-1.zip: 15%
2/5/2025, 4:00:52 PM GMT+5:30 [Modules] Streaming discord_game_utils@1 to /home/ithihas/.config/discord/0.0.84/modules/pending/discord_game_utils-1.zip: 18%
2/5/2025, 4:00:52 PM GMT+5:30 [Modules] Streaming discord_game_utils@1 to /home/ithihas/.config/discord/0.0.84/modules/pending/discord_game_utils-1.zip: 19%
2/5/2025, 4:00:52 PM GMT+5:30 [Modules] Streaming discord_game_utils@1 to /home/ithihas/.config/discord/0.0.84/modules/pending/discord_game_utils-1.zip: 21%
2/5/2025, 4:00:52 PM GMT+5:30 [Modules] Streaming discord_game_utils@1 to /home/ithihas/.config/discord/0.0.84/modules/pending/discord_game_utils-1.zip: 24%
2/5/2025, 4:00:52 PM GMT+5:30 [Modules] Streaming discord_game_utils@1 to /home/ithihas/.config/discord/0.0.84/modules/pending/discord_game_utils-1.zip: 25%
2/5/2025, 4:00:52 PM GMT+5:30 [Modules] Streaming discord_game_utils@1 to /home/ithihas/.config/discord/0.0.84/modules/pending/discord_game_utils-1.zip: 26%
2/5/2025, 4:00:52 PM GMT+5:30 [Modules] Streaming discord_game_utils@1 to /home/ithihas/.config/discord/0.0.84/modules/pending/discord_game_utils-1.zip: 27%
2/5/2025, 4:00:52 PM GMT+5:30 [Modules] Streaming discord_game_utils@1 to /home/ithihas/.config/discord/0.0.84/modules/pending/discord_game_utils-1.zip: 28%
2/5/2025, 4:00:52 PM GMT+5:30 [Modules] Streaming discord_game_utils@1 to /home/ithihas/.config/discord/0.0.84/modules/pending/discord_game_utils-1.zip: 34%
2/5/2025, 4:00:52 PM GMT+5:30 [Modules] Streaming discord_game_utils@1 to /home/ithihas/.config/discord/0.0.84/modules/pending/discord_game_utils-1.zip: 36%
2/5/2025, 4:00:52 PM GMT+5:30 [Modules] Streaming discord_game_utils@1 to /home/ithihas/.config/discord/0.0.84/modules/pending/discord_game_utils-1.zip: 37%
2/5/2025, 4:00:52 PM GMT+5:30 [Modules] Streaming discord_game_utils@1 to /home/ithihas/.config/discord/0.0.84/modules/pending/discord_game_utils-1.zip: 38%
2/5/2025, 4:00:52 PM GMT+5:30 [Modules] Streaming discord_game_utils@1 to /home/ithihas/.config/discord/0.0.84/modules/pending/discord_game_utils-1.zip: 39%
2/5/2025, 4:00:52 PM GMT+5:30 [Modules] Streaming discord_game_utils@1 to /home/ithihas/.config/discord/0.0.84/modules/pending/discord_game_utils-1.zip: 40%
2/5/2025, 4:00:52 PM GMT+5:30 [Modules] Streaming discord_game_utils@1 to /home/ithihas/.config/discord/0.0.84/modules/pending/discord_game_utils-1.zip: 42%
2/5/2025, 4:00:52 PM GMT+5:30 [Modules] Streaming discord_game_utils@1 to /home/ithihas/.config/discord/0.0.84/modules/pending/discord_game_utils-1.zip: 44%
2/5/2025, 4:00:52 PM GMT+5:30 [Modules] Streaming discord_game_utils@1 to /home/ithihas/.config/discord/0.0.84/modules/pending/discord_game_utils-1.zip: 47%
2/5/2025, 4:00:52 PM GMT+5:30 [Modules] Streaming discord_game_utils@1 to /home/ithihas/.config/discord/0.0.84/modules/pending/discord_game_utils-1.zip: 49%
2/5/2025, 4:00:52 PM GMT+5:30 [Modules] Streaming discord_game_utils@1 to /home/ithihas/.config/discord/0.0.84/modules/pending/discord_game_utils-1.zip: 50%
2/5/2025, 4:00:52 PM GMT+5:30 [Modules] Streaming discord_game_utils@1 to /home/ithihas/.config/discord/0.0.84/modules/pending/discord_game_utils-1.zip: 51%
2/5/2025, 4:00:52 PM GMT+5:30 [Modules] Streaming discord_game_utils@1 to /home/ithihas/.config/discord/0.0.84/modules/pending/discord_game_utils-1.zip: 54%
2/5/2025, 4:00:52 PM GMT+5:30 [Modules] Streaming discord_game_utils@1 to /home/ithihas/.config/discord/0.0.84/modules/pending/discord_game_utils-1.zip: 56%
2/5/2025, 4:00:52 PM GMT+5:30 [Modules] Streaming discord_game_utils@1 to /home/ithihas/.config/discord/0.0.84/modules/pending/discord_game_utils-1.zip: 58%
2/5/2025, 4:00:52 PM GMT+5:30 [Modules] Streaming discord_game_utils@1 to /home/ithihas/.config/discord/0.0.84/modules/pending/discord_game_utils-1.zip: 59%
2/5/2025, 4:00:52 PM GMT+5:30 [Modules] Streaming discord_game_utils@1 to /home/ithihas/.config/discord/0.0.84/modules/pending/discord_game_utils-1.zip: 61%
2/5/2025, 4:00:52 PM GMT+5:30 [Modules] Streaming discord_game_utils@1 to /home/ithihas/.config/discord/0.0.84/modules/pending/discord_game_utils-1.zip: 62%
2/5/2025, 4:00:52 PM GMT+5:30 [Modules] Streaming discord_game_utils@1 to /home/ithihas/.config/discord/0.0.84/modules/pending/discord_game_utils-1.zip: 64%
2/5/2025, 4:00:52 PM GMT+5:30 [Modules] Streaming discord_game_utils@1 to /home/ithihas/.config/discord/0.0.84/modules/pending/discord_game_utils-1.zip: 65%
2/5/2025, 4:00:52 PM GMT+5:30 [Modules] Streaming discord_game_utils@1 to /home/ithihas/.config/discord/0.0.84/modules/pending/discord_game_utils-1.zip: 67%
2/5/2025, 4:00:52 PM GMT+5:30 [Modules] Streaming discord_game_utils@1 to /home/ithihas/.config/discord/0.0.84/modules/pending/discord_game_utils-1.zip: 68%
2/5/2025, 4:00:52 PM GMT+5:30 [Modules] Streaming discord_game_utils@1 to /home/ithihas/.config/discord/0.0.84/modules/pending/discord_game_utils-1.zip: 69%
2/5/2025, 4:00:52 PM GMT+5:30 [Modules] Streaming discord_game_utils@1 to /home/ithihas/.config/discord/0.0.84/modules/pending/discord_game_utils-1.zip: 70%
2/5/2025, 4:00:52 PM GMT+5:30 [Modules] Streaming discord_game_utils@1 to /home/ithihas/.config/discord/0.0.84/modules/pending/discord_game_utils-1.zip: 71%
2/5/2025, 4:00:52 PM GMT+5:30 [Modules] Streaming discord_game_utils@1 to /home/ithihas/.config/discord/0.0.84/modules/pending/discord_game_utils-1.zip: 74%
2/5/2025, 4:00:52 PM GMT+5:30 [Modules] Streaming discord_game_utils@1 to /home/ithihas/.config/discord/0.0.84/modules/pending/discord_game_utils-1.zip: 75%
2/5/2025, 4:00:52 PM GMT+5:30 [Modules] Streaming discord_game_utils@1 to /home/ithihas/.config/discord/0.0.84/modules/pending/discord_game_utils-1.zip: 77%
2/5/2025, 4:00:52 PM GMT+5:30 [Modules] Streaming discord_game_utils@1 to /home/ithihas/.config/discord/0.0.84/modules/pending/discord_game_utils-1.zip: 78%
2/5/2025, 4:00:52 PM GMT+5:30 [Modules] Streaming discord_game_utils@1 to /home/ithihas/.config/discord/0.0.84/modules/pending/discord_game_utils-1.zip: 80%
2/5/2025, 4:00:52 PM GMT+5:30 [Modules] Streaming discord_game_utils@1 to /home/ithihas/.config/discord/0.0.84/modules/pending/discord_game_utils-1.zip: 81%
2/5/2025, 4:00:52 PM GMT+5:30 [Modules] Streaming discord_game_utils@1 to /home/ithihas/.config/discord/0.0.84/modules/pending/discord_game_utils-1.zip: 84%
2/5/2025, 4:00:52 PM GMT+5:30 [Modules] Streaming discord_game_utils@1 to /home/ithihas/.config/discord/0.0.84/modules/pending/discord_game_utils-1.zip: 85%
2/5/2025, 4:00:52 PM GMT+5:30 [Modules] Streaming discord_game_utils@1 to /home/ithihas/.config/discord/0.0.84/modules/pending/discord_game_utils-1.zip: 87%
2/5/2025, 4:00:52 PM GMT+5:30 [Modules] Streaming discord_game_utils@1 to /home/ithihas/.config/discord/0.0.84/modules/pending/discord_game_utils-1.zip: 88%
2/5/2025, 4:00:52 PM GMT+5:30 [Modules] Streaming discord_game_utils@1 to /home/ithihas/.config/discord/0.0.84/modules/pending/discord_game_utils-1.zip: 89%
2/5/2025, 4:00:52 PM GMT+5:30 [Modules] Streaming discord_game_utils@1 to /home/ithihas/.config/discord/0.0.84/modules/pending/discord_game_utils-1.zip: 90%
2/5/2025, 4:00:52 PM GMT+5:30 [Modules] Streaming discord_game_utils@1 to /home/ithihas/.config/discord/0.0.84/modules/pending/discord_game_utils-1.zip: 91%
2/5/2025, 4:00:52 PM GMT+5:30 [Modules] Streaming discord_game_utils@1 to /home/ithihas/.config/discord/0.0.84/modules/pending/discord_game_utils-1.zip: 92%
2/5/2025, 4:00:52 PM GMT+5:30 [Modules] Streaming discord_game_utils@1 to /home/ithihas/.config/discord/0.0.84/modules/pending/discord_game_utils-1.zip: 93%
2/5/2025, 4:00:52 PM GMT+5:30 [Modules] Streaming discord_game_utils@1 to /home/ithihas/.config/discord/0.0.84/modules/pending/discord_game_utils-1.zip: 94%
2/5/2025, 4:00:52 PM GMT+5:30 [Modules] Streaming discord_game_utils@1 to /home/ithihas/.config/discord/0.0.84/modules/pending/discord_game_utils-1.zip: 95%
2/5/2025, 4:00:52 PM GMT+5:30 [Modules] Streaming discord_game_utils@1 to /home/ithihas/.config/discord/0.0.84/modules/pending/discord_game_utils-1.zip: 98%
2/5/2025, 4:00:52 PM GMT+5:30 [Modules] Streaming discord_game_utils@1 to /home/ithihas/.config/discord/0.0.84/modules/pending/discord_game_utils-1.zip: 100%
2/5/2025, 4:00:52 PM GMT+5:30 [Modules] Fetching discord_rpc@1 from https://discord.com/api/modules/stable/discord_rpc/1
2/5/2025, 4:00:52 PM GMT+5:30 [Modules] Streaming discord_rpc@1 to /home/ithihas/.config/discord/0.0.84/modules/pending/discord_rpc-1.zip
2/5/2025, 4:00:52 PM GMT+5:30 [Modules] Installing discord_game_utils@1 from /home/ithihas/.config/discord/0.0.84/modules/pending/discord_game_utils-1.zip
2/5/2025, 4:00:53 PM GMT+5:30 [Modules] Finished module installations. [success: 2] [failure: 0]
2/5/2025, 4:00:53 PM GMT+5:30 [Modules] Streaming discord_rpc@1 to /home/ithihas/.config/discord/0.0.84/modules/pending/discord_rpc-1.zip: 38%
2/5/2025, 4:00:53 PM GMT+5:30 [Modules] Streaming discord_rpc@1 to /home/ithihas/.config/discord/0.0.84/modules/pending/discord_rpc-1.zip: 77%
2/5/2025, 4:00:53 PM GMT+5:30 [Modules] Streaming discord_rpc@1 to /home/ithihas/.config/discord/0.0.84/modules/pending/discord_rpc-1.zip: 100%
2/5/2025, 4:00:53 PM GMT+5:30 [Modules] Finished module downloads. [success: 3] [failure: 0]
2/5/2025, 4:00:53 PM GMT+5:30 [Modules] Installing discord_rpc@1 from /home/ithihas/.config/discord/0.0.84/modules/pending/discord_rpc-1.zip
2/5/2025, 4:00:53 PM GMT+5:30 [Modules] Finished module installations. [success: 1] [failure: 0]
3/16/2025, 4:26:41 PM GMT+5:30 [Modules] Modules initializing
3/16/2025, 4:26:41 PM GMT+5:30 [Modules] Distribution: remote
3/16/2025, 4:26:41 PM GMT+5:30 [Modules] Host updates: enabled
3/16/2025, 4:26:41 PM GMT+5:30 [Modules] Module updates: enabled
3/16/2025, 4:26:41 PM GMT+5:30 [Modules] Module install path: /home/ithihas/.config/discord/0.0.88/modules
3/16/2025, 4:26:41 PM GMT+5:30 [Modules] Module installed file path: /home/ithihas/.config/discord/0.0.88/modules/installed.json
3/16/2025, 4:26:41 PM GMT+5:30 [Modules] Module download path: /home/ithihas/.config/discord/0.0.88/modules/pending
3/16/2025, 4:26:42 PM GMT+5:30 [Modules] Bootstrapping...
3/16/2025, 4:26:42 PM GMT+5:30 [Modules] Installing discord_desktop_core@0 from /opt/discord/resources/bootstrap/discord_desktop_core.zip
3/16/2025, 4:26:42 PM GMT+5:30 [Modules] Failed installing discord_desktop_core@0: Error: ENOENT: no such file or directory, open '/opt/discord/resources/bootstrap/discord_desktop_core.zip'
3/16/2025, 4:26:42 PM GMT+5:30 [Modules] Installing discord_erlpack@0 from /opt/discord/resources/bootstrap/discord_erlpack.zip
3/16/2025, 4:26:42 PM GMT+5:30 [Modules] Failed installing discord_erlpack@0: Error: ENOENT: no such file or directory, open '/opt/discord/resources/bootstrap/discord_erlpack.zip'
3/16/2025, 4:26:42 PM GMT+5:30 [Modules] Installing discord_spellcheck@0 from /opt/discord/resources/bootstrap/discord_spellcheck.zip
3/16/2025, 4:26:42 PM GMT+5:30 [Modules] Failed installing discord_spellcheck@0: Error: ENOENT: no such file or directory, open '/opt/discord/resources/bootstrap/discord_spellcheck.zip'
3/16/2025, 4:26:42 PM GMT+5:30 [Modules] Installing discord_utils@0 from /opt/discord/resources/bootstrap/discord_utils.zip
3/16/2025, 4:26:42 PM GMT+5:30 [Modules] Failed installing discord_utils@0: Error: ENOENT: no such file or directory, open '/opt/discord/resources/bootstrap/discord_utils.zip'
3/16/2025, 4:26:42 PM GMT+5:30 [Modules] Installing discord_voice@0 from /opt/discord/resources/bootstrap/discord_voice.zip
3/16/2025, 4:26:42 PM GMT+5:30 [Modules] Failed installing discord_voice@0: Error: ENOENT: no such file or directory, open '/opt/discord/resources/bootstrap/discord_voice.zip'
3/16/2025, 4:26:42 PM GMT+5:30 [Modules] Installing discord_zstd@0 from /opt/discord/resources/bootstrap/discord_zstd.zip
3/16/2025, 4:26:42 PM GMT+5:30 [Modules] Failed installing discord_zstd@0: Error: ENOENT: no such file or directory, open '/opt/discord/resources/bootstrap/discord_zstd.zip'
3/16/2025, 4:26:42 PM GMT+5:30 [Modules] Finished module installations. [success: 0] [failure: 6]
3/16/2025, 4:26:42 PM GMT+5:30 [Modules] Checking for host updates.
3/16/2025, 4:26:43 PM GMT+5:30 [Modules] Host is up to date.
3/16/2025, 4:26:43 PM GMT+5:30 [Modules] Checking for module updates at https://discord.com/api/modules/stable/versions.json
3/16/2025, 4:26:43 PM GMT+5:30 [Modules] Module update available: discord_desktop_core@1 [installed: 0]
3/16/2025, 4:26:43 PM GMT+5:30 [Modules] Module update available: discord_erlpack@1 [installed: 0]
3/16/2025, 4:26:43 PM GMT+5:30 [Modules] Module update available: discord_spellcheck@1 [installed: 0]
3/16/2025, 4:26:43 PM GMT+5:30 [Modules] Module update available: discord_utils@1 [installed: 0]
3/16/2025, 4:26:43 PM GMT+5:30 [Modules] Module update available: discord_voice@1 [installed: 0]
3/16/2025, 4:26:43 PM GMT+5:30 [Modules] Module update available: discord_zstd@1 [installed: 0]
3/16/2025, 4:26:43 PM GMT+5:30 [Modules] Fetching discord_desktop_core@1 from https://discord.com/api/modules/stable/discord_desktop_core/1
3/16/2025, 4:26:43 PM GMT+5:30 [Modules] Streaming discord_desktop_core@1 to /home/ithihas/.config/discord/0.0.88/modules/pending/discord_desktop_core-1.zip
3/16/2025, 4:26:44 PM GMT+5:30 [Modules] Streaming discord_desktop_core@1 to /home/ithihas/.config/discord/0.0.88/modules/pending/discord_desktop_core-1.zip: 2%
3/16/2025, 4:26:44 PM GMT+5:30 [Modules] Streaming discord_desktop_core@1 to /home/ithihas/.config/discord/0.0.88/modules/pending/discord_desktop_core-1.zip: 3%
3/16/2025, 4:26:44 PM GMT+5:30 [Modules] Streaming discord_desktop_core@1 to /home/ithihas/.config/discord/0.0.88/modules/pending/discord_desktop_core-1.zip: 5%
3/16/2025, 4:26:44 PM GMT+5:30 [Modules] Streaming discord_desktop_core@1 to /home/ithihas/.config/discord/0.0.88/modules/pending/discord_desktop_core-1.zip: 7%
3/16/2025, 4:26:44 PM GMT+5:30 [Modules] Streaming discord_desktop_core@1 to /home/ithihas/.config/discord/0.0.88/modules/pending/discord_desktop_core-1.zip: 9%
3/16/2025, 4:26:44 PM GMT+5:30 [Modules] Streaming discord_desktop_core@1 to /home/ithihas/.config/discord/0.0.88/modules/pending/discord_desktop_core-1.zip: 12%
3/16/2025, 4:26:44 PM GMT+5:30 [Modules] Streaming discord_desktop_core@1 to /home/ithihas/.config/discord/0.0.88/modules/pending/discord_desktop_core-1.zip: 18%
3/16/2025, 4:26:44 PM GMT+5:30 [Modules] Streaming discord_desktop_core@1 to /home/ithihas/.config/discord/0.0.88/modules/pending/discord_desktop_core-1.zip: 25%
3/16/2025, 4:26:44 PM GMT+5:30 [Modules] Streaming discord_desktop_core@1 to /home/ithihas/.config/discord/0.0.88/modules/pending/discord_desktop_core-1.zip: 28%
3/16/2025, 4:26:44 PM GMT+5:30 [Modules] Streaming discord_desktop_core@1 to /home/ithihas/.config/discord/0.0.88/modules/pending/discord_desktop_core-1.zip: 31%
3/16/2025, 4:26:44 PM GMT+5:30 [Modules] Streaming discord_desktop_core@1 to /home/ithihas/.config/discord/0.0.88/modules/pending/discord_desktop_core-1.zip: 34%
3/16/2025, 4:26:44 PM GMT+5:30 [Modules] Streaming discord_desktop_core@1 to /home/ithihas/.config/discord/0.0.88/modules/pending/discord_desktop_core-1.zip: 36%
3/16/2025, 4:26:44 PM GMT+5:30 [Modules] Streaming discord_desktop_core@1 to /home/ithihas/.config/discord/0.0.88/modules/pending/discord_desktop_core-1.zip: 39%
3/16/2025, 4:26:44 PM GMT+5:30 [Modules] Streaming discord_desktop_core@1 to /home/ithihas/.config/discord/0.0.88/modules/pending/discord_desktop_core-1.zip: 42%
3/16/2025, 4:26:44 PM GMT+5:30 [Modules] Streaming discord_desktop_core@1 to /home/ithihas/.config/discord/0.0.88/modules/pending/discord_desktop_core-1.zip: 44%
3/16/2025, 4:26:44 PM GMT+5:30 [Modules] Streaming discord_desktop_core@1 to /home/ithihas/.config/discord/0.0.88/modules/pending/discord_desktop_core-1.zip: 46%
3/16/2025, 4:26:44 PM GMT+5:30 [Modules] Streaming discord_desktop_core@1 to /home/ithihas/.config/discord/0.0.88/modules/pending/discord_desktop_core-1.zip: 48%
3/16/2025, 4:26:44 PM GMT+5:30 [Modules] Streaming discord_desktop_core@1 to /home/ithihas/.config/discord/0.0.88/modules/pending/discord_desktop_core-1.zip: 52%
3/16/2025, 4:26:44 PM GMT+5:30 [Modules] Streaming discord_desktop_core@1 to /home/ithihas/.config/discord/0.0.88/modules/pending/discord_desktop_core-1.zip: 56%
3/16/2025, 4:26:44 PM GMT+5:30 [Modules] Streaming discord_desktop_core@1 to /home/ithihas/.config/discord/0.0.88/modules/pending/discord_desktop_core-1.zip: 58%
3/16/2025, 4:26:44 PM GMT+5:30 [Modules] Streaming discord_desktop_core@1 to /home/ithihas/.config/discord/0.0.88/modules/pending/discord_desktop_core-1.zip: 61%
3/16/2025, 4:26:44 PM GMT+5:30 [Modules] Streaming discord_desktop_core@1 to /home/ithihas/.config/discord/0.0.88/modules/pending/discord_desktop_core-1.zip: 63%
3/16/2025, 4:26:44 PM GMT+5:30 [Modules] Streaming discord_desktop_core@1 to /home/ithihas/.config/discord/0.0.88/modules/pending/discord_desktop_core-1.zip: 64%
3/16/2025, 4:26:44 PM GMT+5:30 [Modules] Streaming discord_desktop_core@1 to /home/ithihas/.config/discord/0.0.88/modules/pending/discord_desktop_core-1.zip: 65%
3/16/2025, 4:26:44 PM GMT+5:30 [Modules] Streaming discord_desktop_core@1 to /home/ithihas/.config/discord/0.0.88/modules/pending/discord_desktop_core-1.zip: 68%
3/16/2025, 4:26:44 PM GMT+5:30 [Modules] Streaming discord_desktop_core@1 to /home/ithihas/.config/discord/0.0.88/modules/pending/discord_desktop_core-1.zip: 70%
3/16/2025, 4:26:44 PM GMT+5:30 [Modules] Streaming discord_desktop_core@1 to /home/ithihas/.config/discord/0.0.88/modules/pending/discord_desktop_core-1.zip: 73%
3/16/2025, 4:26:44 PM GMT+5:30 [Modules] Streaming discord_desktop_core@1 to /home/ithihas/.config/discord/0.0.88/modules/pending/discord_desktop_core-1.zip: 74%
3/16/2025, 4:26:44 PM GMT+5:30 [Modules] Streaming discord_desktop_core@1 to /home/ithihas/.config/discord/0.0.88/modules/pending/discord_desktop_core-1.zip: 77%
3/16/2025, 4:26:44 PM GMT+5:30 [Modules] Streaming discord_desktop_core@1 to /home/ithihas/.config/discord/0.0.88/modules/pending/discord_desktop_core-1.zip: 78%
3/16/2025, 4:26:44 PM GMT+5:30 [Modules] Streaming discord_desktop_core@1 to /home/ithihas/.config/discord/0.0.88/modules/pending/discord_desktop_core-1.zip: 80%
3/16/2025, 4:26:44 PM GMT+5:30 [Modules] Streaming discord_desktop_core@1 to /home/ithihas/.config/discord/0.0.88/modules/pending/discord_desktop_core-1.zip: 81%
3/16/2025, 4:26:44 PM GMT+5:30 [Modules] Streaming discord_desktop_core@1 to /home/ithihas/.config/discord/0.0.88/modules/pending/discord_desktop_core-1.zip: 82%
3/16/2025, 4:26:44 PM GMT+5:30 [Modules] Streaming discord_desktop_core@1 to /home/ithihas/.config/discord/0.0.88/modules/pending/discord_desktop_core-1.zip: 85%
3/16/2025, 4:26:44 PM GMT+5:30 [Modules] Streaming discord_desktop_core@1 to /home/ithihas/.config/discord/0.0.88/modules/pending/discord_desktop_core-1.zip: 88%
3/16/2025, 4:26:44 PM GMT+5:30 [Modules] Streaming discord_desktop_core@1 to /home/ithihas/.config/discord/0.0.88/modules/pending/discord_desktop_core-1.zip: 91%
3/16/2025, 4:26:44 PM GMT+5:30 [Modules] Streaming discord_desktop_core@1 to /home/ithihas/.config/discord/0.0.88/modules/pending/discord_desktop_core-1.zip: 94%
3/16/2025, 4:26:44 PM GMT+5:30 [Modules] Streaming discord_desktop_core@1 to /home/ithihas/.config/discord/0.0.88/modules/pending/discord_desktop_core-1.zip: 98%
3/16/2025, 4:26:44 PM GMT+5:30 [Modules] Streaming discord_desktop_core@1 to /home/ithihas/.config/discord/0.0.88/modules/pending/discord_desktop_core-1.zip: 100%
3/16/2025, 4:26:44 PM GMT+5:30 [Modules] Fetching discord_erlpack@1 from https://discord.com/api/modules/stable/discord_erlpack/1
3/16/2025, 4:26:44 PM GMT+5:30 [Modules] Streaming discord_erlpack@1 to /home/ithihas/.config/discord/0.0.88/modules/pending/discord_erlpack-1.zip
3/16/2025, 4:26:45 PM GMT+5:30 [Modules] Streaming discord_erlpack@1 to /home/ithihas/.config/discord/0.0.88/modules/pending/discord_erlpack-1.zip: 3%
3/16/2025, 4:26:45 PM GMT+5:30 [Modules] Streaming discord_erlpack@1 to /home/ithihas/.config/discord/0.0.88/modules/pending/discord_erlpack-1.zip: 7%
3/16/2025, 4:26:45 PM GMT+5:30 [Modules] Streaming discord_erlpack@1 to /home/ithihas/.config/discord/0.0.88/modules/pending/discord_erlpack-1.zip: 8%
3/16/2025, 4:26:45 PM GMT+5:30 [Modules] Streaming discord_erlpack@1 to /home/ithihas/.config/discord/0.0.88/modules/pending/discord_erlpack-1.zip: 12%
3/16/2025, 4:26:45 PM GMT+5:30 [Modules] Streaming discord_erlpack@1 to /home/ithihas/.config/discord/0.0.88/modules/pending/discord_erlpack-1.zip: 18%
3/16/2025, 4:26:45 PM GMT+5:30 [Modules] Streaming discord_erlpack@1 to /home/ithihas/.config/discord/0.0.88/modules/pending/discord_erlpack-1.zip: 30%
3/16/2025, 4:26:45 PM GMT+5:30 [Modules] Streaming discord_erlpack@1 to /home/ithihas/.config/discord/0.0.88/modules/pending/discord_erlpack-1.zip: 33%
3/16/2025, 4:26:45 PM GMT+5:30 [Modules] Streaming discord_erlpack@1 to /home/ithihas/.config/discord/0.0.88/modules/pending/discord_erlpack-1.zip: 36%
3/16/2025, 4:26:45 PM GMT+5:30 [Modules] Streaming discord_erlpack@1 to /home/ithihas/.config/discord/0.0.88/modules/pending/discord_erlpack-1.zip: 39%
3/16/2025, 4:26:45 PM GMT+5:30 [Modules] Streaming discord_erlpack@1 to /home/ithihas/.config/discord/0.0.88/modules/pending/discord_erlpack-1.zip: 48%
3/16/2025, 4:26:45 PM GMT+5:30 [Modules] Streaming discord_erlpack@1 to /home/ithihas/.config/discord/0.0.88/modules/pending/discord_erlpack-1.zip: 60%
3/16/2025, 4:26:45 PM GMT+5:30 [Modules] Streaming discord_erlpack@1 to /home/ithihas/.config/discord/0.0.88/modules/pending/discord_erlpack-1.zip: 63%
3/16/2025, 4:26:45 PM GMT+5:30 [Modules] Streaming discord_erlpack@1 to /home/ithihas/.config/discord/0.0.88/modules/pending/discord_erlpack-1.zip: 66%
3/16/2025, 4:26:45 PM GMT+5:30 [Modules] Streaming discord_erlpack@1 to /home/ithihas/.config/discord/0.0.88/modules/pending/discord_erlpack-1.zip: 78%
3/16/2025, 4:26:45 PM GMT+5:30 [Modules] Streaming discord_erlpack@1 to /home/ithihas/.config/discord/0.0.88/modules/pending/discord_erlpack-1.zip: 81%
3/16/2025, 4:26:45 PM GMT+5:30 [Modules] Streaming discord_erlpack@1 to /home/ithihas/.config/discord/0.0.88/modules/pending/discord_erlpack-1.zip: 84%
3/16/2025, 4:26:45 PM GMT+5:30 [Modules] Streaming discord_erlpack@1 to /home/ithihas/.config/discord/0.0.88/modules/pending/discord_erlpack-1.zip: 90%
3/16/2025, 4:26:45 PM GMT+5:30 [Modules] Streaming discord_erlpack@1 to /home/ithihas/.config/discord/0.0.88/modules/pending/discord_erlpack-1.zip: 96%
3/16/2025, 4:26:45 PM GMT+5:30 [Modules] Streaming discord_erlpack@1 to /home/ithihas/.config/discord/0.0.88/modules/pending/discord_erlpack-1.zip: 99%
3/16/2025, 4:26:45 PM GMT+5:30 [Modules] Streaming discord_erlpack@1 to /home/ithihas/.config/discord/0.0.88/modules/pending/discord_erlpack-1.zip: 100%
3/16/2025, 4:26:45 PM GMT+5:30 [Modules] Fetching discord_spellcheck@1 from https://discord.com/api/modules/stable/discord_spellcheck/1
3/16/2025, 4:26:45 PM GMT+5:30 [Modules] Streaming discord_spellcheck@1 to /home/ithihas/.config/discord/0.0.88/modules/pending/discord_spellcheck-1.zip
3/16/2025, 4:26:46 PM GMT+5:30 [Modules] Streaming discord_spellcheck@1 to /home/ithihas/.config/discord/0.0.88/modules/pending/discord_spellcheck-1.zip: 1%
3/16/2025, 4:26:46 PM GMT+5:30 [Modules] Streaming discord_spellcheck@1 to /home/ithihas/.config/discord/0.0.88/modules/pending/discord_spellcheck-1.zip: 2%
3/16/2025, 4:26:46 PM GMT+5:30 [Modules] Streaming discord_spellcheck@1 to /home/ithihas/.config/discord/0.0.88/modules/pending/discord_spellcheck-1.zip: 3%
3/16/2025, 4:26:46 PM GMT+5:30 [Modules] Streaming discord_spellcheck@1 to /home/ithihas/.config/discord/0.0.88/modules/pending/discord_spellcheck-1.zip: 4%
3/16/2025, 4:26:46 PM GMT+5:30 [Modules] Streaming discord_spellcheck@1 to /home/ithihas/.config/discord/0.0.88/modules/pending/discord_spellcheck-1.zip: 5%
3/16/2025, 4:26:46 PM GMT+5:30 [Modules] Streaming discord_spellcheck@1 to /home/ithihas/.config/discord/0.0.88/modules/pending/discord_spellcheck-1.zip: 6%
3/16/2025, 4:26:46 PM GMT+5:30 [Modules] Streaming discord_spellcheck@1 to /home/ithihas/.config/discord/0.0.88/modules/pending/discord_spellcheck-1.zip: 7%
3/16/2025, 4:26:46 PM GMT+5:30 [Modules] Streaming discord_spellcheck@1 to /home/ithihas/.config/discord/0.0.88/modules/pending/discord_spellcheck-1.zip: 9%
3/16/2025, 4:26:46 PM GMT+5:30 [Modules] Streaming discord_spellcheck@1 to /home/ithihas/.config/discord/0.0.88/modules/pending/discord_spellcheck-1.zip: 10%
3/16/2025, 4:26:46 PM GMT+5:30 [Modules] Streaming discord_spellcheck@1 to /home/ithihas/.config/discord/0.0.88/modules/pending/discord_spellcheck-1.zip: 11%
3/16/2025, 4:26:46 PM GMT+5:30 [Modules] Streaming discord_spellcheck@1 to /home/ithihas/.config/discord/0.0.88/modules/pending/discord_spellcheck-1.zip: 16%
3/16/2025, 4:26:46 PM GMT+5:30 [Modules] Streaming discord_spellcheck@1 to /home/ithihas/.config/discord/0.0.88/modules/pending/discord_spellcheck-1.zip: 18%
3/16/2025, 4:26:46 PM GMT+5:30 [Modules] Streaming discord_spellcheck@1 to /home/ithihas/.config/discord/0.0.88/modules/pending/discord_spellcheck-1.zip: 19%
3/16/2025, 4:26:46 PM GMT+5:30 [Modules] Streaming discord_spellcheck@1 to /home/ithihas/.config/discord/0.0.88/modules/pending/discord_spellcheck-1.zip: 20%
3/16/2025, 4:26:46 PM GMT+5:30 [Modules] Streaming discord_spellcheck@1 to /home/ithihas/.config/discord/0.0.88/modules/pending/discord_spellcheck-1.zip: 21%
3/16/2025, 4:26:46 PM GMT+5:30 [Modules] Streaming discord_spellcheck@1 to /home/ithihas/.config/discord/0.0.88/modules/pending/discord_spellcheck-1.zip: 22%
3/16/2025, 4:26:46 PM GMT+5:30 [Modules] Streaming discord_spellcheck@1 to /home/ithihas/.config/discord/0.0.88/modules/pending/discord_spellcheck-1.zip: 23%
3/16/2025, 4:26:46 PM GMT+5:30 [Modules] Streaming discord_spellcheck@1 to /home/ithihas/.config/discord/0.0.88/modules/pending/discord_spellcheck-1.zip: 24%
3/16/2025, 4:26:46 PM GMT+5:30 [Modules] Streaming discord_spellcheck@1 to /home/ithihas/.config/discord/0.0.88/modules/pending/discord_spellcheck-1.zip: 25%
3/16/2025, 4:26:46 PM GMT+5:30 [Modules] Streaming discord_spellcheck@1 to /home/ithihas/.config/discord/0.0.88/modules/pending/discord_spellcheck-1.zip: 26%
3/16/2025, 4:26:46 PM GMT+5:30 [Modules] Streaming discord_spellcheck@1 to /home/ithihas/.config/discord/0.0.88/modules/pending/discord_spellcheck-1.zip: 27%
3/16/2025, 4:26:46 PM GMT+5:30 [Modules] Streaming discord_spellcheck@1 to /home/ithihas/.config/discord/0.0.88/modules/pending/discord_spellcheck-1.zip: 28%
3/16/2025, 4:26:46 PM GMT+5:30 [Modules] Streaming discord_spellcheck@1 to /home/ithihas/.config/discord/0.0.88/modules/pending/discord_spellcheck-1.zip: 29%
3/16/2025, 4:26:46 PM GMT+5:30 [Modules] Streaming discord_spellcheck@1 to /home/ithihas/.config/discord/0.0.88/modules/pending/discord_spellcheck-1.zip: 30%
3/16/2025, 4:26:46 PM GMT+5:30 [Modules] Streaming discord_spellcheck@1 to /home/ithihas/.config/discord/0.0.88/modules/pending/discord_spellcheck-1.zip: 31%
3/16/2025, 4:26:46 PM GMT+5:30 [Modules] Streaming discord_spellcheck@1 to /home/ithihas/.config/discord/0.0.88/modules/pending/discord_spellcheck-1.zip: 32%
3/16/2025, 4:26:46 PM GMT+5:30 [Modules] Streaming discord_spellcheck@1 to /home/ithihas/.config/discord/0.0.88/modules/pending/discord_spellcheck-1.zip: 33%
3/16/2025, 4:26:46 PM GMT+5:30 [Modules] Streaming discord_spellcheck@1 to /home/ithihas/.config/discord/0.0.88/modules/pending/discord_spellcheck-1.zip: 34%
3/16/2025, 4:26:46 PM GMT+5:30 [Modules] Streaming discord_spellcheck@1 to /home/ithihas/.config/discord/0.0.88/modules/pending/discord_spellcheck-1.zip: 35%
3/16/2025, 4:26:46 PM GMT+5:30 [Modules] Streaming discord_spellcheck@1 to /home/ithihas/.config/discord/0.0.88/modules/pending/discord_spellcheck-1.zip: 36%
3/16/2025, 4:26:46 PM GMT+5:30 [Modules] Streaming discord_spellcheck@1 to /home/ithihas/.config/discord/0.0.88/modules/pending/discord_spellcheck-1.zip: 37%
3/16/2025, 4:26:46 PM GMT+5:30 [Modules] Streaming discord_spellcheck@1 to /home/ithihas/.config/discord/0.0.88/modules/pending/discord_spellcheck-1.zip: 38%
3/16/2025, 4:26:46 PM GMT+5:30 [Modules] Streaming discord_spellcheck@1 to /home/ithihas/.config/discord/0.0.88/modules/pending/discord_spellcheck-1.zip: 39%
3/16/2025, 4:26:46 PM GMT+5:30 [Modules] Streaming discord_spellcheck@1 to /home/ithihas/.config/discord/0.0.88/modules/pending/discord_spellcheck-1.zip: 40%
3/16/2025, 4:26:46 PM GMT+5:30 [Modules] Streaming discord_spellcheck@1 to /home/ithihas/.config/discord/0.0.88/modules/pending/discord_spellcheck-1.zip: 41%
3/16/2025, 4:26:46 PM GMT+5:30 [Modules] Streaming discord_spellcheck@1 to /home/ithihas/.config/discord/0.0.88/modules/pending/discord_spellcheck-1.zip: 42%
3/16/2025, 4:26:46 PM GMT+5:30 [Modules] Streaming discord_spellcheck@1 to /home/ithihas/.config/discord/0.0.88/modules/pending/discord_spellcheck-1.zip: 43%
3/16/2025, 4:26:46 PM GMT+5:30 [Modules] Streaming discord_spellcheck@1 to /home/ithihas/.config/discord/0.0.88/modules/pending/discord_spellcheck-1.zip: 44%
3/16/2025, 4:26:47 PM GMT+5:30 [Modules] Streaming discord_spellcheck@1 to /home/ithihas/.config/discord/0.0.88/modules/pending/discord_spellcheck-1.zip: 45%
3/16/2025, 4:26:47 PM GMT+5:30 [Modules] Streaming discord_spellcheck@1 to /home/ithihas/.config/discord/0.0.88/modules/pending/discord_spellcheck-1.zip: 46%
3/16/2025, 4:26:47 PM GMT+5:30 [Modules] Streaming discord_spellcheck@1 to /home/ithihas/.config/discord/0.0.88/modules/pending/discord_spellcheck-1.zip: 47%
3/16/2025, 4:26:47 PM GMT+5:30 [Modules] Streaming discord_spellcheck@1 to /home/ithihas/.config/discord/0.0.88/modules/pending/discord_spellcheck-1.zip: 48%
3/16/2025, 4:26:47 PM GMT+5:30 [Modules] Streaming discord_spellcheck@1 to /home/ithihas/.config/discord/0.0.88/modules/pending/discord_spellcheck-1.zip: 49%
3/16/2025, 4:26:47 PM GMT+5:30 [Modules] Streaming discord_spellcheck@1 to /home/ithihas/.config/discord/0.0.88/modules/pending/discord_spellcheck-1.zip: 50%
3/16/2025, 4:26:47 PM GMT+5:30 [Modules] Streaming discord_spellcheck@1 to /home/ithihas/.config/discord/0.0.88/modules/pending/discord_spellcheck-1.zip: 51%
3/16/2025, 4:26:47 PM GMT+5:30 [Modules] Streaming discord_spellcheck@1 to /home/ithihas/.config/discord/0.0.88/modules/pending/discord_spellcheck-1.zip: 52%
3/16/2025, 4:26:47 PM GMT+5:30 [Modules] Streaming discord_spellcheck@1 to /home/ithihas/.config/discord/0.0.88/modules/pending/discord_spellcheck-1.zip: 53%
3/16/2025, 4:26:47 PM GMT+5:30 [Modules] Streaming discord_spellcheck@1 to /home/ithihas/.config/discord/0.0.88/modules/pending/discord_spellcheck-1.zip: 54%
3/16/2025, 4:26:47 PM GMT+5:30 [Modules] Streaming discord_spellcheck@1 to /home/ithihas/.config/discord/0.0.88/modules/pending/discord_spellcheck-1.zip: 55%
3/16/2025, 4:26:47 PM GMT+5:30 [Modules] Streaming discord_spellcheck@1 to /home/ithihas/.config/discord/0.0.88/modules/pending/discord_spellcheck-1.zip: 56%
3/16/2025, 4:26:47 PM GMT+5:30 [Modules] Streaming discord_spellcheck@1 to /home/ithihas/.config/discord/0.0.88/modules/pending/discord_spellcheck-1.zip: 57%
3/16/2025, 4:26:47 PM GMT+5:30 [Modules] Streaming discord_spellcheck@1 to /home/ithihas/.config/discord/0.0.88/modules/pending/discord_spellcheck-1.zip: 58%
3/16/2025, 4:26:47 PM GMT+5:30 [Modules] Streaming discord_spellcheck@1 to /home/ithihas/.config/discord/0.0.88/modules/pending/discord_spellcheck-1.zip: 59%
3/16/2025, 4:26:47 PM GMT+5:30 [Modules] Streaming discord_spellcheck@1 to /home/ithihas/.config/discord/0.0.88/modules/pending/discord_spellcheck-1.zip: 60%
3/16/2025, 4:26:47 PM GMT+5:30 [Modules] Streaming discord_spellcheck@1 to /home/ithihas/.config/discord/0.0.88/modules/pending/discord_spellcheck-1.zip: 61%
3/16/2025, 4:26:47 PM GMT+5:30 [Modules] Streaming discord_spellcheck@1 to /home/ithihas/.config/discord/0.0.88/modules/pending/discord_spellcheck-1.zip: 62%
3/16/2025, 4:26:47 PM GMT+5:30 [Modules] Streaming discord_spellcheck@1 to /home/ithihas/.config/discord/0.0.88/modules/pending/discord_spellcheck-1.zip: 63%
3/16/2025, 4:26:47 PM GMT+5:30 [Modules] Streaming discord_spellcheck@1 to /home/ithihas/.config/discord/0.0.88/modules/pending/discord_spellcheck-1.zip: 64%
3/16/2025, 4:26:47 PM GMT+5:30 [Modules] Streaming discord_spellcheck@1 to /home/ithihas/.config/discord/0.0.88/modules/pending/discord_spellcheck-1.zip: 65%
3/16/2025, 4:26:47 PM GMT+5:30 [Modules] Streaming discord_spellcheck@1 to /home/ithihas/.config/discord/0.0.88/modules/pending/discord_spellcheck-1.zip: 66%
3/16/2025, 4:26:47 PM GMT+5:30 [Modules] Streaming discord_spellcheck@1 to /home/ithihas/.config/discord/0.0.88/modules/pending/discord_spellcheck-1.zip: 67%
3/16/2025, 4:26:47 PM GMT+5:30 [Modules] Streaming discord_spellcheck@1 to /home/ithihas/.config/discord/0.0.88/modules/pending/discord_spellcheck-1.zip: 68%
3/16/2025, 4:26:47 PM GMT+5:30 [Modules] Streaming discord_spellcheck@1 to /home/ithihas/.config/discord/0.0.88/modules/pending/discord_spellcheck-1.zip: 69%
3/16/2025, 4:26:47 PM GMT+5:30 [Modules] Streaming discord_spellcheck@1 to /home/ithihas/.config/discord/0.0.88/modules/pending/discord_spellcheck-1.zip: 70%
3/16/2025, 4:26:47 PM GMT+5:30 [Modules] Streaming discord_spellcheck@1 to /home/ithihas/.config/discord/0.0.88/modules/pending/discord_spellcheck-1.zip: 71%
3/16/2025, 4:26:47 PM GMT+5:30 [Modules] Streaming discord_spellcheck@1 to /home/ithihas/.config/discord/0.0.88/modules/pending/discord_spellcheck-1.zip: 72%
3/16/2025, 4:26:47 PM GMT+5:30 [Modules] Streaming discord_spellcheck@1 to /home/ithihas/.config/discord/0.0.88/modules/pending/discord_spellcheck-1.zip: 73%
3/16/2025, 4:26:47 PM GMT+5:30 [Modules] Streaming discord_spellcheck@1 to /home/ithihas/.config/discord/0.0.88/modules/pending/discord_spellcheck-1.zip: 74%
3/16/2025, 4:26:47 PM GMT+5:30 [Modules] Streaming discord_spellcheck@1 to /home/ithihas/.config/discord/0.0.88/modules/pending/discord_spellcheck-1.zip: 75%
3/16/2025, 4:26:47 PM GMT+5:30 [Modules] Streaming discord_spellcheck@1 to /home/ithihas/.config/discord/0.0.88/modules/pending/discord_spellcheck-1.zip: 76%
3/16/2025, 4:26:47 PM GMT+5:30 [Modules] Streaming discord_spellcheck@1 to /home/ithihas/.config/discord/0.0.88/modules/pending/discord_spellcheck-1.zip: 77%
3/16/2025, 4:26:47 PM GMT+5:30 [Modules] Streaming discord_spellcheck@1 to /home/ithihas/.config/discord/0.0.88/modules/pending/discord_spellcheck-1.zip: 78%
3/16/2025, 4:26:47 PM GMT+5:30 [Modules] Streaming discord_spellcheck@1 to /home/ithihas/.config/discord/0.0.88/modules/pending/discord_spellcheck-1.zip: 79%
3/16/2025, 4:26:47 PM GMT+5:30 [Modules] Streaming discord_spellcheck@1 to /home/ithihas/.config/discord/0.0.88/modules/pending/discord_spellcheck-1.zip: 80%
3/16/2025, 4:26:47 PM GMT+5:30 [Modules] Streaming discord_spellcheck@1 to /home/ithihas/.config/discord/0.0.88/modules/pending/discord_spellcheck-1.zip: 81%
3/16/2025, 4:26:47 PM GMT+5:30 [Modules] Streaming discord_spellcheck@1 to /home/ithihas/.config/discord/0.0.88/modules/pending/discord_spellcheck-1.zip: 82%
3/16/2025, 4:26:47 PM GMT+5:30 [Modules] Streaming discord_spellcheck@1 to /home/ithihas/.config/discord/0.0.88/modules/pending/discord_spellcheck-1.zip: 83%
3/16/2025, 4:26:47 PM GMT+5:30 [Modules] Streaming discord_spellcheck@1 to /home/ithihas/.config/discord/0.0.88/modules/pending/discord_spellcheck-1.zip: 84%
3/16/2025, 4:26:47 PM GMT+5:30 [Modules] Streaming discord_spellcheck@1 to /home/ithihas/.config/discord/0.0.88/modules/pending/discord_spellcheck-1.zip: 85%
3/16/2025, 4:26:47 PM GMT+5:30 [Modules] Streaming discord_spellcheck@1 to /home/ithihas/.config/discord/0.0.88/modules/pending/discord_spellcheck-1.zip: 86%
3/16/2025, 4:26:47 PM GMT+5:30 [Modules] Streaming discord_spellcheck@1 to /home/ithihas/.config/discord/0.0.88/modules/pending/discord_spellcheck-1.zip: 87%
3/16/2025, 4:26:47 PM GMT+5:30 [Modules] Streaming discord_spellcheck@1 to /home/ithihas/.config/discord/0.0.88/modules/pending/discord_spellcheck-1.zip: 88%
3/16/2025, 4:26:47 PM GMT+5:30 [Modules] Streaming discord_spellcheck@1 to /home/ithihas/.config/discord/0.0.88/modules/pending/discord_spellcheck-1.zip: 89%
3/16/2025, 4:26:47 PM GMT+5:30 [Modules] Streaming discord_spellcheck@1 to /home/ithihas/.config/discord/0.0.88/modules/pending/discord_spellcheck-1.zip: 90%
3/16/2025, 4:26:47 PM GMT+5:30 [Modules] Streaming discord_spellcheck@1 to /home/ithihas/.config/discord/0.0.88/modules/pending/discord_spellcheck-1.zip: 91%
3/16/2025, 4:26:47 PM GMT+5:30 [Modules] Streaming discord_spellcheck@1 to /home/ithihas/.config/discord/0.0.88/modules/pending/discord_spellcheck-1.zip: 92%
3/16/2025, 4:26:47 PM GMT+5:30 [Modules] Streaming discord_spellcheck@1 to /home/ithihas/.config/discord/0.0.88/modules/pending/discord_spellcheck-1.zip: 93%
3/16/2025, 4:26:47 PM GMT+5:30 [Modules] Streaming discord_spellcheck@1 to /home/ithihas/.config/discord/0.0.88/modules/pending/discord_spellcheck-1.zip: 94%
3/16/2025, 4:26:47 PM GMT+5:30 [Modules] Streaming discord_spellcheck@1 to /home/ithihas/.config/discord/0.0.88/modules/pending/discord_spellcheck-1.zip: 95%
3/16/2025, 4:26:47 PM GMT+5:30 [Modules] Streaming discord_spellcheck@1 to /home/ithihas/.config/discord/0.0.88/modules/pending/discord_spellcheck-1.zip: 96%
3/16/2025, 4:26:47 PM GMT+5:30 [Modules] Streaming discord_spellcheck@1 to /home/ithihas/.config/discord/0.0.88/modules/pending/discord_spellcheck-1.zip: 97%
3/16/2025, 4:26:47 PM GMT+5:30 [Modules] Streaming discord_spellcheck@1 to /home/ithihas/.config/discord/0.0.88/modules/pending/discord_spellcheck-1.zip: 98%
3/16/2025, 4:26:47 PM GMT+5:30 [Modules] Streaming discord_spellcheck@1 to /home/ithihas/.config/discord/0.0.88/modules/pending/discord_spellcheck-1.zip: 99%
3/16/2025, 4:26:47 PM GMT+5:30 [Modules] Streaming discord_spellcheck@1 to /home/ithihas/.config/discord/0.0.88/modules/pending/discord_spellcheck-1.zip: 100%
3/16/2025, 4:26:47 PM GMT+5:30 [Modules] Fetching discord_utils@1 from https://discord.com/api/modules/stable/discord_utils/1
3/16/2025, 4:26:47 PM GMT+5:30 [Modules] Streaming discord_utils@1 to /home/ithihas/.config/discord/0.0.88/modules/pending/discord_utils-1.zip
3/16/2025, 4:26:48 PM GMT+5:30 [Modules] Streaming discord_utils@1 to /home/ithihas/.config/discord/0.0.88/modules/pending/discord_utils-1.zip: 2%
3/16/2025, 4:26:48 PM GMT+5:30 [Modules] Streaming discord_utils@1 to /home/ithihas/.config/discord/0.0.88/modules/pending/discord_utils-1.zip: 3%
3/16/2025, 4:26:48 PM GMT+5:30 [Modules] Streaming discord_utils@1 to /home/ithihas/.config/discord/0.0.88/modules/pending/discord_utils-1.zip: 4%
3/16/2025, 4:26:48 PM GMT+5:30 [Modules] Streaming discord_utils@1 to /home/ithihas/.config/discord/0.0.88/modules/pending/discord_utils-1.zip: 6%
3/16/2025, 4:26:48 PM GMT+5:30 [Modules] Streaming discord_utils@1 to /home/ithihas/.config/discord/0.0.88/modules/pending/discord_utils-1.zip: 9%
3/16/2025, 4:26:48 PM GMT+5:30 [Modules] Streaming discord_utils@1 to /home/ithihas/.config/discord/0.0.88/modules/pending/discord_utils-1.zip: 10%
3/16/2025, 4:26:48 PM GMT+5:30 [Modules] Streaming discord_utils@1 to /home/ithihas/.config/discord/0.0.88/modules/pending/discord_utils-1.zip: 11%
3/16/2025, 4:26:48 PM GMT+5:30 [Modules] Streaming discord_utils@1 to /home/ithihas/.config/discord/0.0.88/modules/pending/discord_utils-1.zip: 13%
3/16/2025, 4:26:48 PM GMT+5:30 [Modules] Streaming discord_utils@1 to /home/ithihas/.config/discord/0.0.88/modules/pending/discord_utils-1.zip: 14%
3/16/2025, 4:26:48 PM GMT+5:30 [Modules] Streaming discord_utils@1 to /home/ithihas/.config/discord/0.0.88/modules/pending/discord_utils-1.zip: 16%
3/16/2025, 4:26:48 PM GMT+5:30 [Modules] Streaming discord_utils@1 to /home/ithihas/.config/discord/0.0.88/modules/pending/discord_utils-1.zip: 17%
3/16/2025, 4:26:48 PM GMT+5:30 [Modules] Streaming discord_utils@1 to /home/ithihas/.config/discord/0.0.88/modules/pending/discord_utils-1.zip: 19%
3/16/2025, 4:26:48 PM GMT+5:30 [Modules] Streaming discord_utils@1 to /home/ithihas/.config/discord/0.0.88/modules/pending/discord_utils-1.zip: 20%
3/16/2025, 4:26:48 PM GMT+5:30 [Modules] Streaming discord_utils@1 to /home/ithihas/.config/discord/0.0.88/modules/pending/discord_utils-1.zip: 21%
3/16/2025, 4:26:48 PM GMT+5:30 [Modules] Streaming discord_utils@1 to /home/ithihas/.config/discord/0.0.88/modules/pending/discord_utils-1.zip: 23%
3/16/2025, 4:26:48 PM GMT+5:30 [Modules] Streaming discord_utils@1 to /home/ithihas/.config/discord/0.0.88/modules/pending/discord_utils-1.zip: 25%
3/16/2025, 4:26:48 PM GMT+5:30 [Modules] Streaming discord_utils@1 to /home/ithihas/.config/discord/0.0.88/modules/pending/discord_utils-1.zip: 26%
3/16/2025, 4:26:48 PM GMT+5:30 [Modules] Streaming discord_utils@1 to /home/ithihas/.config/discord/0.0.88/modules/pending/discord_utils-1.zip: 28%
3/16/2025, 4:26:48 PM GMT+5:30 [Modules] Streaming discord_utils@1 to /home/ithihas/.config/discord/0.0.88/modules/pending/discord_utils-1.zip: 30%
3/16/2025, 4:26:48 PM GMT+5:30 [Modules] Streaming discord_utils@1 to /home/ithihas/.config/discord/0.0.88/modules/pending/discord_utils-1.zip: 32%
3/16/2025, 4:26:48 PM GMT+5:30 [Modules] Streaming discord_utils@1 to /home/ithihas/.config/discord/0.0.88/modules/pending/discord_utils-1.zip: 33%
3/16/2025, 4:26:48 PM GMT+5:30 [Modules] Streaming discord_utils@1 to /home/ithihas/.config/discord/0.0.88/modules/pending/discord_utils-1.zip: 34%
3/16/2025, 4:26:48 PM GMT+5:30 [Modules] Streaming discord_utils@1 to /home/ithihas/.config/discord/0.0.88/modules/pending/discord_utils-1.zip: 36%
3/16/2025, 4:26:48 PM GMT+5:30 [Modules] Streaming discord_utils@1 to /home/ithihas/.config/discord/0.0.88/modules/pending/discord_utils-1.zip: 37%
3/16/2025, 4:26:48 PM GMT+5:30 [Modules] Streaming discord_utils@1 to /home/ithihas/.config/discord/0.0.88/modules/pending/discord_utils-1.zip: 38%
3/16/2025, 4:26:48 PM GMT+5:30 [Modules] Streaming discord_utils@1 to /home/ithihas/.config/discord/0.0.88/modules/pending/discord_utils-1.zip: 39%
3/16/2025, 4:26:48 PM GMT+5:30 [Modules] Streaming discord_utils@1 to /home/ithihas/.config/discord/0.0.88/modules/pending/discord_utils-1.zip: 40%
3/16/2025, 4:26:48 PM GMT+5:30 [Modules] Streaming discord_utils@1 to /home/ithihas/.config/discord/0.0.88/modules/pending/discord_utils-1.zip: 42%
3/16/2025, 4:26:48 PM GMT+5:30 [Modules] Streaming discord_utils@1 to /home/ithihas/.config/discord/0.0.88/modules/pending/discord_utils-1.zip: 45%
3/16/2025, 4:26:48 PM GMT+5:30 [Modules] Streaming discord_utils@1 to /home/ithihas/.config/discord/0.0.88/modules/pending/discord_utils-1.zip: 49%
3/16/2025, 4:26:48 PM GMT+5:30 [Modules] Streaming discord_utils@1 to /home/ithihas/.config/discord/0.0.88/modules/pending/discord_utils-1.zip: 50%
3/16/2025, 4:26:48 PM GMT+5:30 [Modules] Streaming discord_utils@1 to /home/ithihas/.config/discord/0.0.88/modules/pending/discord_utils-1.zip: 51%
3/16/2025, 4:26:48 PM GMT+5:30 [Modules] Streaming discord_utils@1 to /home/ithihas/.config/discord/0.0.88/modules/pending/discord_utils-1.zip: 52%
3/16/2025, 4:26:48 PM GMT+5:30 [Modules] Streaming discord_utils@1 to /home/ithihas/.config/discord/0.0.88/modules/pending/discord_utils-1.zip: 54%
3/16/2025, 4:26:48 PM GMT+5:30 [Modules] Streaming discord_utils@1 to /home/ithihas/.config/discord/0.0.88/modules/pending/discord_utils-1.zip: 56%
3/16/2025, 4:26:48 PM GMT+5:30 [Modules] Streaming discord_utils@1 to /home/ithihas/.config/discord/0.0.88/modules/pending/discord_utils-1.zip: 57%
3/16/2025, 4:26:48 PM GMT+5:30 [Modules] Streaming discord_utils@1 to /home/ithihas/.config/discord/0.0.88/modules/pending/discord_utils-1.zip: 58%
3/16/2025, 4:26:48 PM GMT+5:30 [Modules] Streaming discord_utils@1 to /home/ithihas/.config/discord/0.0.88/modules/pending/discord_utils-1.zip: 60%
3/16/2025, 4:26:48 PM GMT+5:30 [Modules] Streaming discord_utils@1 to /home/ithihas/.config/discord/0.0.88/modules/pending/discord_utils-1.zip: 61%
3/16/2025, 4:26:48 PM GMT+5:30 [Modules] Streaming discord_utils@1 to /home/ithihas/.config/discord/0.0.88/modules/pending/discord_utils-1.zip: 62%
3/16/2025, 4:26:48 PM GMT+5:30 [Modules] Streaming discord_utils@1 to /home/ithihas/.config/discord/0.0.88/modules/pending/discord_utils-1.zip: 64%
3/16/2025, 4:26:48 PM GMT+5:30 [Modules] Streaming discord_utils@1 to /home/ithihas/.config/discord/0.0.88/modules/pending/discord_utils-1.zip: 65%
3/16/2025, 4:26:48 PM GMT+5:30 [Modules] Streaming discord_utils@1 to /home/ithihas/.config/discord/0.0.88/modules/pending/discord_utils-1.zip: 66%
3/16/2025, 4:26:48 PM GMT+5:30 [Modules] Streaming discord_utils@1 to /home/ithihas/.config/discord/0.0.88/modules/pending/discord_utils-1.zip: 67%
3/16/2025, 4:26:48 PM GMT+5:30 [Modules] Streaming discord_utils@1 to /home/ithihas/.config/discord/0.0.88/modules/pending/discord_utils-1.zip: 68%
3/16/2025, 4:26:48 PM GMT+5:30 [Modules] Streaming discord_utils@1 to /home/ithihas/.config/discord/0.0.88/modules/pending/discord_utils-1.zip: 70%
3/16/2025, 4:26:48 PM GMT+5:30 [Modules] Streaming discord_utils@1 to /home/ithihas/.config/discord/0.0.88/modules/pending/discord_utils-1.zip: 72%
3/16/2025, 4:26:48 PM GMT+5:30 [Modules] Streaming discord_utils@1 to /home/ithihas/.config/discord/0.0.88/modules/pending/discord_utils-1.zip: 73%
3/16/2025, 4:26:48 PM GMT+5:30 [Modules] Streaming discord_utils@1 to /home/ithihas/.config/discord/0.0.88/modules/pending/discord_utils-1.zip: 75%
3/16/2025, 4:26:48 PM GMT+5:30 [Modules] Streaming discord_utils@1 to /home/ithihas/.config/discord/0.0.88/modules/pending/discord_utils-1.zip: 77%
3/16/2025, 4:26:48 PM GMT+5:30 [Modules] Streaming discord_utils@1 to /home/ithihas/.config/discord/0.0.88/modules/pending/discord_utils-1.zip: 79%
3/16/2025, 4:26:48 PM GMT+5:30 [Modules] Streaming discord_utils@1 to /home/ithihas/.config/discord/0.0.88/modules/pending/discord_utils-1.zip: 82%
3/16/2025, 4:26:48 PM GMT+5:30 [Modules] Streaming discord_utils@1 to /home/ithihas/.config/discord/0.0.88/modules/pending/discord_utils-1.zip: 83%
3/16/2025, 4:26:48 PM GMT+5:30 [Modules] Streaming discord_utils@1 to /home/ithihas/.config/discord/0.0.88/modules/pending/discord_utils-1.zip: 84%
3/16/2025, 4:26:48 PM GMT+5:30 [Modules] Streaming discord_utils@1 to /home/ithihas/.config/discord/0.0.88/modules/pending/discord_utils-1.zip: 85%
3/16/2025, 4:26:48 PM GMT+5:30 [Modules] Streaming discord_utils@1 to /home/ithihas/.config/discord/0.0.88/modules/pending/discord_utils-1.zip: 86%
3/16/2025, 4:26:48 PM GMT+5:30 [Modules] Streaming discord_utils@1 to /home/ithihas/.config/discord/0.0.88/modules/pending/discord_utils-1.zip: 87%
3/16/2025, 4:26:48 PM GMT+5:30 [Modules] Streaming discord_utils@1 to /home/ithihas/.config/discord/0.0.88/modules/pending/discord_utils-1.zip: 88%
3/16/2025, 4:26:48 PM GMT+5:30 [Modules] Streaming discord_utils@1 to /home/ithihas/.config/discord/0.0.88/modules/pending/discord_utils-1.zip: 90%
3/16/2025, 4:26:48 PM GMT+5:30 [Modules] Streaming discord_utils@1 to /home/ithihas/.config/discord/0.0.88/modules/pending/discord_utils-1.zip: 91%
3/16/2025, 4:26:48 PM GMT+5:30 [Modules] Streaming discord_utils@1 to /home/ithihas/.config/discord/0.0.88/modules/pending/discord_utils-1.zip: 92%
3/16/2025, 4:26:48 PM GMT+5:30 [Modules] Streaming discord_utils@1 to /home/ithihas/.config/discord/0.0.88/modules/pending/discord_utils-1.zip: 94%
3/16/2025, 4:26:48 PM GMT+5:30 [Modules] Streaming discord_utils@1 to /home/ithihas/.config/discord/0.0.88/modules/pending/discord_utils-1.zip: 96%
3/16/2025, 4:26:48 PM GMT+5:30 [Modules] Streaming discord_utils@1 to /home/ithihas/.config/discord/0.0.88/modules/pending/discord_utils-1.zip: 99%
3/16/2025, 4:26:48 PM GMT+5:30 [Modules] Streaming discord_utils@1 to /home/ithihas/.config/discord/0.0.88/modules/pending/discord_utils-1.zip: 100%
3/16/2025, 4:26:48 PM GMT+5:30 [Modules] Fetching discord_voice@1 from https://discord.com/api/modules/stable/discord_voice/1
3/16/2025, 4:26:48 PM GMT+5:30 [Modules] Streaming discord_voice@1 to /home/ithihas/.config/discord/0.0.88/modules/pending/discord_voice-1.zip
3/16/2025, 4:26:49 PM GMT+5:30 [Modules] Streaming discord_voice@1 to /home/ithihas/.config/discord/0.0.88/modules/pending/discord_voice-1.zip: 1%
3/16/2025, 4:26:49 PM GMT+5:30 [Modules] Streaming discord_voice@1 to /home/ithihas/.config/discord/0.0.88/modules/pending/discord_voice-1.zip: 2%
3/16/2025, 4:26:49 PM GMT+5:30 [Modules] Streaming discord_voice@1 to /home/ithihas/.config/discord/0.0.88/modules/pending/discord_voice-1.zip: 3%
3/16/2025, 4:26:49 PM GMT+5:30 [Modules] Streaming discord_voice@1 to /home/ithihas/.config/discord/0.0.88/modules/pending/discord_voice-1.zip: 4%
3/16/2025, 4:26:49 PM GMT+5:30 [Modules] Streaming discord_voice@1 to /home/ithihas/.config/discord/0.0.88/modules/pending/discord_voice-1.zip: 5%
3/16/2025, 4:26:49 PM GMT+5:30 [Modules] Streaming discord_voice@1 to /home/ithihas/.config/discord/0.0.88/modules/pending/discord_voice-1.zip: 6%
3/16/2025, 4:26:50 PM GMT+5:30 [Modules] Streaming discord_voice@1 to /home/ithihas/.config/discord/0.0.88/modules/pending/discord_voice-1.zip: 7%
3/16/2025, 4:26:50 PM GMT+5:30 [Modules] Streaming discord_voice@1 to /home/ithihas/.config/discord/0.0.88/modules/pending/discord_voice-1.zip: 8%
3/16/2025, 4:26:50 PM GMT+5:30 [Modules] Streaming discord_voice@1 to /home/ithihas/.config/discord/0.0.88/modules/pending/discord_voice-1.zip: 9%
3/16/2025, 4:26:50 PM GMT+5:30 [Modules] Streaming discord_voice@1 to /home/ithihas/.config/discord/0.0.88/modules/pending/discord_voice-1.zip: 10%
3/16/2025, 4:26:50 PM GMT+5:30 [Modules] Streaming discord_voice@1 to /home/ithihas/.config/discord/0.0.88/modules/pending/discord_voice-1.zip: 11%
3/16/2025, 4:26:50 PM GMT+5:30 [Modules] Streaming discord_voice@1 to /home/ithihas/.config/discord/0.0.88/modules/pending/discord_voice-1.zip: 12%
3/16/2025, 4:26:50 PM GMT+5:30 [Modules] Streaming discord_voice@1 to /home/ithihas/.config/discord/0.0.88/modules/pending/discord_voice-1.zip: 13%
3/16/2025, 4:26:50 PM GMT+5:30 [Modules] Streaming discord_voice@1 to /home/ithihas/.config/discord/0.0.88/modules/pending/discord_voice-1.zip: 14%
3/16/2025, 4:26:50 PM GMT+5:30 [Modules] Streaming discord_voice@1 to /home/ithihas/.config/discord/0.0.88/modules/pending/discord_voice-1.zip: 15%
3/16/2025, 4:26:50 PM GMT+5:30 [Modules] Streaming discord_voice@1 to /home/ithihas/.config/discord/0.0.88/modules/pending/discord_voice-1.zip: 16%
3/16/2025, 4:26:50 PM GMT+5:30 [Modules] Streaming discord_voice@1 to /home/ithihas/.config/discord/0.0.88/modules/pending/discord_voice-1.zip: 17%
3/16/2025, 4:26:50 PM GMT+5:30 [Modules] Streaming discord_voice@1 to /home/ithihas/.config/discord/0.0.88/modules/pending/discord_voice-1.zip: 18%
3/16/2025, 4:26:50 PM GMT+5:30 [Modules] Streaming discord_voice@1 to /home/ithihas/.config/discord/0.0.88/modules/pending/discord_voice-1.zip: 19%
3/16/2025, 4:26:50 PM GMT+5:30 [Modules] Streaming discord_voice@1 to /home/ithihas/.config/discord/0.0.88/modules/pending/discord_voice-1.zip: 20%
3/16/2025, 4:26:50 PM GMT+5:30 [Modules] Streaming discord_voice@1 to /home/ithihas/.config/discord/0.0.88/modules/pending/discord_voice-1.zip: 21%
3/16/2025, 4:26:50 PM GMT+5:30 [Modules] Streaming discord_voice@1 to /home/ithihas/.config/discord/0.0.88/modules/pending/discord_voice-1.zip: 22%
3/16/2025, 4:26:50 PM GMT+5:30 [Modules] Streaming discord_voice@1 to /home/ithihas/.config/discord/0.0.88/modules/pending/discord_voice-1.zip: 23%
3/16/2025, 4:26:50 PM GMT+5:30 [Modules] Streaming discord_voice@1 to /home/ithihas/.config/discord/0.0.88/modules/pending/discord_voice-1.zip: 24%
3/16/2025, 4:26:50 PM GMT+5:30 [Modules] Streaming discord_voice@1 to /home/ithihas/.config/discord/0.0.88/modules/pending/discord_voice-1.zip: 25%
3/16/2025, 4:26:50 PM GMT+5:30 [Modules] Streaming discord_voice@1 to /home/ithihas/.config/discord/0.0.88/modules/pending/discord_voice-1.zip: 26%
3/16/2025, 4:26:50 PM GMT+5:30 [Modules] Streaming discord_voice@1 to /home/ithihas/.config/discord/0.0.88/modules/pending/discord_voice-1.zip: 27%
3/16/2025, 4:26:50 PM GMT+5:30 [Modules] Streaming discord_voice@1 to /home/ithihas/.config/discord/0.0.88/modules/pending/discord_voice-1.zip: 28%
3/16/2025, 4:26:50 PM GMT+5:30 [Modules] Streaming discord_voice@1 to /home/ithihas/.config/discord/0.0.88/modules/pending/discord_voice-1.zip: 29%
3/16/2025, 4:26:50 PM GMT+5:30 [Modules] Streaming discord_voice@1 to /home/ithihas/.config/discord/0.0.88/modules/pending/discord_voice-1.zip: 30%
3/16/2025, 4:26:50 PM GMT+5:30 [Modules] Streaming discord_voice@1 to /home/ithihas/.config/discord/0.0.88/modules/pending/discord_voice-1.zip: 31%
3/16/2025, 4:26:50 PM GMT+5:30 [Modules] Streaming discord_voice@1 to /home/ithihas/.config/discord/0.0.88/modules/pending/discord_voice-1.zip: 32%
3/16/2025, 4:26:50 PM GMT+5:30 [Modules] Streaming discord_voice@1 to /home/ithihas/.config/discord/0.0.88/modules/pending/discord_voice-1.zip: 33%
3/16/2025, 4:26:50 PM GMT+5:30 [Modules] Streaming discord_voice@1 to /home/ithihas/.config/discord/0.0.88/modules/pending/discord_voice-1.zip: 34%
3/16/2025, 4:26:50 PM GMT+5:30 [Modules] Streaming discord_voice@1 to /home/ithihas/.config/discord/0.0.88/modules/pending/discord_voice-1.zip: 35%
3/16/2025, 4:26:50 PM GMT+5:30 [Modules] Streaming discord_voice@1 to /home/ithihas/.config/discord/0.0.88/modules/pending/discord_voice-1.zip: 36%
3/16/2025, 4:26:50 PM GMT+5:30 [Modules] Streaming discord_voice@1 to /home/ithihas/.config/discord/0.0.88/modules/pending/discord_voice-1.zip: 37%
3/16/2025, 4:26:50 PM GMT+5:30 [Modules] Streaming discord_voice@1 to /home/ithihas/.config/discord/0.0.88/modules/pending/discord_voice-1.zip: 38%
3/16/2025, 4:26:50 PM GMT+5:30 [Modules] Streaming discord_voice@1 to /home/ithihas/.config/discord/0.0.88/modules/pending/discord_voice-1.zip: 39%
3/16/2025, 4:26:50 PM GMT+5:30 [Modules] Streaming discord_voice@1 to /home/ithihas/.config/discord/0.0.88/modules/pending/discord_voice-1.zip: 40%
3/16/2025, 4:26:50 PM GMT+5:30 [Modules] Streaming discord_voice@1 to /home/ithihas/.config/discord/0.0.88/modules/pending/discord_voice-1.zip: 41%
3/16/2025, 4:26:50 PM GMT+5:30 [Modules] Streaming discord_voice@1 to /home/ithihas/.config/discord/0.0.88/modules/pending/discord_voice-1.zip: 42%
3/16/2025, 4:26:50 PM GMT+5:30 [Modules] Streaming discord_voice@1 to /home/ithihas/.config/discord/0.0.88/modules/pending/discord_voice-1.zip: 43%
3/16/2025, 4:26:50 PM GMT+5:30 [Modules] Streaming discord_voice@1 to /home/ithihas/.config/discord/0.0.88/modules/pending/discord_voice-1.zip: 44%
3/16/2025, 4:26:50 PM GMT+5:30 [Modules] Streaming discord_voice@1 to /home/ithihas/.config/discord/0.0.88/modules/pending/discord_voice-1.zip: 45%
3/16/2025, 4:26:50 PM GMT+5:30 [Modules] Streaming discord_voice@1 to /home/ithihas/.config/discord/0.0.88/modules/pending/discord_voice-1.zip: 46%
3/16/2025, 4:26:50 PM GMT+5:30 [Modules] Streaming discord_voice@1 to /home/ithihas/.config/discord/0.0.88/modules/pending/discord_voice-1.zip: 47%
3/16/2025, 4:26:50 PM GMT+5:30 [Modules] Streaming discord_voice@1 to /home/ithihas/.config/discord/0.0.88/modules/pending/discord_voice-1.zip: 48%
3/16/2025, 4:26:50 PM GMT+5:30 [Modules] Streaming discord_voice@1 to /home/ithihas/.config/discord/0.0.88/modules/pending/discord_voice-1.zip: 49%
3/16/2025, 4:26:50 PM GMT+5:30 [Modules] Streaming discord_voice@1 to /home/ithihas/.config/discord/0.0.88/modules/pending/discord_voice-1.zip: 50%
3/16/2025, 4:26:50 PM GMT+5:30 [Modules] Streaming discord_voice@1 to /home/ithihas/.config/discord/0.0.88/modules/pending/discord_voice-1.zip: 51%
3/16/2025, 4:26:50 PM GMT+5:30 [Modules] Streaming discord_voice@1 to /home/ithihas/.config/discord/0.0.88/modules/pending/discord_voice-1.zip: 52%
3/16/2025, 4:26:50 PM GMT+5:30 [Modules] Streaming discord_voice@1 to /home/ithihas/.config/discord/0.0.88/modules/pending/discord_voice-1.zip: 53%
3/16/2025, 4:26:51 PM GMT+5:30 [Modules] Streaming discord_voice@1 to /home/ithihas/.config/discord/0.0.88/modules/pending/discord_voice-1.zip: 54%
3/16/2025, 4:26:51 PM GMT+5:30 [Modules] Streaming discord_voice@1 to /home/ithihas/.config/discord/0.0.88/modules/pending/discord_voice-1.zip: 55%
3/16/2025, 4:26:51 PM GMT+5:30 [Modules] Streaming discord_voice@1 to /home/ithihas/.config/discord/0.0.88/modules/pending/discord_voice-1.zip: 56%
3/16/2025, 4:26:51 PM GMT+5:30 [Modules] Streaming discord_voice@1 to /home/ithihas/.config/discord/0.0.88/modules/pending/discord_voice-1.zip: 57%
3/16/2025, 4:26:51 PM GMT+5:30 [Modules] Streaming discord_voice@1 to /home/ithihas/.config/discord/0.0.88/modules/pending/discord_voice-1.zip: 58%
3/16/2025, 4:26:51 PM GMT+5:30 [Modules] Streaming discord_voice@1 to /home/ithihas/.config/discord/0.0.88/modules/pending/discord_voice-1.zip: 59%
3/16/2025, 4:26:51 PM GMT+5:30 [Modules] Streaming discord_voice@1 to /home/ithihas/.config/discord/0.0.88/modules/pending/discord_voice-1.zip: 60%
3/16/2025, 4:26:51 PM GMT+5:30 [Modules] Streaming discord_voice@1 to /home/ithihas/.config/discord/0.0.88/modules/pending/discord_voice-1.zip: 61%
3/16/2025, 4:26:51 PM GMT+5:30 [Modules] Streaming discord_voice@1 to /home/ithihas/.config/discord/0.0.88/modules/pending/discord_voice-1.zip: 62%
3/16/2025, 4:26:51 PM GMT+5:30 [Modules] Streaming discord_voice@1 to /home/ithihas/.config/discord/0.0.88/modules/pending/discord_voice-1.zip: 63%
3/16/2025, 4:26:51 PM GMT+5:30 [Modules] Streaming discord_voice@1 to /home/ithihas/.config/discord/0.0.88/modules/pending/discord_voice-1.zip: 64%
3/16/2025, 4:26:51 PM GMT+5:30 [Modules] Streaming discord_voice@1 to /home/ithihas/.config/discord/0.0.88/modules/pending/discord_voice-1.zip: 65%
3/16/2025, 4:26:51 PM GMT+5:30 [Modules] Streaming discord_voice@1 to /home/ithihas/.config/discord/0.0.88/modules/pending/discord_voice-1.zip: 66%
3/16/2025, 4:26:51 PM GMT+5:30 [Modules] Streaming discord_voice@1 to /home/ithihas/.config/discord/0.0.88/modules/pending/discord_voice-1.zip: 67%
3/16/2025, 4:26:51 PM GMT+5:30 [Modules] Streaming discord_voice@1 to /home/ithihas/.config/discord/0.0.88/modules/pending/discord_voice-1.zip: 68%
3/16/2025, 4:26:51 PM GMT+5:30 [Modules] Streaming discord_voice@1 to /home/ithihas/.config/discord/0.0.88/modules/pending/discord_voice-1.zip: 69%
3/16/2025, 4:26:51 PM GMT+5:30 [Modules] Streaming discord_voice@1 to /home/ithihas/.config/discord/0.0.88/modules/pending/discord_voice-1.zip: 70%
3/16/2025, 4:26:51 PM GMT+5:30 [Modules] Streaming discord_voice@1 to /home/ithihas/.config/discord/0.0.88/modules/pending/discord_voice-1.zip: 71%
3/16/2025, 4:26:51 PM GMT+5:30 [Modules] Streaming discord_voice@1 to /home/ithihas/.config/discord/0.0.88/modules/pending/discord_voice-1.zip: 72%
3/16/2025, 4:26:51 PM GMT+5:30 [Modules] Streaming discord_voice@1 to /home/ithihas/.config/discord/0.0.88/modules/pending/discord_voice-1.zip: 73%
3/16/2025, 4:26:51 PM GMT+5:30 [Modules] Streaming discord_voice@1 to /home/ithihas/.config/discord/0.0.88/modules/pending/discord_voice-1.zip: 74%
3/16/2025, 4:26:51 PM GMT+5:30 [Modules] Streaming discord_voice@1 to /home/ithihas/.config/discord/0.0.88/modules/pending/discord_voice-1.zip: 75%
3/16/2025, 4:26:51 PM GMT+5:30 [Modules] Streaming discord_voice@1 to /home/ithihas/.config/discord/0.0.88/modules/pending/discord_voice-1.zip: 76%
3/16/2025, 4:26:51 PM GMT+5:30 [Modules] Streaming discord_voice@1 to /home/ithihas/.config/discord/0.0.88/modules/pending/discord_voice-1.zip: 77%
3/16/2025, 4:26:51 PM GMT+5:30 [Modules] Streaming discord_voice@1 to /home/ithihas/.config/discord/0.0.88/modules/pending/discord_voice-1.zip: 78%
3/16/2025, 4:26:51 PM GMT+5:30 [Modules] Streaming discord_voice@1 to /home/ithihas/.config/discord/0.0.88/modules/pending/discord_voice-1.zip: 79%
3/16/2025, 4:26:51 PM GMT+5:30 [Modules] Streaming discord_voice@1 to /home/ithihas/.config/discord/0.0.88/modules/pending/discord_voice-1.zip: 80%
3/16/2025, 4:26:51 PM GMT+5:30 [Modules] Streaming discord_voice@1 to /home/ithihas/.config/discord/0.0.88/modules/pending/discord_voice-1.zip: 81%
3/16/2025, 4:26:51 PM GMT+5:30 [Modules] Streaming discord_voice@1 to /home/ithihas/.config/discord/0.0.88/modules/pending/discord_voice-1.zip: 82%
3/16/2025, 4:26:51 PM GMT+5:30 [Modules] Streaming discord_voice@1 to /home/ithihas/.config/discord/0.0.88/modules/pending/discord_voice-1.zip: 83%
3/16/2025, 4:26:51 PM GMT+5:30 [Modules] Streaming discord_voice@1 to /home/ithihas/.config/discord/0.0.88/modules/pending/discord_voice-1.zip: 84%
3/16/2025, 4:26:51 PM GMT+5:30 [Modules] Streaming discord_voice@1 to /home/ithihas/.config/discord/0.0.88/modules/pending/discord_voice-1.zip: 85%
3/16/2025, 4:26:51 PM GMT+5:30 [Modules] Streaming discord_voice@1 to /home/ithihas/.config/discord/0.0.88/modules/pending/discord_voice-1.zip: 86%
3/16/2025, 4:26:51 PM GMT+5:30 [Modules] Streaming discord_voice@1 to /home/ithihas/.config/discord/0.0.88/modules/pending/discord_voice-1.zip: 87%
3/16/2025, 4:26:51 PM GMT+5:30 [Modules] Streaming discord_voice@1 to /home/ithihas/.config/discord/0.0.88/modules/pending/discord_voice-1.zip: 88%
3/16/2025, 4:26:51 PM GMT+5:30 [Modules] Streaming discord_voice@1 to /home/ithihas/.config/discord/0.0.88/modules/pending/discord_voice-1.zip: 89%
3/16/2025, 4:26:51 PM GMT+5:30 [Modules] Streaming discord_voice@1 to /home/ithihas/.config/discord/0.0.88/modules/pending/discord_voice-1.zip: 90%
3/16/2025, 4:26:52 PM GMT+5:30 [Modules] Streaming discord_voice@1 to /home/ithihas/.config/discord/0.0.88/modules/pending/discord_voice-1.zip: 91%
3/16/2025, 4:26:52 PM GMT+5:30 [Modules] Streaming discord_voice@1 to /home/ithihas/.config/discord/0.0.88/modules/pending/discord_voice-1.zip: 92%
3/16/2025, 4:26:52 PM GMT+5:30 [Modules] Streaming discord_voice@1 to /home/ithihas/.config/discord/0.0.88/modules/pending/discord_voice-1.zip: 93%
3/16/2025, 4:26:52 PM GMT+5:30 [Modules] Streaming discord_voice@1 to /home/ithihas/.config/discord/0.0.88/modules/pending/discord_voice-1.zip: 94%
3/16/2025, 4:26:52 PM GMT+5:30 [Modules] Streaming discord_voice@1 to /home/ithihas/.config/discord/0.0.88/modules/pending/discord_voice-1.zip: 95%
3/16/2025, 4:26:52 PM GMT+5:30 [Modules] Streaming discord_voice@1 to /home/ithihas/.config/discord/0.0.88/modules/pending/discord_voice-1.zip: 96%
3/16/2025, 4:26:52 PM GMT+5:30 [Modules] Streaming discord_voice@1 to /home/ithihas/.config/discord/0.0.88/modules/pending/discord_voice-1.zip: 97%
3/16/2025, 4:26:52 PM GMT+5:30 [Modules] Streaming discord_voice@1 to /home/ithihas/.config/discord/0.0.88/modules/pending/discord_voice-1.zip: 98%
3/16/2025, 4:26:52 PM GMT+5:30 [Modules] Streaming discord_voice@1 to /home/ithihas/.config/discord/0.0.88/modules/pending/discord_voice-1.zip: 99%
3/16/2025, 4:26:52 PM GMT+5:30 [Modules] Streaming discord_voice@1 to /home/ithihas/.config/discord/0.0.88/modules/pending/discord_voice-1.zip: 100%
3/16/2025, 4:26:52 PM GMT+5:30 [Modules] Fetching discord_zstd@1 from https://discord.com/api/modules/stable/discord_zstd/1
3/16/2025, 4:26:52 PM GMT+5:30 [Modules] Streaming discord_zstd@1 to /home/ithihas/.config/discord/0.0.88/modules/pending/discord_zstd-1.zip
3/16/2025, 4:26:52 PM GMT+5:30 [Modules] Streaming discord_zstd@1 to /home/ithihas/.config/discord/0.0.88/modules/pending/discord_zstd-1.zip: 17%
3/16/2025, 4:26:52 PM GMT+5:30 [Modules] Streaming discord_zstd@1 to /home/ithihas/.config/discord/0.0.88/modules/pending/discord_zstd-1.zip: 38%
3/16/2025, 4:26:52 PM GMT+5:30 [Modules] Streaming discord_zstd@1 to /home/ithihas/.config/discord/0.0.88/modules/pending/discord_zstd-1.zip: 51%
3/16/2025, 4:26:52 PM GMT+5:30 [Modules] Streaming discord_zstd@1 to /home/ithihas/.config/discord/0.0.88/modules/pending/discord_zstd-1.zip: 63%
3/16/2025, 4:26:52 PM GMT+5:30 [Modules] Streaming discord_zstd@1 to /home/ithihas/.config/discord/0.0.88/modules/pending/discord_zstd-1.zip: 81%
3/16/2025, 4:26:52 PM GMT+5:30 [Modules] Streaming discord_zstd@1 to /home/ithihas/.config/discord/0.0.88/modules/pending/discord_zstd-1.zip: 98%
3/16/2025, 4:26:52 PM GMT+5:30 [Modules] Streaming discord_zstd@1 to /home/ithihas/.config/discord/0.0.88/modules/pending/discord_zstd-1.zip: 100%
3/16/2025, 4:26:52 PM GMT+5:30 [Modules] Finished module downloads. [success: 6] [failure: 0]
3/16/2025, 4:26:52 PM GMT+5:30 [Modules] Installing updates...
3/16/2025, 4:26:52 PM GMT+5:30 [Modules] Installing discord_desktop_core@1 from /home/ithihas/.config/discord/0.0.88/modules/pending/discord_desktop_core-1.zip
3/16/2025, 4:26:53 PM GMT+5:30 [Modules] Installing discord_erlpack@1 from /home/ithihas/.config/discord/0.0.88/modules/pending/discord_erlpack-1.zip
3/16/2025, 4:26:53 PM GMT+5:30 [Modules] Installing discord_spellcheck@1 from /home/ithihas/.config/discord/0.0.88/modules/pending/discord_spellcheck-1.zip
3/16/2025, 4:26:56 PM GMT+5:30 [Modules] Installing discord_utils@1 from /home/ithihas/.config/discord/0.0.88/modules/pending/discord_utils-1.zip
3/16/2025, 4:26:56 PM GMT+5:30 [Modules] Installing discord_voice@1 from /home/ithihas/.config/discord/0.0.88/modules/pending/discord_voice-1.zip
3/16/2025, 4:26:58 PM GMT+5:30 [Modules] Installing discord_zstd@1 from /home/ithihas/.config/discord/0.0.88/modules/pending/discord_zstd-1.zip
3/16/2025, 4:26:58 PM GMT+5:30 [Modules] Finished module installations. [success: 6] [failure: 0]
3/16/2025, 4:26:58 PM GMT+5:30 [Modules] Checking for host updates.
3/16/2025, 4:26:59 PM GMT+5:30 [Modules] Host is up to date.
3/16/2025, 4:26:59 PM GMT+5:30 [Modules] Checking for module updates at https://discord.com/api/modules/stable/versions.json
3/16/2025, 4:26:59 PM GMT+5:30 [Modules] No module updates available.
3/16/2025, 4:27:03 PM GMT+5:30 [Modules] Starting to install discord_krisp...
3/16/2025, 4:27:03 PM GMT+5:30 [Modules] Fetching discord_krisp@1 from https://discord.com/api/modules/stable/discord_krisp/1
3/16/2025, 4:27:03 PM GMT+5:30 [Modules] Streaming discord_krisp@1 to /home/ithihas/.config/discord/0.0.88/modules/pending/discord_krisp-1.zip
3/16/2025, 4:27:03 PM GMT+5:30 [Modules] Starting to install discord_game_utils...
3/16/2025, 4:27:04 PM GMT+5:30 [Modules] Streaming discord_krisp@1 to /home/ithihas/.config/discord/0.0.88/modules/pending/discord_krisp-1.zip: 1%
3/16/2025, 4:27:04 PM GMT+5:30 [Modules] Streaming discord_krisp@1 to /home/ithihas/.config/discord/0.0.88/modules/pending/discord_krisp-1.zip: 2%
3/16/2025, 4:27:04 PM GMT+5:30 [Modules] Streaming discord_krisp@1 to /home/ithihas/.config/discord/0.0.88/modules/pending/discord_krisp-1.zip: 3%
3/16/2025, 4:27:04 PM GMT+5:30 [Modules] Streaming discord_krisp@1 to /home/ithihas/.config/discord/0.0.88/modules/pending/discord_krisp-1.zip: 4%
3/16/2025, 4:27:04 PM GMT+5:30 [Modules] Streaming discord_krisp@1 to /home/ithihas/.config/discord/0.0.88/modules/pending/discord_krisp-1.zip: 5%
3/16/2025, 4:27:04 PM GMT+5:30 [Modules] Streaming discord_krisp@1 to /home/ithihas/.config/discord/0.0.88/modules/pending/discord_krisp-1.zip: 6%
3/16/2025, 4:27:04 PM GMT+5:30 [Modules] Streaming discord_krisp@1 to /home/ithihas/.config/discord/0.0.88/modules/pending/discord_krisp-1.zip: 7%
3/16/2025, 4:27:04 PM GMT+5:30 [Modules] Streaming discord_krisp@1 to /home/ithihas/.config/discord/0.0.88/modules/pending/discord_krisp-1.zip: 8%
3/16/2025, 4:27:04 PM GMT+5:30 [Modules] Streaming discord_krisp@1 to /home/ithihas/.config/discord/0.0.88/modules/pending/discord_krisp-1.zip: 9%
3/16/2025, 4:27:04 PM GMT+5:30 [Modules] Streaming discord_krisp@1 to /home/ithihas/.config/discord/0.0.88/modules/pending/discord_krisp-1.zip: 10%
3/16/2025, 4:27:04 PM GMT+5:30 [Modules] Streaming discord_krisp@1 to /home/ithihas/.config/discord/0.0.88/modules/pending/discord_krisp-1.zip: 11%
3/16/2025, 4:27:04 PM GMT+5:30 [Modules] Streaming discord_krisp@1 to /home/ithihas/.config/discord/0.0.88/modules/pending/discord_krisp-1.zip: 13%
3/16/2025, 4:27:05 PM GMT+5:30 [Modules] Streaming discord_krisp@1 to /home/ithihas/.config/discord/0.0.88/modules/pending/discord_krisp-1.zip: 16%
3/16/2025, 4:27:05 PM GMT+5:30 [Modules] Streaming discord_krisp@1 to /home/ithihas/.config/discord/0.0.88/modules/pending/discord_krisp-1.zip: 20%
3/16/2025, 4:27:05 PM GMT+5:30 [Modules] Streaming discord_krisp@1 to /home/ithihas/.config/discord/0.0.88/modules/pending/discord_krisp-1.zip: 25%
3/16/2025, 4:27:05 PM GMT+5:30 [Modules] Streaming discord_krisp@1 to /home/ithihas/.config/discord/0.0.88/modules/pending/discord_krisp-1.zip: 26%
3/16/2025, 4:27:05 PM GMT+5:30 [Modules] Streaming discord_krisp@1 to /home/ithihas/.config/discord/0.0.88/modules/pending/discord_krisp-1.zip: 27%
3/16/2025, 4:27:05 PM GMT+5:30 [Modules] Streaming discord_krisp@1 to /home/ithihas/.config/discord/0.0.88/modules/pending/discord_krisp-1.zip: 28%
3/16/2025, 4:27:05 PM GMT+5:30 [Modules] Streaming discord_krisp@1 to /home/ithihas/.config/discord/0.0.88/modules/pending/discord_krisp-1.zip: 29%
3/16/2025, 4:27:05 PM GMT+5:30 [Modules] Streaming discord_krisp@1 to /home/ithihas/.config/discord/0.0.88/modules/pending/discord_krisp-1.zip: 30%
3/16/2025, 4:27:05 PM GMT+5:30 [Modules] Streaming discord_krisp@1 to /home/ithihas/.config/discord/0.0.88/modules/pending/discord_krisp-1.zip: 31%
3/16/2025, 4:27:05 PM GMT+5:30 [Modules] Streaming discord_krisp@1 to /home/ithihas/.config/discord/0.0.88/modules/pending/discord_krisp-1.zip: 32%
3/16/2025, 4:27:05 PM GMT+5:30 [Modules] Streaming discord_krisp@1 to /home/ithihas/.config/discord/0.0.88/modules/pending/discord_krisp-1.zip: 33%
3/16/2025, 4:27:05 PM GMT+5:30 [Modules] Streaming discord_krisp@1 to /home/ithihas/.config/discord/0.0.88/modules/pending/discord_krisp-1.zip: 34%
3/16/2025, 4:27:05 PM GMT+5:30 [Modules] Streaming discord_krisp@1 to /home/ithihas/.config/discord/0.0.88/modules/pending/discord_krisp-1.zip: 35%
3/16/2025, 4:27:05 PM GMT+5:30 [Modules] Streaming discord_krisp@1 to /home/ithihas/.config/discord/0.0.88/modules/pending/discord_krisp-1.zip: 36%
3/16/2025, 4:27:05 PM GMT+5:30 [Modules] Streaming discord_krisp@1 to /home/ithihas/.config/discord/0.0.88/modules/pending/discord_krisp-1.zip: 37%
3/16/2025, 4:27:05 PM GMT+5:30 [Modules] Streaming discord_krisp@1 to /home/ithihas/.config/discord/0.0.88/modules/pending/discord_krisp-1.zip: 38%
3/16/2025, 4:27:05 PM GMT+5:30 [Modules] Streaming discord_krisp@1 to /home/ithihas/.config/discord/0.0.88/modules/pending/discord_krisp-1.zip: 39%
3/16/2025, 4:27:06 PM GMT+5:30 [Modules] Streaming discord_krisp@1 to /home/ithihas/.config/discord/0.0.88/modules/pending/discord_krisp-1.zip: 41%
3/16/2025, 4:27:06 PM GMT+5:30 [Modules] Streaming discord_krisp@1 to /home/ithihas/.config/discord/0.0.88/modules/pending/discord_krisp-1.zip: 42%
3/16/2025, 4:27:06 PM GMT+5:30 [Modules] Streaming discord_krisp@1 to /home/ithihas/.config/discord/0.0.88/modules/pending/discord_krisp-1.zip: 43%
3/16/2025, 4:27:06 PM GMT+5:30 [Modules] Streaming discord_krisp@1 to /home/ithihas/.config/discord/0.0.88/modules/pending/discord_krisp-1.zip: 44%
3/16/2025, 4:27:06 PM GMT+5:30 [Modules] Streaming discord_krisp@1 to /home/ithihas/.config/discord/0.0.88/modules/pending/discord_krisp-1.zip: 45%
3/16/2025, 4:27:06 PM GMT+5:30 [Modules] Streaming discord_krisp@1 to /home/ithihas/.config/discord/0.0.88/modules/pending/discord_krisp-1.zip: 46%
3/16/2025, 4:27:06 PM GMT+5:30 [Modules] Streaming discord_krisp@1 to /home/ithihas/.config/discord/0.0.88/modules/pending/discord_krisp-1.zip: 47%
3/16/2025, 4:27:06 PM GMT+5:30 [Modules] Streaming discord_krisp@1 to /home/ithihas/.config/discord/0.0.88/modules/pending/discord_krisp-1.zip: 48%
3/16/2025, 4:27:06 PM GMT+5:30 [Modules] Streaming discord_krisp@1 to /home/ithihas/.config/discord/0.0.88/modules/pending/discord_krisp-1.zip: 49%
3/16/2025, 4:27:06 PM GMT+5:30 [Modules] Streaming discord_krisp@1 to /home/ithihas/.config/discord/0.0.88/modules/pending/discord_krisp-1.zip: 50%
3/16/2025, 4:27:06 PM GMT+5:30 [Modules] Streaming discord_krisp@1 to /home/ithihas/.config/discord/0.0.88/modules/pending/discord_krisp-1.zip: 51%
3/16/2025, 4:27:06 PM GMT+5:30 [Modules] Streaming discord_krisp@1 to /home/ithihas/.config/discord/0.0.88/modules/pending/discord_krisp-1.zip: 52%
3/16/2025, 4:27:06 PM GMT+5:30 [Modules] Streaming discord_krisp@1 to /home/ithihas/.config/discord/0.0.88/modules/pending/discord_krisp-1.zip: 53%
3/16/2025, 4:27:06 PM GMT+5:30 [Modules] Streaming discord_krisp@1 to /home/ithihas/.config/discord/0.0.88/modules/pending/discord_krisp-1.zip: 54%
3/16/2025, 4:27:06 PM GMT+5:30 [Modules] Streaming discord_krisp@1 to /home/ithihas/.config/discord/0.0.88/modules/pending/discord_krisp-1.zip: 55%
3/16/2025, 4:27:06 PM GMT+5:30 [Modules] Streaming discord_krisp@1 to /home/ithihas/.config/discord/0.0.88/modules/pending/discord_krisp-1.zip: 56%
3/16/2025, 4:27:06 PM GMT+5:30 [Modules] Streaming discord_krisp@1 to /home/ithihas/.config/discord/0.0.88/modules/pending/discord_krisp-1.zip: 57%
3/16/2025, 4:27:06 PM GMT+5:30 [Modules] Streaming discord_krisp@1 to /home/ithihas/.config/discord/0.0.88/modules/pending/discord_krisp-1.zip: 58%
3/16/2025, 4:27:06 PM GMT+5:30 [Modules] Streaming discord_krisp@1 to /home/ithihas/.config/discord/0.0.88/modules/pending/discord_krisp-1.zip: 59%
3/16/2025, 4:27:06 PM GMT+5:30 [Modules] Streaming discord_krisp@1 to /home/ithihas/.config/discord/0.0.88/modules/pending/discord_krisp-1.zip: 60%
3/16/2025, 4:27:06 PM GMT+5:30 [Modules] Streaming discord_krisp@1 to /home/ithihas/.config/discord/0.0.88/modules/pending/discord_krisp-1.zip: 61%
3/16/2025, 4:27:06 PM GMT+5:30 [Modules] Streaming discord_krisp@1 to /home/ithihas/.config/discord/0.0.88/modules/pending/discord_krisp-1.zip: 62%
3/16/2025, 4:27:06 PM GMT+5:30 [Modules] Streaming discord_krisp@1 to /home/ithihas/.config/discord/0.0.88/modules/pending/discord_krisp-1.zip: 63%
3/16/2025, 4:27:06 PM GMT+5:30 [Modules] Streaming discord_krisp@1 to /home/ithihas/.config/discord/0.0.88/modules/pending/discord_krisp-1.zip: 67%
3/16/2025, 4:27:06 PM GMT+5:30 [Modules] Streaming discord_krisp@1 to /home/ithihas/.config/discord/0.0.88/modules/pending/discord_krisp-1.zip: 69%
3/16/2025, 4:27:06 PM GMT+5:30 [Modules] Streaming discord_krisp@1 to /home/ithihas/.config/discord/0.0.88/modules/pending/discord_krisp-1.zip: 71%
3/16/2025, 4:27:06 PM GMT+5:30 [Modules] Streaming discord_krisp@1 to /home/ithihas/.config/discord/0.0.88/modules/pending/discord_krisp-1.zip: 72%
3/16/2025, 4:27:06 PM GMT+5:30 [Modules] Streaming discord_krisp@1 to /home/ithihas/.config/discord/0.0.88/modules/pending/discord_krisp-1.zip: 73%
3/16/2025, 4:27:06 PM GMT+5:30 [Modules] Streaming discord_krisp@1 to /home/ithihas/.config/discord/0.0.88/modules/pending/discord_krisp-1.zip: 74%
3/16/2025, 4:27:06 PM GMT+5:30 [Modules] Streaming discord_krisp@1 to /home/ithihas/.config/discord/0.0.88/modules/pending/discord_krisp-1.zip: 75%
3/16/2025, 4:27:07 PM GMT+5:30 [Modules] Streaming discord_krisp@1 to /home/ithihas/.config/discord/0.0.88/modules/pending/discord_krisp-1.zip: 77%
3/16/2025, 4:27:07 PM GMT+5:30 [Modules] Streaming discord_krisp@1 to /home/ithihas/.config/discord/0.0.88/modules/pending/discord_krisp-1.zip: 78%
3/16/2025, 4:27:07 PM GMT+5:30 [Modules] Streaming discord_krisp@1 to /home/ithihas/.config/discord/0.0.88/modules/pending/discord_krisp-1.zip: 80%
3/16/2025, 4:27:07 PM GMT+5:30 [Modules] Streaming discord_krisp@1 to /home/ithihas/.config/discord/0.0.88/modules/pending/discord_krisp-1.zip: 82%
3/16/2025, 4:27:07 PM GMT+5:30 [Modules] Streaming discord_krisp@1 to /home/ithihas/.config/discord/0.0.88/modules/pending/discord_krisp-1.zip: 83%
3/16/2025, 4:27:07 PM GMT+5:30 [Modules] Streaming discord_krisp@1 to /home/ithihas/.config/discord/0.0.88/modules/pending/discord_krisp-1.zip: 84%
3/16/2025, 4:27:07 PM GMT+5:30 [Modules] Streaming discord_krisp@1 to /home/ithihas/.config/discord/0.0.88/modules/pending/discord_krisp-1.zip: 85%
3/16/2025, 4:27:07 PM GMT+5:30 [Modules] Streaming discord_krisp@1 to /home/ithihas/.config/discord/0.0.88/modules/pending/discord_krisp-1.zip: 86%
3/16/2025, 4:27:07 PM GMT+5:30 [Modules] Streaming discord_krisp@1 to /home/ithihas/.config/discord/0.0.88/modules/pending/discord_krisp-1.zip: 87%
3/16/2025, 4:27:07 PM GMT+5:30 [Modules] Streaming discord_krisp@1 to /home/ithihas/.config/discord/0.0.88/modules/pending/discord_krisp-1.zip: 88%
3/16/2025, 4:27:07 PM GMT+5:30 [Modules] Streaming discord_krisp@1 to /home/ithihas/.config/discord/0.0.88/modules/pending/discord_krisp-1.zip: 89%
3/16/2025, 4:27:07 PM GMT+5:30 [Modules] Streaming discord_krisp@1 to /home/ithihas/.config/discord/0.0.88/modules/pending/discord_krisp-1.zip: 90%
3/16/2025, 4:27:07 PM GMT+5:30 [Modules] Streaming discord_krisp@1 to /home/ithihas/.config/discord/0.0.88/modules/pending/discord_krisp-1.zip: 91%
3/16/2025, 4:27:07 PM GMT+5:30 [Modules] Streaming discord_krisp@1 to /home/ithihas/.config/discord/0.0.88/modules/pending/discord_krisp-1.zip: 92%
3/16/2025, 4:27:07 PM GMT+5:30 [Modules] Streaming discord_krisp@1 to /home/ithihas/.config/discord/0.0.88/modules/pending/discord_krisp-1.zip: 93%
3/16/2025, 4:27:07 PM GMT+5:30 [Modules] Streaming discord_krisp@1 to /home/ithihas/.config/discord/0.0.88/modules/pending/discord_krisp-1.zip: 95%
3/16/2025, 4:27:07 PM GMT+5:30 [Modules] Streaming discord_krisp@1 to /home/ithihas/.config/discord/0.0.88/modules/pending/discord_krisp-1.zip: 98%
3/16/2025, 4:27:07 PM GMT+5:30 [Modules] Streaming discord_krisp@1 to /home/ithihas/.config/discord/0.0.88/modules/pending/discord_krisp-1.zip: 100%
3/16/2025, 4:27:08 PM GMT+5:30 [Modules] Fetching discord_game_utils@1 from https://discord.com/api/modules/stable/discord_game_utils/1
3/16/2025, 4:27:08 PM GMT+5:30 [Modules] Streaming discord_game_utils@1 to /home/ithihas/.config/discord/0.0.88/modules/pending/discord_game_utils-1.zip
3/16/2025, 4:27:08 PM GMT+5:30 [Modules] Installing discord_krisp@1 from /home/ithihas/.config/discord/0.0.88/modules/pending/discord_krisp-1.zip
3/16/2025, 4:27:08 PM GMT+5:30 [Modules] Streaming discord_game_utils@1 to /home/ithihas/.config/discord/0.0.88/modules/pending/discord_game_utils-1.zip: 2%
3/16/2025, 4:27:08 PM GMT+5:30 [Modules] Streaming discord_game_utils@1 to /home/ithihas/.config/discord/0.0.88/modules/pending/discord_game_utils-1.zip: 7%
3/16/2025, 4:27:08 PM GMT+5:30 [Modules] Streaming discord_game_utils@1 to /home/ithihas/.config/discord/0.0.88/modules/pending/discord_game_utils-1.zip: 9%
3/16/2025, 4:27:08 PM GMT+5:30 [Modules] Streaming discord_game_utils@1 to /home/ithihas/.config/discord/0.0.88/modules/pending/discord_game_utils-1.zip: 12%
3/16/2025, 4:27:08 PM GMT+5:30 [Modules] Streaming discord_game_utils@1 to /home/ithihas/.config/discord/0.0.88/modules/pending/discord_game_utils-1.zip: 15%
3/16/2025, 4:27:08 PM GMT+5:30 [Modules] Streaming discord_game_utils@1 to /home/ithihas/.config/discord/0.0.88/modules/pending/discord_game_utils-1.zip: 19%
3/16/2025, 4:27:08 PM GMT+5:30 [Modules] Streaming discord_game_utils@1 to /home/ithihas/.config/discord/0.0.88/modules/pending/discord_game_utils-1.zip: 21%
3/16/2025, 4:27:08 PM GMT+5:30 [Modules] Streaming discord_game_utils@1 to /home/ithihas/.config/discord/0.0.88/modules/pending/discord_game_utils-1.zip: 23%
3/16/2025, 4:27:08 PM GMT+5:30 [Modules] Streaming discord_game_utils@1 to /home/ithihas/.config/discord/0.0.88/modules/pending/discord_game_utils-1.zip: 25%
3/16/2025, 4:27:08 PM GMT+5:30 [Modules] Streaming discord_game_utils@1 to /home/ithihas/.config/discord/0.0.88/modules/pending/discord_game_utils-1.zip: 28%
3/16/2025, 4:27:08 PM GMT+5:30 [Modules] Streaming discord_game_utils@1 to /home/ithihas/.config/discord/0.0.88/modules/pending/discord_game_utils-1.zip: 30%
3/16/2025, 4:27:08 PM GMT+5:30 [Modules] Streaming discord_game_utils@1 to /home/ithihas/.config/discord/0.0.88/modules/pending/discord_game_utils-1.zip: 32%
3/16/2025, 4:27:08 PM GMT+5:30 [Modules] Streaming discord_game_utils@1 to /home/ithihas/.config/discord/0.0.88/modules/pending/discord_game_utils-1.zip: 36%
3/16/2025, 4:27:08 PM GMT+5:30 [Modules] Streaming discord_game_utils@1 to /home/ithihas/.config/discord/0.0.88/modules/pending/discord_game_utils-1.zip: 39%
3/16/2025, 4:27:08 PM GMT+5:30 [Modules] Streaming discord_game_utils@1 to /home/ithihas/.config/discord/0.0.88/modules/pending/discord_game_utils-1.zip: 42%
3/16/2025, 4:27:08 PM GMT+5:30 [Modules] Streaming discord_game_utils@1 to /home/ithihas/.config/discord/0.0.88/modules/pending/discord_game_utils-1.zip: 44%
3/16/2025, 4:27:08 PM GMT+5:30 [Modules] Streaming discord_game_utils@1 to /home/ithihas/.config/discord/0.0.88/modules/pending/discord_game_utils-1.zip: 47%
3/16/2025, 4:27:08 PM GMT+5:30 [Modules] Streaming discord_game_utils@1 to /home/ithihas/.config/discord/0.0.88/modules/pending/discord_game_utils-1.zip: 49%
3/16/2025, 4:27:08 PM GMT+5:30 [Modules] Streaming discord_game_utils@1 to /home/ithihas/.config/discord/0.0.88/modules/pending/discord_game_utils-1.zip: 54%
3/16/2025, 4:27:08 PM GMT+5:30 [Modules] Streaming discord_game_utils@1 to /home/ithihas/.config/discord/0.0.88/modules/pending/discord_game_utils-1.zip: 64%
3/16/2025, 4:27:08 PM GMT+5:30 [Modules] Streaming discord_game_utils@1 to /home/ithihas/.config/discord/0.0.88/modules/pending/discord_game_utils-1.zip: 66%
3/16/2025, 4:27:08 PM GMT+5:30 [Modules] Streaming discord_game_utils@1 to /home/ithihas/.config/discord/0.0.88/modules/pending/discord_game_utils-1.zip: 67%
3/16/2025, 4:27:08 PM GMT+5:30 [Modules] Streaming discord_game_utils@1 to /home/ithihas/.config/discord/0.0.88/modules/pending/discord_game_utils-1.zip: 69%
3/16/2025, 4:27:08 PM GMT+5:30 [Modules] Streaming discord_game_utils@1 to /home/ithihas/.config/discord/0.0.88/modules/pending/discord_game_utils-1.zip: 70%
3/16/2025, 4:27:08 PM GMT+5:30 [Modules] Streaming discord_game_utils@1 to /home/ithihas/.config/discord/0.0.88/modules/pending/discord_game_utils-1.zip: 74%
3/16/2025, 4:27:08 PM GMT+5:30 [Modules] Streaming discord_game_utils@1 to /home/ithihas/.config/discord/0.0.88/modules/pending/discord_game_utils-1.zip: 75%
3/16/2025, 4:27:08 PM GMT+5:30 [Modules] Streaming discord_game_utils@1 to /home/ithihas/.config/discord/0.0.88/modules/pending/discord_game_utils-1.zip: 76%
3/16/2025, 4:27:08 PM GMT+5:30 [Modules] Streaming discord_game_utils@1 to /home/ithihas/.config/discord/0.0.88/modules/pending/discord_game_utils-1.zip: 77%
3/16/2025, 4:27:08 PM GMT+5:30 [Modules] Streaming discord_game_utils@1 to /home/ithihas/.config/discord/0.0.88/modules/pending/discord_game_utils-1.zip: 78%
3/16/2025, 4:27:08 PM GMT+5:30 [Modules] Streaming discord_game_utils@1 to /home/ithihas/.config/discord/0.0.88/modules/pending/discord_game_utils-1.zip: 79%
3/16/2025, 4:27:08 PM GMT+5:30 [Modules] Streaming discord_game_utils@1 to /home/ithihas/.config/discord/0.0.88/modules/pending/discord_game_utils-1.zip: 81%
3/16/2025, 4:27:08 PM GMT+5:30 [Modules] Streaming discord_game_utils@1 to /home/ithihas/.config/discord/0.0.88/modules/pending/discord_game_utils-1.zip: 83%
3/16/2025, 4:27:08 PM GMT+5:30 [Modules] Streaming discord_game_utils@1 to /home/ithihas/.config/discord/0.0.88/modules/pending/discord_game_utils-1.zip: 84%
3/16/2025, 4:27:08 PM GMT+5:30 [Modules] Streaming discord_game_utils@1 to /home/ithihas/.config/discord/0.0.88/modules/pending/discord_game_utils-1.zip: 85%
3/16/2025, 4:27:08 PM GMT+5:30 [Modules] Streaming discord_game_utils@1 to /home/ithihas/.config/discord/0.0.88/modules/pending/discord_game_utils-1.zip: 86%
3/16/2025, 4:27:08 PM GMT+5:30 [Modules] Streaming discord_game_utils@1 to /home/ithihas/.config/discord/0.0.88/modules/pending/discord_game_utils-1.zip: 88%
3/16/2025, 4:27:08 PM GMT+5:30 [Modules] Streaming discord_game_utils@1 to /home/ithihas/.config/discord/0.0.88/modules/pending/discord_game_utils-1.zip: 90%
3/16/2025, 4:27:09 PM GMT+5:30 [Modules] Streaming discord_game_utils@1 to /home/ithihas/.config/discord/0.0.88/modules/pending/discord_game_utils-1.zip: 95%
3/16/2025, 4:27:09 PM GMT+5:30 [Modules] Streaming discord_game_utils@1 to /home/ithihas/.config/discord/0.0.88/modules/pending/discord_game_utils-1.zip: 98%
3/16/2025, 4:27:09 PM GMT+5:30 [Modules] Streaming discord_game_utils@1 to /home/ithihas/.config/discord/0.0.88/modules/pending/discord_game_utils-1.zip: 100%
3/16/2025, 4:27:09 PM GMT+5:30 [Modules] Finished module downloads. [success: 2] [failure: 0]
3/16/2025, 4:27:09 PM GMT+5:30 [Modules] Checking for host updates.
3/16/2025, 4:27:09 PM GMT+5:30 [Modules] Starting to install discord_rpc...
3/16/2025, 4:27:09 PM GMT+5:30 [Modules] Fetching discord_rpc@1 from https://discord.com/api/modules/stable/discord_rpc/1
3/16/2025, 4:27:09 PM GMT+5:30 [Modules] Streaming discord_rpc@1 to /home/ithihas/.config/discord/0.0.88/modules/pending/discord_rpc-1.zip
3/16/2025, 4:27:09 PM GMT+5:30 [Modules] Host is up to date.
3/16/2025, 4:27:09 PM GMT+5:30 [Modules] Checking for module updates at https://discord.com/api/modules/stable/versions.json
3/16/2025, 4:27:09 PM GMT+5:30 [Modules] No module updates available.
3/16/2025, 4:27:10 PM GMT+5:30 [Modules] Streaming discord_rpc@1 to /home/ithihas/.config/discord/0.0.88/modules/pending/discord_rpc-1.zip: 100%
3/16/2025, 4:27:10 PM GMT+5:30 [Modules] Finished module downloads. [success: 1] [failure: 0]
3/16/2025, 4:27:12 PM GMT+5:30 [Modules] Installing discord_game_utils@1 from /home/ithihas/.config/discord/0.0.88/modules/pending/discord_game_utils-1.zip
3/16/2025, 4:27:12 PM GMT+5:30 [Modules] Installing discord_rpc@1 from /home/ithihas/.config/discord/0.0.88/modules/pending/discord_rpc-1.zip
3/16/2025, 4:27:12 PM GMT+5:30 [Modules] Finished module installations. [success: 3] [failure: 0]
